departamento,municipio,departamento_nombre,municipio_nombre,potencial,total_votos_mmv,votos_validos,voto_blanco,voto_nulo,no_marcados,abstencion_estimada,bolsa_indefinida,ganador,codigo_ganador,votos_ganador,pct_validos_ganador,segundo,codigo_segundo,votos_segundo,pct_validos_segundo,margen_votos,margen_pp,categoria_territorial
1,1,ANTIOQUIA,MEDELLIN,1806563.0,1241123,1227731,23454,11100,2292,565440.0,602286.0,ABELARDO DE LA ESPRIELLA,4,676358,0.5509008080760363,IVAN CEPEDA,1.0,300729.0,0.244946979427904,375629.0,0.3059538286481322,CONSOLIDADO
1,4,ANTIOQUIA,ABEJORRAL,15398.0,7590,7472,113,65,53,7808.0,8039.0,ABELARDO DE LA ESPRIELLA,4,4191,0.5608940042826552,PALOMA VALENCIA,11.0,1635.0,0.2188169164882226,2556.0,0.3420770877944326,CONSOLIDADO
1,7,ANTIOQUIA,ABRIAQUI,2029.0,1097,1077,16,18,2,932.0,968.0,ABELARDO DE LA ESPRIELLA,4,592,0.5496750232126276,PALOMA VALENCIA,11.0,319.0,0.2961931290622098,273.0,0.2534818941504178,VENTAJA_DEFENDIBLE
1,10,ANTIOQUIA,ALEJANDRIA,4743.0,2760,2724,30,14,22,1983.0,2049.0,ABELARDO DE LA ESPRIELLA,4,1811,0.6648311306901615,IVAN CEPEDA,1.0,389.0,0.1428046989720998,1422.0,0.5220264317180616,CONSOLIDADO
1,13,ANTIOQUIA,AMAGA,24772.0,13229,12966,331,211,52,11543.0,12137.0,ABELARDO DE LA ESPRIELLA,4,6531,0.503701989819528,IVAN CEPEDA,1.0,3882.0,0.2993984266543267,2649.0,0.2043035631652012,CONSOLIDADO
1,16,ANTIOQUIA,AMALFI,19004.0,6760,6657,232,66,37,12244.0,12579.0,ABELARDO DE LA ESPRIELLA,4,4087,0.6139402133092985,IVAN CEPEDA,1.0,1140.0,0.1712483100495719,2947.0,0.4426919032597266,CONSOLIDADO
1,19,ANTIOQUIA,ANDES,36323.0,17719,17551,246,117,51,18604.0,19018.0,ABELARDO DE LA ESPRIELLA,4,10148,0.5782006723263632,PALOMA VALENCIA,11.0,3583.0,0.2041479117998974,6565.0,0.3740527605264657,CONSOLIDADO
1,22,ANTIOQUIA,ANGELOPOLIS,5986.0,2955,2899,65,39,17,3031.0,3152.0,ABELARDO DE LA ESPRIELLA,4,1619,0.5584684373922042,IVAN CEPEDA,1.0,544.0,0.1876509141083132,1075.0,0.3708175232838909,CONSOLIDADO
1,25,ANTIOQUIA,ANGOSTURA,9462.0,3667,3478,128,116,73,5795.0,6112.0,ABELARDO DE LA ESPRIELLA,4,1816,0.5221391604370328,PALOMA VALENCIA,11.0,600.0,0.1725129384703853,1216.0,0.3496262219666475,CONSOLIDADO
1,28,ANTIOQUIA,ANORI,13703.0,3813,3758,143,26,29,9890.0,10088.0,ABELARDO DE LA ESPRIELLA,4,1811,0.4819052687599787,IVAN CEPEDA,1.0,1275.0,0.3392762107503991,536.0,0.1426290580095795,VENTAJA_DEFENDIBLE
1,31,ANTIOQUIA,ANTIOQUIA,24438.0,12290,12060,318,160,70,12148.0,12696.0,ABELARDO DE LA ESPRIELLA,4,5907,0.4898009950248756,IVAN CEPEDA,1.0,3261.0,0.2703980099502487,2646.0,0.2194029850746268,VENTAJA_DEFENDIBLE
1,34,ANTIOQUIA,ANZA,6689.0,2953,2901,47,23,29,3736.0,3835.0,ABELARDO DE LA ESPRIELLA,4,1811,0.6242674939675974,PALOMA VALENCIA,11.0,463.0,0.1596001378834884,1348.0,0.4646673560841089,CONSOLIDADO
1,35,ANTIOQUIA,APARTADO,109813.0,54916,54380,1389,403,133,54897.0,56822.0,IVAN CEPEDA,1,32102,0.5903273262228761,ABELARDO DE LA ESPRIELLA,4.0,16661.0,0.3063810224347186,15441.0,0.2839463037881574,CONSOLIDADO
1,37,ANTIOQUIA,ARBOLETES,23451.0,9852,9773,93,42,37,13599.0,13771.0,ABELARDO DE LA ESPRIELLA,4,4837,0.4949350250690678,IVAN CEPEDA,1.0,4120.0,0.4215696306149595,717.0,0.0733653944541082,RESERVA_DEFINIBLE
1,39,ANTIOQUIA,ARGELIA,6827.0,3202,3164,41,18,20,3625.0,3704.0,ABELARDO DE LA ESPRIELLA,4,1946,0.6150442477876106,PALOMA VALENCIA,11.0,670.0,0.2117572692793931,1276.0,0.4032869785082174,CONSOLIDADO
1,40,ANTIOQUIA,ARMENIA,4586.0,2305,2256,33,24,25,2281.0,2363.0,ABELARDO DE LA ESPRIELLA,4,1311,0.5811170212765957,IVAN CEPEDA,1.0,400.0,0.1773049645390071,911.0,0.4038120567375886,CONSOLIDADO
1,43,ANTIOQUIA,BARBOSA,46982.0,24555,23983,684,467,105,22427.0,23683.0,ABELARDO DE LA ESPRIELLA,4,11617,0.4843847725472209,IVAN CEPEDA,1.0,6929.0,0.2889129800275195,4688.0,0.1954717925197014,VENTAJA_DEFENDIBLE
1,46,ANTIOQUIA,BELMIRA,5419.0,2771,2729,69,26,16,2648.0,2759.0,ABELARDO DE LA ESPRIELLA,4,1611,0.5903261267863686,PALOMA VALENCIA,11.0,448.0,0.1641626969585929,1163.0,0.4261634298277758,CONSOLIDADO
1,49,ANTIOQUIA,BELLO,379595.0,228294,225626,4627,2323,345,151301.0,158596.0,ABELARDO DE LA ESPRIELLA,4,116690,0.5171833033426999,IVAN CEPEDA,1.0,63055.0,0.2794669054098375,53635.0,0.2377163979328623,CONSOLIDADO
1,52,ANTIOQUIA,BETANIA,8406.0,3661,3617,53,26,18,4745.0,4842.0,ABELARDO DE LA ESPRIELLA,4,2365,0.653856787392867,IVAN CEPEDA,1.0,494.0,0.1365772739839646,1871.0,0.5172795134089024,CONSOLIDADO
1,55,ANTIOQUIA,BETULIA,13811.0,5703,5591,90,60,52,8108.0,8310.0,ABELARDO DE LA ESPRIELLA,4,3581,0.6404936505097478,PALOMA VALENCIA,11.0,960.0,0.1717045251296726,2621.0,0.4687891253800751,CONSOLIDADO
1,58,ANTIOQUIA,BOLIVAR,23887.0,11908,11749,179,111,48,11979.0,12317.0,ABELARDO DE LA ESPRIELLA,4,7523,0.6403098136011576,PALOMA VALENCIA,11.0,1791.0,0.1524385054047153,5732.0,0.4878713081964423,CONSOLIDADO
1,61,ANTIOQUIA,BURITICA,8556.0,3527,3470,107,35,22,5029.0,5193.0,ABELARDO DE LA ESPRIELLA,4,1749,0.5040345821325648,IVAN CEPEDA,1.0,1075.0,0.3097982708933717,674.0,0.194236311239193,VENTAJA_DEFENDIBLE
1,62,ANTIOQUIA,BRICEÑO,6833.0,1888,1816,58,50,22,4945.0,5075.0,ABELARDO DE LA ESPRIELLA,4,1022,0.5627753303964758,IVAN CEPEDA,1.0,437.0,0.2406387665198238,585.0,0.3221365638766519,CONSOLIDADO
1,64,ANTIOQUIA,CACERES,21081.0,6491,6365,152,89,37,14590.0,14868.0,IVAN CEPEDA,1,3635,0.5710919088766693,ABELARDO DE LA ESPRIELLA,4.0,2099.0,0.3297721916732128,1536.0,0.2413197172034564,CONSOLIDADO
1,67,ANTIOQUIA,CAICEDO,7295.0,3096,3008,71,58,30,4199.0,4358.0,ABELARDO DE LA ESPRIELLA,4,1363,0.453125,PALOMA VALENCIA,11.0,832.0,0.2765957446808511,531.0,0.1765292553191489,VENTAJA_DEFENDIBLE
1,70,ANTIOQUIA,CALDAS,73226.0,47528,46595,1124,812,121,25698.0,27755.0,ABELARDO DE LA ESPRIELLA,4,22385,0.4804163536860178,IVAN CEPEDA,1.0,13435.0,0.2883356583324391,8950.0,0.1920806953535787,VENTAJA_DEFENDIBLE
1,73,ANTIOQUIA,CAMPAMENTO,7196.0,2074,2031,64,29,14,5122.0,5229.0,ABELARDO DE LA ESPRIELLA,4,1131,0.5568685376661743,IVAN CEPEDA,1.0,426.0,0.2097488921713441,705.0,0.3471196454948301,CONSOLIDADO
1,76,ANTIOQUIA,CAÑASGORDAS,14948.0,7586,7497,110,50,39,7362.0,7561.0,ABELARDO DE LA ESPRIELLA,4,4258,0.5679605175403495,PALOMA VALENCIA,11.0,1777.0,0.2370281445911698,2481.0,0.3309323729491796,CONSOLIDADO
1,78,ANTIOQUIA,CARACOLI,4855.0,1991,1965,29,15,11,2864.0,2919.0,ABELARDO DE LA ESPRIELLA,4,1129,0.5745547073791348,IVAN CEPEDA,1.0,445.0,0.2264631043256997,684.0,0.3480916030534351,CONSOLIDADO
1,79,ANTIOQUIA,CARAMANTA,4966.0,2420,2385,28,26,9,2546.0,2609.0,ABELARDO DE LA ESPRIELLA,4,1168,0.489727463312369,PALOMA VALENCIA,11.0,659.0,0.2763102725366876,509.0,0.2134171907756814,VENTAJA_DEFENDIBLE
1,80,ANTIOQUIA,CAREPA,49440.0,22386,22103,582,196,87,27054.0,27919.0,IVAN CEPEDA,1,12538,0.5672533140297698,ABELARDO DE LA ESPRIELLA,4.0,7089.0,0.3207256933447948,5449.0,0.2465276206849749,CONSOLIDADO
1,82,ANTIOQUIA,CARMEN DE VIBORAL,47585.0,34724,34268,574,378,78,12861.0,13891.0,ABELARDO DE LA ESPRIELLA,4,19259,0.562011205789658,IVAN CEPEDA,1.0,7719.0,0.2252538811719388,11540.0,0.3367573246177192,CONSOLIDADO
1,85,ANTIOQUIA,CAROLINA,4309.0,2402,2365,43,25,12,1907.0,1987.0,ABELARDO DE LA ESPRIELLA,4,1350,0.5708245243128964,IVAN CEPEDA,1.0,483.0,0.2042283298097251,867.0,0.3665961945031712,CONSOLIDADO
1,88,ANTIOQUIA,CAUCASIA,77720.0,37632,37015,972,477,140,40088.0,41677.0,IVAN CEPEDA,1,18877,0.5099824395515332,ABELARDO DE LA ESPRIELLA,4.0,14390.0,0.3887613129812238,4487.0,0.1212211265703093,VENTAJA_DEFENDIBLE
1,91,ANTIOQUIA,CISNEROS,12820.0,6693,6579,157,86,28,6127.0,6398.0,ABELARDO DE LA ESPRIELLA,4,3523,0.5354917160662714,IVAN CEPEDA,1.0,1639.0,0.249126006991944,1884.0,0.2863657090743273,CONSOLIDADO
1,94,ANTIOQUIA,COCORNA,14802.0,8811,8669,105,68,74,5991.0,6238.0,ABELARDO DE LA ESPRIELLA,4,5912,0.6819702387818665,PALOMA VALENCIA,11.0,1115.0,0.1286192179028723,4797.0,0.5533510208789941,CONSOLIDADO
1,97,ANTIOQUIA,CONCEPCION,4565.0,2761,2720,42,24,17,1804.0,1887.0,ABELARDO DE LA ESPRIELLA,4,1902,0.6992647058823529,PALOMA VALENCIA,11.0,342.0,0.125735294117647,1560.0,0.5735294117647058,CONSOLIDADO
1,100,ANTIOQUIA,CONCORDIA,16331.0,6872,6764,163,66,42,9459.0,9730.0,ABELARDO DE LA ESPRIELLA,4,4234,0.6259609698403311,PALOMA VALENCIA,11.0,1054.0,0.1558249556475458,3180.0,0.4701360141927853,CONSOLIDADO
1,103,ANTIOQUIA,COPACABANA,77843.0,46373,45747,958,557,69,31470.0,33054.0,ABELARDO DE LA ESPRIELLA,4,23129,0.5055850656873675,IVAN CEPEDA,1.0,13240.0,0.2894178853258137,9889.0,0.2161671803615538,CONSOLIDADO
1,106,ANTIOQUIA,CHIGORODO,53621.0,24689,24344,637,244,101,28932.0,29914.0,IVAN CEPEDA,1,13171,0.541036805783766,ABELARDO DE LA ESPRIELLA,4.0,8393.0,0.3447666776207689,4778.0,0.196270128162997,VENTAJA_DEFENDIBLE
1,109,ANTIOQUIA,DABEIBA,20588.0,7842,7702,144,88,52,12746.0,13030.0,ABELARDO DE LA ESPRIELLA,4,3711,0.481822903142041,IVAN CEPEDA,1.0,2923.0,0.3795118151129577,788.0,0.1023110880290833,VENTAJA_DEFENDIBLE
1,112,ANTIOQUIA,DON MATIAS,19227.0,9894,9737,230,115,42,9333.0,9720.0,ABELARDO DE LA ESPRIELLA,4,6501,0.667659443360378,IVAN CEPEDA,1.0,1263.0,0.1297114100852418,5238.0,0.5379480332751361,CONSOLIDADO
1,115,ANTIOQUIA,EBEJICO,11353.0,5640,5542,92,64,34,5713.0,5903.0,ABELARDO DE LA ESPRIELLA,4,3233,0.5833634067123782,IVAN CEPEDA,1.0,946.0,0.1706964994586791,2287.0,0.412666907253699,CONSOLIDADO
1,117,ANTIOQUIA,EL BAGRE,42597.0,13919,13496,414,293,130,28678.0,29515.0,IVAN CEPEDA,1,6230,0.4616182572614108,ABELARDO DE LA ESPRIELLA,4.0,5608.0,0.4155305275637226,622.0,0.0460877296976882,BISAGRA
1,118,ANTIOQUIA,ENTRERRIOS,9822.0,5842,5771,144,57,14,3980.0,4195.0,ABELARDO DE LA ESPRIELLA,4,3765,0.6523999306879223,IVAN CEPEDA,1.0,775.0,0.1342921504072084,2990.0,0.5181077802807139,CONSOLIDADO
1,121,ANTIOQUIA,ENVIGADO,244817.0,164295,163223,1857,903,169,80522.0,83451.0,ABELARDO DE LA ESPRIELLA,4,106750,0.6540132211759372,IVAN CEPEDA,1.0,23934.0,0.1466337464695539,82816.0,0.5073794747063832,CONSOLIDADO
1,124,ANTIOQUIA,FREDONIA,18044.0,8864,8694,170,117,53,9180.0,9520.0,ABELARDO DE LA ESPRIELLA,4,4536,0.5217391304347826,IVAN CEPEDA,1.0,2065.0,0.2375201288244766,2471.0,0.2842190016103059,CONSOLIDADO
1,127,ANTIOQUIA,FRONTINO,18187.0,6669,6547,148,86,36,11518.0,11788.0,ABELARDO DE LA ESPRIELLA,4,3173,0.4846494577669161,IVAN CEPEDA,1.0,2033.0,0.3105239040782037,1140.0,0.1741255536887124,VENTAJA_DEFENDIBLE
1,130,ANTIOQUIA,GIRALDO,5222.0,2869,2836,63,25,8,2353.0,2449.0,ABELARDO DE LA ESPRIELLA,4,1446,0.5098730606488011,IVAN CEPEDA,1.0,876.0,0.308885754583921,570.0,0.20098730606488,CONSOLIDADO
1,133,ANTIOQUIA,GIRARDOTA,56839.0,32202,31629,756,505,68,24637.0,25966.0,ABELARDO DE LA ESPRIELLA,4,16081,0.508425811755035,IVAN CEPEDA,1.0,8511.0,0.2690884947358437,7570.0,0.2393373170191913,CONSOLIDADO
1,136,ANTIOQUIA,GOMEZ PLATA,9103.0,4741,4655,118,66,20,4362.0,4566.0,ABELARDO DE LA ESPRIELLA,4,2944,0.6324382384532761,IVAN CEPEDA,1.0,691.0,0.1484425349087003,2253.0,0.4839957035445758,CONSOLIDADO
1,139,ANTIOQUIA,GRANADA,9972.0,5971,5906,53,38,27,4001.0,4119.0,ABELARDO DE LA ESPRIELLA,4,4553,0.7709109380291229,IVAN CEPEDA,1.0,589.0,0.0997290890619708,3964.0,0.671181848967152,CONSOLIDADO
1,140,ANTIOQUIA,GUADALUPE,5866.0,2303,2252,95,40,11,3563.0,3709.0,ABELARDO DE LA ESPRIELLA,4,1028,0.4564831261101243,IVAN CEPEDA,1.0,823.0,0.3654529307282416,205.0,0.0910301953818827,RESERVA_DEFINIBLE
1,142,ANTIOQUIA,GUARNE,45144.0,32368,31950,597,344,74,12776.0,13791.0,ABELARDO DE LA ESPRIELLA,4,18974,0.5938654147104852,IVAN CEPEDA,1.0,6465.0,0.2023474178403755,12509.0,0.3915179968701096,CONSOLIDADO
1,145,ANTIOQUIA,GUATAPE,8412.0,5982,5941,67,28,13,2430.0,2538.0,ABELARDO DE LA ESPRIELLA,4,3883,0.6535936710991416,IVAN CEPEDA,1.0,799.0,0.1344891432418784,3084.0,0.5191045278572631,CONSOLIDADO
1,148,ANTIOQUIA,HELICONIA,6090.0,2924,2867,64,35,22,3166.0,3287.0,ABELARDO DE LA ESPRIELLA,4,1471,0.5130798744332055,IVAN CEPEDA,1.0,588.0,0.2050924311126613,883.0,0.3079874433205442,CONSOLIDADO
1,150,ANTIOQUIA,HISPANIA,5262.0,2620,2593,33,12,15,2642.0,2702.0,ABELARDO DE LA ESPRIELLA,4,1620,0.6247589664481296,IVAN CEPEDA,1.0,476.0,0.1835711531045121,1144.0,0.4411878133436174,CONSOLIDADO
1,151,ANTIOQUIA,ITAGUI,264896.0,163596,161696,2912,1695,205,101300.0,106112.0,ABELARDO DE LA ESPRIELLA,4,90656,0.5606570354245003,IVAN CEPEDA,1.0,39461.0,0.2440443795764892,51195.0,0.316612655848011,CONSOLIDADO
1,154,ANTIOQUIA,ITUANGO,17661.0,4928,4736,238,115,77,12733.0,13163.0,ABELARDO DE LA ESPRIELLA,4,2001,0.4225084459459459,IVAN CEPEDA,1.0,1547.0,0.3266469594594595,454.0,0.0958614864864864,RESERVA_DEFINIBLE
1,157,ANTIOQUIA,JARDIN,13380.0,8601,8530,129,49,22,4779.0,4979.0,ABELARDO DE LA ESPRIELLA,4,4799,0.5626025791324736,IVAN CEPEDA,1.0,1918.0,0.2248534583821805,2881.0,0.337749120750293,CONSOLIDADO
1,160,ANTIOQUIA,JERICO,11478.0,7001,6894,131,83,24,4477.0,4715.0,ABELARDO DE LA ESPRIELLA,4,4143,0.6009573542210618,IVAN CEPEDA,1.0,1228.0,0.1781259065854366,2915.0,0.4228314476356252,CONSOLIDADO
1,163,ANTIOQUIA,LA CEJA,61559.0,46829,46228,688,483,118,14730.0,16019.0,ABELARDO DE LA ESPRIELLA,4,27398,0.59267110841914,IVAN CEPEDA,1.0,8622.0,0.1865103400536471,18776.0,0.4061607683654928,CONSOLIDADO
1,166,ANTIOQUIA,LA ESTRELLA,66893.0,42562,42053,789,459,50,24331.0,25629.0,ABELARDO DE LA ESPRIELLA,4,22579,0.5369176990940004,IVAN CEPEDA,1.0,10269.0,0.2441918531377071,12310.0,0.2927258459562932,CONSOLIDADO
1,168,ANTIOQUIA,PUERTO NARE-LA MAGDALENA,12258.0,5883,5795,71,65,23,6375.0,6534.0,IVAN CEPEDA,1,2584,0.4459016393442623,ABELARDO DE LA ESPRIELLA,4.0,2222.0,0.3834339948231234,362.0,0.0624676445211389,RESERVA_DEFINIBLE
1,169,ANTIOQUIA,LA UNION,20530.0,14120,13913,299,167,40,6410.0,6916.0,ABELARDO DE LA ESPRIELLA,4,7448,0.5353266728958528,IVAN CEPEDA,1.0,2392.0,0.1719255372673039,5056.0,0.3634011356285488,CONSOLIDADO
1,170,ANTIOQUIA,LA PINTADA,7480.0,3779,3709,82,53,17,3701.0,3853.0,ABELARDO DE LA ESPRIELLA,4,1908,0.5144243731464007,IVAN CEPEDA,1.0,1191.0,0.3211108115394985,717.0,0.1933135616069021,VENTAJA_DEFENDIBLE
1,172,ANTIOQUIA,LIBORINA,9604.0,4861,4808,59,33,20,4743.0,4855.0,ABELARDO DE LA ESPRIELLA,4,3029,0.6299916805324459,PALOMA VALENCIA,11.0,735.0,0.1528702163061564,2294.0,0.4771214642262895,CONSOLIDADO
1,175,ANTIOQUIA,MACEO,8739.0,4441,4379,71,47,15,4298.0,4431.0,ABELARDO DE LA ESPRIELLA,4,2517,0.5747887645581183,IVAN CEPEDA,1.0,867.0,0.1979904087691253,1650.0,0.3767983557889929,CONSOLIDADO
1,178,ANTIOQUIA,MARINILLA,53575.0,38613,38218,506,321,74,14962.0,15863.0,ABELARDO DE LA ESPRIELLA,4,23357,0.6111518132816998,IVAN CEPEDA,1.0,7013.0,0.1834999215029567,16344.0,0.4276518917787431,CONSOLIDADO
1,181,ANTIOQUIA,MONTEBELLO,6533.0,3363,3289,57,37,37,3170.0,3301.0,ABELARDO DE LA ESPRIELLA,4,1580,0.4803891760413499,PALOMA VALENCIA,11.0,808.0,0.2456673761021587,772.0,0.2347217999391912,VENTAJA_DEFENDIBLE
1,184,ANTIOQUIA,MURINDO,3612.0,1634,1620,2,1,13,1978.0,1994.0,IVAN CEPEDA,1,1491,0.9203703703703704,ABELARDO DE LA ESPRIELLA,4.0,73.0,0.0450617283950617,1418.0,0.8753086419753087,CONSOLIDADO
1,187,ANTIOQUIA,MUTATA,16472.0,5876,5781,101,56,39,10596.0,10792.0,IVAN CEPEDA,1,3065,0.5301850890849334,ABELARDO DE LA ESPRIELLA,4.0,2151.0,0.3720809548521017,914.0,0.1581041342328317,VENTAJA_DEFENDIBLE
1,190,ANTIOQUIA,NARIÑO,8793.0,3797,3750,51,22,25,4996.0,5094.0,ABELARDO DE LA ESPRIELLA,4,2383,0.6354666666666666,PALOMA VALENCIA,11.0,810.0,0.216,1573.0,0.4194666666666666,CONSOLIDADO
1,191,ANTIOQUIA,NECHI,22120.0,6422,6357,104,44,21,15698.0,15867.0,ABELARDO DE LA ESPRIELLA,4,3241,0.5098316816108227,IVAN CEPEDA,1.0,2469.0,0.3883907503539405,772.0,0.1214409312568821,VENTAJA_DEFENDIBLE
1,192,ANTIOQUIA,NECOCLI,40425.0,15610,15373,314,136,101,24815.0,25366.0,ABELARDO DE LA ESPRIELLA,4,7488,0.4870877512521954,IVAN CEPEDA,1.0,5919.0,0.3850256943992714,1569.0,0.1020620568529239,VENTAJA_DEFENDIBLE
1,193,ANTIOQUIA,OLAYA,3003.0,1634,1619,25,10,5,1369.0,1409.0,ABELARDO DE LA ESPRIELLA,4,938,0.5793699814700433,PALOMA VALENCIA,11.0,310.0,0.1914762198888202,628.0,0.387893761581223,VENTAJA_DEFENDIBLE
1,196,ANTIOQUIA,PEÑOL,18903.0,11862,11750,147,77,35,7041.0,7300.0,ABELARDO DE LA ESPRIELLA,4,7725,0.6574468085106383,IVAN CEPEDA,1.0,1624.0,0.1382127659574468,6101.0,0.5192340425531915,CONSOLIDADO
1,199,ANTIOQUIA,PEQUE,6756.0,3060,3027,64,11,22,3696.0,3793.0,ABELARDO DE LA ESPRIELLA,4,1188,0.3924677898909812,IVAN CEPEDA,1.0,876.0,0.2893954410307235,312.0,0.1030723488602576,RESERVA_DEFINIBLE
1,202,ANTIOQUIA,PUEBLORRICO,7431.0,3650,3611,38,27,12,3781.0,3858.0,ABELARDO DE LA ESPRIELLA,4,2251,0.623373026862365,IVAN CEPEDA,1.0,569.0,0.157574079202437,1682.0,0.4657989476599279,CONSOLIDADO
1,205,ANTIOQUIA,PUERTO BERRIO,34906.0,15021,14764,318,201,56,19885.0,20460.0,ABELARDO DE LA ESPRIELLA,4,7444,0.5041994039555676,IVAN CEPEDA,1.0,5517.0,0.3736792197236521,1927.0,0.1305201842319154,VENTAJA_DEFENDIBLE
1,206,ANTIOQUIA,PUERTO TRIUNFO,15284.0,7980,7843,148,93,44,7304.0,7589.0,ABELARDO DE LA ESPRIELLA,4,4688,0.597730460283055,IVAN CEPEDA,1.0,2061.0,0.262782098686727,2627.0,0.3349483615963279,CONSOLIDADO
1,208,ANTIOQUIA,REMEDIOS,23910.0,8062,7918,302,103,41,15848.0,16294.0,IVAN CEPEDA,1,3584,0.4526395554432937,ABELARDO DE LA ESPRIELLA,4.0,3066.0,0.3872189946956302,518.0,0.0654205607476635,RESERVA_DEFINIBLE
1,211,ANTIOQUIA,RETIRO,23005.0,17666,17556,160,81,29,5339.0,5609.0,ABELARDO DE LA ESPRIELLA,4,11323,0.6449646844383686,PALOMA VALENCIA,11.0,2825.0,0.160913647755753,8498.0,0.4840510366826156,CONSOLIDADO
1,214,ANTIOQUIA,RIONEGRO,117653.0,100692,99730,1324,851,111,16961.0,19247.0,ABELARDO DE LA ESPRIELLA,4,58712,0.5887095156923694,IVAN CEPEDA,1.0,18050.0,0.1809886694074,40662.0,0.4077208462849694,CONSOLIDADO
1,217,ANTIOQUIA,SABANALARGA,7850.0,3546,3507,55,21,18,4304.0,4398.0,ABELARDO DE LA ESPRIELLA,4,2116,0.6033646991730824,PALOMA VALENCIA,11.0,640.0,0.1824921585400627,1476.0,0.4208725406330197,CONSOLIDADO
1,218,ANTIOQUIA,SABANETA,99546.0,71369,70950,882,365,54,28177.0,29478.0,ABELARDO DE LA ESPRIELLA,4,43977,0.619830866807611,IVAN CEPEDA,1.0,11895.0,0.1676532769556025,32082.0,0.4521775898520085,CONSOLIDADO
1,220,ANTIOQUIA,SALGAR,14228.0,5823,5752,56,42,29,8405.0,8532.0,ABELARDO DE LA ESPRIELLA,4,4025,0.6997566063977747,PALOMA VALENCIA,11.0,921.0,0.1601182197496523,3104.0,0.5396383866481225,CONSOLIDADO
1,223,ANTIOQUIA,SAN ANDRES,5751.0,2335,2237,107,57,41,3416.0,3621.0,ABELARDO DE LA ESPRIELLA,4,1202,0.5373267769333929,IVAN CEPEDA,1.0,427.0,0.1908806437192668,775.0,0.346446133214126,CONSOLIDADO
1,226,ANTIOQUIA,SAN CARLOS,15633.0,8801,8722,113,49,30,6832.0,7024.0,ABELARDO DE LA ESPRIELLA,4,5447,0.6245127264388901,IVAN CEPEDA,1.0,1498.0,0.1717495987158908,3949.0,0.4527631277229992,CONSOLIDADO
1,227,ANTIOQUIA,SAN FRANCISCO,6600.0,2827,2783,25,21,23,3773.0,3842.0,ABELARDO DE LA ESPRIELLA,4,1686,0.6058210564139418,PALOMA VALENCIA,11.0,453.0,0.1627739849083722,1233.0,0.4430470715055695,CONSOLIDADO
1,229,ANTIOQUIA,SAN JERONIMO,13854.0,7670,7566,145,76,28,6184.0,6433.0,ABELARDO DE LA ESPRIELLA,4,4532,0.598995506212001,IVAN CEPEDA,1.0,1463.0,0.1933650541897964,3069.0,0.4056304520222046,CONSOLIDADO
1,230,ANTIOQUIA,SAN JOSE DE LA MONTAÑA,3273.0,1602,1569,55,18,15,1671.0,1759.0,ABELARDO DE LA ESPRIELLA,4,927,0.5908221797323135,PALOMA VALENCIA,11.0,194.0,0.1236456341618865,733.0,0.467176545570427,VENTAJA_DEFENDIBLE
1,231,ANTIOQUIA,SAN JUAN DE URABA,21117.0,7710,7660,114,19,31,13407.0,13571.0,ABELARDO DE LA ESPRIELLA,4,3525,0.4601827676240209,IVAN CEPEDA,1.0,3097.0,0.4043080939947781,428.0,0.0558746736292428,RESERVA_DEFINIBLE
1,232,ANTIOQUIA,SAN LUIS,12362.0,6844,6796,63,33,15,5518.0,5629.0,ABELARDO DE LA ESPRIELLA,4,4632,0.681577398469688,IVAN CEPEDA,1.0,1045.0,0.153766921718658,3587.0,0.52781047675103,CONSOLIDADO
1,235,ANTIOQUIA,SAN PEDRO,24029.0,14943,14712,364,200,31,9086.0,9681.0,ABELARDO DE LA ESPRIELLA,4,9059,0.6157558455682436,IVAN CEPEDA,1.0,2106.0,0.1431484502446982,6953.0,0.4726073953235453,CONSOLIDADO
1,237,ANTIOQUIA,SAN PEDRO DE URABA,29573.0,11554,11431,199,67,56,18019.0,18341.0,ABELARDO DE LA ESPRIELLA,4,6831,0.5975855130784709,IVAN CEPEDA,1.0,3017.0,0.2639314145744029,3814.0,0.3336540985040679,CONSOLIDADO
1,238,ANTIOQUIA,SAN RAFAEL,13798.0,7555,7438,106,77,40,6243.0,6466.0,ABELARDO DE LA ESPRIELLA,4,4376,0.588330196289325,IVAN CEPEDA,1.0,1230.0,0.1653670341489647,3146.0,0.4229631621403602,CONSOLIDADO
1,241,ANTIOQUIA,SAN ROQUE,16675.0,8576,8453,127,70,53,8099.0,8349.0,ABELARDO DE LA ESPRIELLA,4,4664,0.5517567727434047,PALOMA VALENCIA,11.0,1987.0,0.2350644741511889,2677.0,0.3166922985922158,CONSOLIDADO
1,244,ANTIOQUIA,SAN VICENTE,17686.0,11730,11570,169,105,55,5956.0,6285.0,ABELARDO DE LA ESPRIELLA,4,7424,0.6416594641313742,PALOMA VALENCIA,11.0,1719.0,0.1485738980121002,5705.0,0.4930855661192739,CONSOLIDADO
1,247,ANTIOQUIA,SANTA BARBARA,22612.0,11636,11417,238,163,56,10976.0,11433.0,ABELARDO DE LA ESPRIELLA,4,5987,0.5243934483664711,IVAN CEPEDA,1.0,2822.0,0.2471752649557677,3165.0,0.2772181834107033,CONSOLIDADO
1,250,ANTIOQUIA,SANTA ROSA DE OSOS,29562.0,17437,17012,449,307,118,12125.0,12999.0,ABELARDO DE LA ESPRIELLA,4,9396,0.5523160122266635,PALOMA VALENCIA,11.0,3052.0,0.1794027745121091,6344.0,0.3729132377145544,CONSOLIDADO
1,253,ANTIOQUIA,SANTO DOMINGO,9634.0,5376,5285,108,68,23,4258.0,4457.0,ABELARDO DE LA ESPRIELLA,4,2965,0.5610217596972564,PALOMA VALENCIA,11.0,965.0,0.1825922421948912,2000.0,0.3784295175023652,CONSOLIDADO
1,256,ANTIOQUIA,SANTUARIO,31144.0,22139,21930,248,146,63,9005.0,9462.0,ABELARDO DE LA ESPRIELLA,4,16197,0.7385772913816689,IVAN CEPEDA,1.0,2126.0,0.0969448244414044,14071.0,0.6416324669402644,CONSOLIDADO
1,259,ANTIOQUIA,SEGOVIA,33611.0,12200,11981,531,166,53,21411.0,22161.0,IVAN CEPEDA,1,6457,0.5389366496953509,ABELARDO DE LA ESPRIELLA,4.0,3588.0,0.2994741674317669,2869.0,0.2394624822635839,CONSOLIDADO
1,262,ANTIOQUIA,SONSON,28172.0,16399,16099,231,216,84,11773.0,12304.0,ABELARDO DE LA ESPRIELLA,4,9028,0.560780172681533,PALOMA VALENCIA,11.0,4042.0,0.2510714951239207,4986.0,0.3097086775576123,CONSOLIDADO
1,265,ANTIOQUIA,SOPETRAN,13759.0,7446,7357,95,59,30,6313.0,6497.0,ABELARDO DE LA ESPRIELLA,4,3047,0.4141633818132391,PALOMA VALENCIA,11.0,2132.0,0.2897920347967921,915.0,0.1243713470164469,VENTAJA_DEFENDIBLE
1,268,ANTIOQUIA,TAMESIS,15149.0,8569,8415,153,96,58,6580.0,6887.0,ABELARDO DE LA ESPRIELLA,4,4240,0.5038621509209744,IVAN CEPEDA,1.0,1964.0,0.2333927510398098,2276.0,0.2704693998811646,CONSOLIDADO
1,270,ANTIOQUIA,TARAZA,25378.0,6812,6679,188,102,31,18566.0,18887.0,IVAN CEPEDA,1,3594,0.5381045066626741,ABELARDO DE LA ESPRIELLA,4.0,2214.0,0.3314867495134002,1380.0,0.2066177571492738,CONSOLIDADO
1,271,ANTIOQUIA,TARSO,6068.0,2930,2890,67,26,14,3138.0,3245.0,ABELARDO DE LA ESPRIELLA,4,1374,0.4754325259515571,IVAN CEPEDA,1.0,754.0,0.2608996539792387,620.0,0.2145328719723183,VENTAJA_DEFENDIBLE
1,274,ANTIOQUIA,TITIRIBI,8669.0,4087,4008,87,56,23,4582.0,4748.0,ABELARDO DE LA ESPRIELLA,4,1933,0.4822854291417165,IVAN CEPEDA,1.0,858.0,0.2140718562874251,1075.0,0.2682135728542914,VENTAJA_DEFENDIBLE
1,277,ANTIOQUIA,TOLEDO,4694.0,1820,1729,94,57,34,2874.0,3059.0,ABELARDO DE LA ESPRIELLA,4,822,0.4754193175245806,IVAN CEPEDA,1.0,426.0,0.2463851937536148,396.0,0.2290341237709658,VENTAJA_DEFENDIBLE
1,280,ANTIOQUIA,TURBO,93032.0,44598,43958,1113,478,162,48434.0,50187.0,IVAN CEPEDA,1,26437,0.601414987033077,ABELARDO DE LA ESPRIELLA,4.0,13435.0,0.305632649347104,13002.0,0.295782337685973,CONSOLIDADO
1,282,ANTIOQUIA,URAMITA,6767.0,2862,2811,39,33,18,3905.0,3995.0,ABELARDO DE LA ESPRIELLA,4,1464,0.5208110992529349,IVAN CEPEDA,1.0,610.0,0.2170046246887228,854.0,0.303806474564212,CONSOLIDADO
1,283,ANTIOQUIA,URRAO,26022.0,10775,10593,279,121,61,15247.0,15708.0,ABELARDO DE LA ESPRIELLA,4,6415,0.6055885962428018,IVAN CEPEDA,1.0,1979.0,0.1868214858869064,4436.0,0.4187671103558953,CONSOLIDADO
1,286,ANTIOQUIA,VALDIVIA,12594.0,3472,3395,97,49,28,9122.0,9296.0,ABELARDO DE LA ESPRIELLA,4,1495,0.4403534609720176,IVAN CEPEDA,1.0,1387.0,0.4085419734904271,108.0,0.0318114874815905,BISAGRA
1,289,ANTIOQUIA,VALPARAISO,5677.0,3202,3165,52,28,9,2475.0,2564.0,ABELARDO DE LA ESPRIELLA,4,1550,0.4897314375987361,IVAN CEPEDA,1.0,937.0,0.2960505529225908,613.0,0.1936808846761453,VENTAJA_DEFENDIBLE
1,290,ANTIOQUIA,VEGACHI,12320.0,4892,4822,132,51,19,7428.0,7630.0,ABELARDO DE LA ESPRIELLA,4,3100,0.6428867689755289,IVAN CEPEDA,1.0,722.0,0.1497304023226877,2378.0,0.4931563666528412,CONSOLIDADO
1,291,ANTIOQUIA,VIGIA DEL FUERTE,6906.0,2220,2192,20,16,12,4686.0,4734.0,IVAN CEPEDA,1,1663,0.7586678832116789,ABELARDO DE LA ESPRIELLA,4.0,266.0,0.1213503649635036,1397.0,0.6373175182481752,CONSOLIDADO
1,292,ANTIOQUIA,VENECIA,11398.0,5735,5672,79,46,17,5663.0,5805.0,ABELARDO DE LA ESPRIELLA,4,3500,0.6170662905500706,IVAN CEPEDA,1.0,1035.0,0.182475317348378,2465.0,0.4345909732016926,CONSOLIDADO
1,293,ANTIOQUIA,YALI,6517.0,2427,2393,40,22,12,4090.0,4164.0,ABELARDO DE LA ESPRIELLA,4,1418,0.5925616381111576,IVAN CEPEDA,1.0,506.0,0.2114500626828249,912.0,0.3811115754283327,CONSOLIDADO
1,295,ANTIOQUIA,YARUMAL,35286.0,16518,16156,496,279,83,18768.0,19626.0,ABELARDO DE LA ESPRIELLA,4,9119,0.5644342659074029,IVAN CEPEDA,1.0,3096.0,0.1916315919782124,6023.0,0.3728026739291904,CONSOLIDADO
1,298,ANTIOQUIA,YOLOMBO,17356.0,7718,7588,169,82,48,9638.0,9937.0,ABELARDO DE LA ESPRIELLA,4,3987,0.5254348972061149,IVAN CEPEDA,1.0,1615.0,0.2128360569319979,2372.0,0.312598840274117,CONSOLIDADO
1,300,ANTIOQUIA,YONDO-CASABE,16121.0,9397,9173,225,189,35,6724.0,7173.0,ABELARDO DE LA ESPRIELLA,4,4286,0.4672408154366074,IVAN CEPEDA,1.0,3711.0,0.404556851629783,575.0,0.0626839638068244,RESERVA_DEFINIBLE
1,301,ANTIOQUIA,ZARAGOZA,21838.0,6413,6234,197,145,34,15425.0,15801.0,IVAN CEPEDA,1,3012,0.4831568816169393,ABELARDO DE LA ESPRIELLA,4.0,2263.0,0.3630093038177735,749.0,0.1201475777991658,VENTAJA_DEFENDIBLE
3,1,ATLANTICO,BARRANQUILLA,1186097.0,601596,598064,7248,2643,889,584501.0,595281.0,IVAN CEPEDA,1,281123,0.4700550442761979,ABELARDO DE LA ESPRIELLA,4.0,272331.0,0.455354276465395,8792.0,0.0147007678108028,BISAGRA
3,4,ATLANTICO,BARANOA,53101.0,29388,29255,363,82,51,23713.0,24209.0,IVAN CEPEDA,1,17979,0.614561613399419,ABELARDO DE LA ESPRIELLA,4.0,9686.0,0.3310887027858485,8293.0,0.2834729106135704,CONSOLIDADO
3,7,ATLANTICO,CAMPO DE LA CRUZ,23605.0,8526,8464,85,42,20,15079.0,15226.0,ABELARDO DE LA ESPRIELLA,4,4989,0.589437618147448,IVAN CEPEDA,1.0,2878.0,0.3400283553875236,2111.0,0.2494092627599243,CONSOLIDADO
3,10,ATLANTICO,CANDELARIA,14829.0,5753,5710,58,18,25,9076.0,9177.0,ABELARDO DE LA ESPRIELLA,4,3401,0.5956217162872154,IVAN CEPEDA,1.0,1964.0,0.3439579684763573,1437.0,0.2516637478108581,CONSOLIDADO
3,13,ATLANTICO,GALAPA,46368.0,22326,22189,252,101,36,24042.0,24431.0,IVAN CEPEDA,1,14528,0.6547388345576637,ABELARDO DE LA ESPRIELLA,4.0,6432.0,0.2898733606742079,8096.0,0.3648654738834557,CONSOLIDADO
3,16,ATLANTICO,JUAN DE ACOSTA,19691.0,9398,9355,83,32,11,10293.0,10419.0,ABELARDO DE LA ESPRIELLA,4,5145,0.549973276322822,IVAN CEPEDA,1.0,3605.0,0.3853554249064671,1540.0,0.1646178514163548,VENTAJA_DEFENDIBLE
3,19,ATLANTICO,LURUACO,26393.0,10990,10865,114,73,52,15403.0,15642.0,IVAN CEPEDA,1,5206,0.4791532443626323,ABELARDO DE LA ESPRIELLA,4.0,5096.0,0.4690289921767142,110.0,0.010124252185918,BISAGRA
3,22,ATLANTICO,MALAMBO,94794.0,43419,43119,445,232,68,51375.0,52120.0,IVAN CEPEDA,1,29475,0.683573366729284,ABELARDO DE LA ESPRIELLA,4.0,11621.0,0.2695099608061411,17854.0,0.4140634059231429,CONSOLIDADO
3,25,ATLANTICO,MANATI,17106.0,5938,5900,54,17,21,11168.0,11260.0,ABELARDO DE LA ESPRIELLA,4,3508,0.5945762711864406,IVAN CEPEDA,1.0,1944.0,0.3294915254237288,1564.0,0.2650847457627118,CONSOLIDADO
3,28,ATLANTICO,PALMAR DE VARELA,23661.0,12317,12232,117,48,37,11344.0,11546.0,IVAN CEPEDA,1,7637,0.624345977763244,ABELARDO DE LA ESPRIELLA,4.0,4074.0,0.3330608240680183,3563.0,0.2912851536952257,CONSOLIDADO
3,31,ATLANTICO,PIOJO,5906.0,2854,2840,12,6,8,3052.0,3078.0,IVAN CEPEDA,1,1431,0.5038732394366198,ABELARDO DE LA ESPRIELLA,4.0,1167.0,0.4109154929577465,264.0,0.0929577464788732,RESERVA_DEFINIBLE
3,34,ATLANTICO,POLONUEVO,15174.0,8298,8239,66,36,23,6876.0,7001.0,IVAN CEPEDA,1,5660,0.6869765748270421,ABELARDO DE LA ESPRIELLA,4.0,2281.0,0.276853987134361,3379.0,0.4101225876926811,CONSOLIDADO
3,35,ATLANTICO,PONEDERA,21080.0,9040,8947,102,69,24,12040.0,12235.0,IVAN CEPEDA,1,4372,0.4886554152229798,ABELARDO DE LA ESPRIELLA,4.0,4083.0,0.4563540851682128,289.0,0.0323013300547669,BISAGRA
3,37,ATLANTICO,PUERTO COLOMBIA,39762.0,21653,21561,199,75,17,18109.0,18400.0,IVAN CEPEDA,1,11515,0.5340661379342331,ABELARDO DE LA ESPRIELLA,4.0,8590.0,0.3984045266917119,2925.0,0.1356616112425211,VENTAJA_DEFENDIBLE
3,40,ATLANTICO,REPELON,22341.0,10238,10110,127,70,58,12103.0,12358.0,IVAN CEPEDA,1,4942,0.4888229475766568,ABELARDO DE LA ESPRIELLA,4.0,4475.0,0.4426310583580613,467.0,0.0461918892185954,BISAGRA
3,43,ATLANTICO,SABANAGRANDE,26426.0,13523,13436,200,59,28,12903.0,13190.0,IVAN CEPEDA,1,7952,0.5918428103602262,ABELARDO DE LA ESPRIELLA,4.0,4633.0,0.3448198868710926,3319.0,0.2470229234891336,CONSOLIDADO
3,46,ATLANTICO,SABANALARGA,76674.0,39333,39061,393,195,77,37341.0,38006.0,IVAN CEPEDA,1,24095,0.6168556872583907,ABELARDO DE LA ESPRIELLA,4.0,12642.0,0.3236476280689178,11453.0,0.2932080591894728,CONSOLIDADO
3,47,ATLANTICO,SANTA LUCIA,13465.0,5941,5903,36,18,20,7524.0,7598.0,ABELARDO DE LA ESPRIELLA,4,2613,0.4426562764695917,IVAN CEPEDA,1.0,1596.0,0.27037099779773,1017.0,0.1722852786718617,VENTAJA_DEFENDIBLE
3,49,ATLANTICO,SANTO TOMAS,27540.0,14225,14141,159,65,19,13315.0,13558.0,IVAN CEPEDA,1,8522,0.6026447917403296,ABELARDO DE LA ESPRIELLA,4.0,4822.0,0.3409942719751078,3700.0,0.2616505197652217,CONSOLIDADO
3,52,ATLANTICO,SOLEDAD,343745.0,169553,168549,2059,801,203,174192.0,177255.0,IVAN CEPEDA,1,104590,0.620531714812903,ABELARDO DE LA ESPRIELLA,4.0,54568.0,0.3237515499943637,50022.0,0.2967801648185393,CONSOLIDADO
3,55,ATLANTICO,SUAN,11870.0,5069,5052,55,13,4,6801.0,6873.0,ABELARDO DE LA ESPRIELLA,4,3151,0.6237133808392715,IVAN CEPEDA,1.0,1661.0,0.3287806809184481,1490.0,0.2949326999208234,CONSOLIDADO
3,58,ATLANTICO,TUBARA,10777.0,6017,5979,55,24,14,4760.0,4853.0,IVAN CEPEDA,1,3576,0.5980933266432514,ABELARDO DE LA ESPRIELLA,4.0,2085.0,0.3487205218263923,1491.0,0.249372804816859,CONSOLIDADO
3,61,ATLANTICO,USIACURI,9110.0,4752,4713,51,16,23,4358.0,4448.0,IVAN CEPEDA,1,2942,0.6242308508381074,ABELARDO DE LA ESPRIELLA,4.0,1391.0,0.29514109908763,1551.0,0.3290897517504774,CONSOLIDADO
5,1,BOLIVAR,CARTAGENA,866447.0,420599,418110,7905,1944,545,445848.0,456242.0,IVAN CEPEDA,1,239504,0.5728253330463275,ABELARDO DE LA ESPRIELLA,4.0,142674.0,0.3412355600200904,96830.0,0.2315897730262371,CONSOLIDADO
5,4,BOLIVAR,ACHI,18850.0,7992,7919,75,26,47,10858.0,11006.0,ABELARDO DE LA ESPRIELLA,4,4658,0.5882055815128173,IVAN CEPEDA,1.0,2215.0,0.2797070337163783,2443.0,0.308498547796439,CONSOLIDADO
5,5,BOLIVAR,ARENAL,6997.0,3030,3002,50,22,6,3967.0,4045.0,IVAN CEPEDA,1,1723,0.5739506995336442,ABELARDO DE LA ESPRIELLA,4.0,1103.0,0.3674217188540972,620.0,0.2065289806795469,CONSOLIDADO
5,6,BOLIVAR,ALTOS DEL ROSARIO,8570.0,3221,3193,29,18,10,5349.0,5406.0,ABELARDO DE LA ESPRIELLA,4,1954,0.6119636705292828,IVAN CEPEDA,1.0,1104.0,0.3457563419981209,850.0,0.2662073285311619,CONSOLIDADO
5,7,BOLIVAR,ARJONA,59799.0,27341,26981,472,263,97,32458.0,33290.0,IVAN CEPEDA,1,17814,0.6602423927949298,ABELARDO DE LA ESPRIELLA,4.0,7380.0,0.2735258144620288,10434.0,0.3867165783329009,CONSOLIDADO
5,9,BOLIVAR,ARROYO HONDO,10952.0,3913,3890,33,15,8,7039.0,7095.0,ABELARDO DE LA ESPRIELLA,4,2650,0.6812339331619537,IVAN CEPEDA,1.0,982.0,0.2524421593830334,1668.0,0.4287917737789202,CONSOLIDADO
5,10,BOLIVAR,BARRANCO DE LOBA,13081.0,5326,5273,43,29,24,7755.0,7851.0,ABELARDO DE LA ESPRIELLA,4,3084,0.5848663000189646,IVAN CEPEDA,1.0,1917.0,0.3635501611985587,1167.0,0.2213161388204058,CONSOLIDADO
5,13,BOLIVAR,CALAMAR,21022.0,8234,8118,106,73,43,12788.0,13010.0,ABELARDO DE LA ESPRIELLA,4,4103,0.505420054200542,IVAN CEPEDA,1.0,3427.0,0.4221483123922148,676.0,0.0832717418083272,RESERVA_DEFINIBLE
5,14,BOLIVAR,CANTAGALLO,8672.0,4571,4539,38,28,4,4101.0,4171.0,IVAN CEPEDA,1,2519,0.5549680546375854,ABELARDO DE LA ESPRIELLA,4.0,1781.0,0.3923771755893369,738.0,0.1625908790482484,VENTAJA_DEFENDIBLE
5,15,BOLIVAR,CICUCO,11673.0,4809,4756,41,38,15,6864.0,6958.0,IVAN CEPEDA,1,2873,0.6040790580319596,ABELARDO DE LA ESPRIELLA,4.0,1539.0,0.3235912531539108,1334.0,0.2804878048780487,CONSOLIDADO
5,16,BOLIVAR,CORDOBA,15550.0,7321,7269,79,26,26,8229.0,8360.0,IVAN CEPEDA,1,4175,0.5743568578896685,ABELARDO DE LA ESPRIELLA,4.0,2778.0,0.3821708625670656,1397.0,0.1921859953226029,VENTAJA_DEFENDIBLE
5,18,BOLIVAR,CLEMENCIA,13214.0,5674,5613,90,37,24,7540.0,7691.0,IVAN CEPEDA,1,3422,0.6096561553536434,ABELARDO DE LA ESPRIELLA,4.0,1831.0,0.3262070194192054,1591.0,0.2834491359344379,CONSOLIDADO
5,22,BOLIVAR,EL CARMEN DE BOLIVAR,61998.0,27903,27586,390,244,73,34095.0,34802.0,ABELARDO DE LA ESPRIELLA,4,14641,0.5307402305517291,IVAN CEPEDA,1.0,10555.0,0.3826216196621474,4086.0,0.1481186108895816,VENTAJA_DEFENDIBLE
5,25,BOLIVAR,EL GUAMO,8429.0,3428,3395,33,15,18,5001.0,5067.0,ABELARDO DE LA ESPRIELLA,4,1784,0.525478645066274,IVAN CEPEDA,1.0,1458.0,0.4294550810014727,326.0,0.0960235640648012,RESERVA_DEFINIBLE
5,26,BOLIVAR,HATILLO DE LOBA,12492.0,5187,5159,23,20,8,7305.0,7356.0,ABELARDO DE LA ESPRIELLA,4,3349,0.6491568133359178,IVAN CEPEDA,1.0,1534.0,0.2973444465981779,1815.0,0.3518123667377398,CONSOLIDADO
5,27,BOLIVAR,EL PEÑON,6847.0,2762,2736,20,12,14,4085.0,4131.0,ABELARDO DE LA ESPRIELLA,4,1343,0.4908625730994152,IVAN CEPEDA,1.0,1257.0,0.4594298245614035,86.0,0.0314327485380117,BISAGRA
5,28,BOLIVAR,MAGANGUE,104516.0,45779,45395,539,267,117,58737.0,59660.0,IVAN CEPEDA,1,27393,0.6034365018173807,ABELARDO DE LA ESPRIELLA,4.0,15168.0,0.3341337151668686,12225.0,0.2693027866505121,CONSOLIDADO
5,31,BOLIVAR,MAHATES,22905.0,9125,9050,135,45,30,13780.0,13990.0,IVAN CEPEDA,1,4427,0.489171270718232,ABELARDO DE LA ESPRIELLA,4.0,3564.0,0.3938121546961326,863.0,0.0953591160220994,RESERVA_DEFINIBLE
5,37,BOLIVAR,MARGARITA,10517.0,4275,4255,29,7,13,6242.0,6291.0,ABELARDO DE LA ESPRIELLA,4,2779,0.6531139835487662,IVAN CEPEDA,1.0,1242.0,0.2918918918918919,1537.0,0.3612220916568742,CONSOLIDADO
5,40,BOLIVAR,MARIA LA BAJA,45030.0,16521,16323,204,140,58,28509.0,28911.0,IVAN CEPEDA,1,10552,0.6464497947681186,ABELARDO DE LA ESPRIELLA,4.0,4495.0,0.2753783005574955,6057.0,0.371071494210623,CONSOLIDADO
5,41,BOLIVAR,MONTECRISTO,10807.0,3687,3655,61,27,5,7120.0,7213.0,IVAN CEPEDA,1,1903,0.520656634746922,ABELARDO DE LA ESPRIELLA,4.0,1514.0,0.4142270861833105,389.0,0.1064295485636114,VENTAJA_DEFENDIBLE
5,43,BOLIVAR,MOMPOS,39829.0,17182,17047,186,86,49,22647.0,22968.0,IVAN CEPEDA,1,8271,0.4851880096204611,ABELARDO DE LA ESPRIELLA,4.0,7404.0,0.4343286208717076,867.0,0.0508593887487534,RESERVA_DEFINIBLE
5,44,BOLIVAR,MORALES,13136.0,6874,6806,82,40,28,6262.0,6412.0,ABELARDO DE LA ESPRIELLA,4,4284,0.629444607699089,IVAN CEPEDA,1.0,2066.0,0.3035556861592712,2218.0,0.3258889215398178,CONSOLIDADO
5,50,BOLIVAR,NOROSI,5495.0,2182,2164,32,15,3,3313.0,3363.0,IVAN CEPEDA,1,1304,0.6025878003696857,ABELARDO DE LA ESPRIELLA,4.0,710.0,0.3280961182994454,594.0,0.2744916820702403,CONSOLIDADO
5,59,BOLIVAR,PINILLOS,19007.0,7701,7647,48,34,20,11306.0,11408.0,ABELARDO DE LA ESPRIELLA,4,4877,0.6377664443572643,IVAN CEPEDA,1.0,2291.0,0.2995946122662482,2586.0,0.338171832091016,CONSOLIDADO
5,63,BOLIVAR,REGIDOR,5664.0,2509,2496,26,10,3,3155.0,3194.0,IVAN CEPEDA,1,1431,0.5733173076923077,ABELARDO DE LA ESPRIELLA,4.0,969.0,0.3882211538461538,462.0,0.1850961538461538,VENTAJA_DEFENDIBLE
5,65,BOLIVAR,RIOVIEJO,7017.0,3341,3300,43,32,9,3676.0,3760.0,ABELARDO DE LA ESPRIELLA,4,1701,0.5154545454545455,IVAN CEPEDA,1.0,1358.0,0.4115151515151515,343.0,0.103939393939394,VENTAJA_DEFENDIBLE
5,70,BOLIVAR,SAN ESTANISLAO,16556.0,7319,7230,121,53,36,9237.0,9447.0,ABELARDO DE LA ESPRIELLA,4,3494,0.4832641770401106,IVAN CEPEDA,1.0,3101.0,0.4289073305670816,393.0,0.054356846473029,RESERVA_DEFINIBLE
5,72,BOLIVAR,SAN CRISTOBAL,8171.0,3652,3637,37,8,7,4519.0,4571.0,IVAN CEPEDA,1,2285,0.6282650536156172,ABELARDO DE LA ESPRIELLA,4.0,1192.0,0.3277426450371185,1093.0,0.3005224085784987,CONSOLIDADO
5,73,BOLIVAR,SAN FERNANDO,10249.0,3750,3726,27,12,12,6499.0,6550.0,ABELARDO DE LA ESPRIELLA,4,1899,0.5096618357487923,IVAN CEPEDA,1.0,1637.0,0.439345142243693,262.0,0.0703166935050993,RESERVA_DEFINIBLE
5,76,BOLIVAR,SAN JACINTO,22212.0,11140,11044,113,66,30,11072.0,11281.0,IVAN CEPEDA,1,5173,0.4683991307497283,ABELARDO DE LA ESPRIELLA,4.0,5067.0,0.4588011590003621,106.0,0.0095979717493661,BISAGRA
5,78,BOLIVAR,SAN JACINTO DEL CAUCA,7467.0,3033,3012,25,12,9,4434.0,4480.0,ABELARDO DE LA ESPRIELLA,4,1589,0.5275564409030544,IVAN CEPEDA,1.0,1134.0,0.3764940239043824,455.0,0.1510624169986719,VENTAJA_DEFENDIBLE
5,79,BOLIVAR,SAN JUAN NEPOMUCENO,32807.0,14564,14433,214,75,56,18243.0,18588.0,ABELARDO DE LA ESPRIELLA,4,7609,0.5271946234324119,IVAN CEPEDA,1.0,5954.0,0.4125268481951084,1655.0,0.1146677752373034,VENTAJA_DEFENDIBLE
5,82,BOLIVAR,SAN MARTIN DE LOBA,13106.0,5441,5396,46,27,18,7665.0,7756.0,IVAN CEPEDA,1,2589,0.4797998517420311,ABELARDO DE LA ESPRIELLA,4.0,2484.0,0.4603409933283914,105.0,0.0194588584136397,BISAGRA
5,84,BOLIVAR,SAN PABLO,21137.0,9262,9121,176,102,39,11875.0,12192.0,IVAN CEPEDA,1,4521,0.4956693345027957,ABELARDO DE LA ESPRIELLA,4.0,3802.0,0.4168402587435588,719.0,0.0788290757592369,RESERVA_DEFINIBLE
5,91,BOLIVAR,SANTA CATALINA,14327.0,5635,5595,70,20,20,8692.0,8802.0,IVAN CEPEDA,1,4011,0.7168900804289544,ABELARDO DE LA ESPRIELLA,4.0,1288.0,0.2302055406613047,2723.0,0.4866845397676497,CONSOLIDADO
5,94,BOLIVAR,SANTA ROSA,17564.0,7199,7133,113,54,12,10365.0,10544.0,IVAN CEPEDA,1,5107,0.7159680358895275,ABELARDO DE LA ESPRIELLA,4.0,1575.0,0.2208047105004906,3532.0,0.4951633253890368,CONSOLIDADO
5,95,BOLIVAR,SANTA ROSA DEL SUR,27828.0,14619,14429,312,161,29,13209.0,13711.0,ABELARDO DE LA ESPRIELLA,4,10104,0.7002564280268903,IVAN CEPEDA,1.0,2799.0,0.193984337098898,7305.0,0.5062720909279922,CONSOLIDADO
5,97,BOLIVAR,SIMITI,13893.0,6635,6558,107,58,19,7258.0,7442.0,ABELARDO DE LA ESPRIELLA,4,3770,0.5748703873132053,IVAN CEPEDA,1.0,2035.0,0.3103080207380299,1735.0,0.2645623665751754,CONSOLIDADO
5,106,BOLIVAR,SOPLAVIENTO,8956.0,4821,4778,45,33,10,4135.0,4223.0,IVAN CEPEDA,1,3669,0.7678945165341147,ABELARDO DE LA ESPRIELLA,4.0,969.0,0.2028045207199665,2700.0,0.5650899958141482,CONSOLIDADO
5,110,BOLIVAR,TALAIGUA NUEVO,10594.0,5259,5244,47,10,5,5335.0,5397.0,ABELARDO DE LA ESPRIELLA,4,2840,0.5415713196033562,IVAN CEPEDA,1.0,2177.0,0.4151411136536995,663.0,0.1264302059496567,VENTAJA_DEFENDIBLE
5,113,BOLIVAR,TIQUISIO (PTO. RICO),15438.0,5142,5086,62,32,24,10296.0,10414.0,ABELARDO DE LA ESPRIELLA,4,2490,0.48957923712151,IVAN CEPEDA,1.0,2255.0,0.4433739677546205,235.0,0.0462052693668895,BISAGRA
5,118,BOLIVAR,TURBACO,77424.0,38023,37755,693,196,72,39401.0,40362.0,IVAN CEPEDA,1,22333,0.5915243014170308,ABELARDO DE LA ESPRIELLA,4.0,12311.0,0.326076016421666,10022.0,0.2654482849953648,CONSOLIDADO
5,121,BOLIVAR,TURBANA,17065.0,8532,8482,109,25,25,8533.0,8692.0,IVAN CEPEDA,1,5995,0.7067908512143363,ABELARDO DE LA ESPRIELLA,4.0,2028.0,0.2390945531714218,3967.0,0.4676962980429144,CONSOLIDADO
5,124,BOLIVAR,VILLANUEVA,17747.0,7453,7342,127,64,47,10294.0,10532.0,IVAN CEPEDA,1,3845,0.5236992645055843,ABELARDO DE LA ESPRIELLA,4.0,2916.0,0.3971669844728956,929.0,0.1265322800326886,VENTAJA_DEFENDIBLE
5,127,BOLIVAR,ZAMBRANO,10102.0,5054,5021,25,21,12,5048.0,5106.0,IVAN CEPEDA,1,3889,0.7745469030073691,ABELARDO DE LA ESPRIELLA,4.0,1030.0,0.2051384186417048,2859.0,0.5694084843656642,CONSOLIDADO
7,1,BOYACA,TUNJA,142355.0,103635,102433,1866,1124,78,38720.0,41788.0,IVAN CEPEDA,1,44172,0.4312282174689797,ABELARDO DE LA ESPRIELLA,4.0,37018.0,0.3613874434996534,7154.0,0.0698407739693263,RESERVA_DEFINIBLE
7,7,BOYACA,ALMEIDA,1976.0,1008,990,10,13,5,968.0,996.0,ABELARDO DE LA ESPRIELLA,4,641,0.6474747474747474,IVAN CEPEDA,1.0,235.0,0.2373737373737373,406.0,0.4101010101010101,VENTAJA_DEFENDIBLE
7,8,BOYACA,AQUITANIA (PUEBLOVIEJO),12939.0,7555,7441,99,99,15,5384.0,5597.0,ABELARDO DE LA ESPRIELLA,4,4882,0.6560946109393899,IVAN CEPEDA,1.0,1210.0,0.1626125520763338,3672.0,0.4934820588630561,CONSOLIDADO
7,10,BOYACA,ARCABUCO,5165.0,3367,3314,61,45,8,1798.0,1912.0,ABELARDO DE LA ESPRIELLA,4,1718,0.5184067592033796,IVAN CEPEDA,1.0,1019.0,0.3074834037417018,699.0,0.2109233554616778,CONSOLIDADO
7,13,BOYACA,BELEN,7008.0,4556,4496,69,54,6,2452.0,2581.0,ABELARDO DE LA ESPRIELLA,4,2430,0.5404804270462633,IVAN CEPEDA,1.0,1222.0,0.271797153024911,1208.0,0.2686832740213523,CONSOLIDADO
7,16,BOYACA,BERBEO,1471.0,914,905,22,8,1,557.0,588.0,ABELARDO DE LA ESPRIELLA,4,460,0.5082872928176796,IVAN CEPEDA,1.0,335.0,0.3701657458563536,125.0,0.138121546961326,VENTAJA_DEFENDIBLE
7,19,BOYACA,BETEITIVA,2014.0,1225,1216,10,6,3,789.0,808.0,ABELARDO DE LA ESPRIELLA,4,658,0.5411184210526315,IVAN CEPEDA,1.0,376.0,0.3092105263157895,282.0,0.231907894736842,VENTAJA_DEFENDIBLE
7,22,BOYACA,BOAVITA,4879.0,2713,2686,32,17,10,2166.0,2225.0,ABELARDO DE LA ESPRIELLA,4,1704,0.6344005956813105,IVAN CEPEDA,1.0,548.0,0.2040208488458674,1156.0,0.430379746835443,CONSOLIDADO
7,25,BOYACA,BOYACA,4550.0,2446,2413,41,21,12,2104.0,2178.0,ABELARDO DE LA ESPRIELLA,4,1438,0.5959386655615416,IVAN CEPEDA,1.0,673.0,0.2789059262329051,765.0,0.3170327393286365,CONSOLIDADO
7,28,BOYACA,BRICEÑO,2442.0,1439,1431,17,3,5,1003.0,1028.0,ABELARDO DE LA ESPRIELLA,4,1048,0.7323549965059399,IVAN CEPEDA,1.0,192.0,0.1341719077568134,856.0,0.5981830887491265,CONSOLIDADO
7,31,BOYACA,BUENAVISTA,5008.0,3120,3089,20,26,5,1888.0,1939.0,ABELARDO DE LA ESPRIELLA,4,2257,0.7306571706053739,IVAN CEPEDA,1.0,486.0,0.1573324700550339,1771.0,0.5733247005503399,CONSOLIDADO
7,34,BOYACA,BUSBANZA,980.0,687,682,6,5,0,293.0,304.0,ABELARDO DE LA ESPRIELLA,4,404,0.592375366568915,IVAN CEPEDA,1.0,169.0,0.2478005865102639,235.0,0.344574780058651,VENTAJA_DEFENDIBLE
7,37,BOYACA,CALDAS,3219.0,1937,1920,20,13,4,1282.0,1319.0,ABELARDO DE LA ESPRIELLA,4,1193,0.6213541666666667,IVAN CEPEDA,1.0,434.0,0.2260416666666666,759.0,0.3953124999999999,CONSOLIDADO
7,40,BOYACA,CAMPOHERMOSO,2383.0,1404,1395,15,9,0,979.0,1003.0,ABELARDO DE LA ESPRIELLA,4,1060,0.7598566308243727,IVAN CEPEDA,1.0,195.0,0.1397849462365591,865.0,0.6200716845878136,CONSOLIDADO
7,43,BOYACA,CERINZA,3658.0,2352,2307,55,39,6,1306.0,1406.0,ABELARDO DE LA ESPRIELLA,4,974,0.4221933246640659,IVAN CEPEDA,1.0,785.0,0.3402687472908539,189.0,0.0819245773732119,RESERVA_DEFINIBLE
7,46,BOYACA,CIENEGA,3861.0,2428,2407,24,11,10,1433.0,1478.0,ABELARDO DE LA ESPRIELLA,4,1772,0.7361861238055671,IVAN CEPEDA,1.0,280.0,0.1163273784794349,1492.0,0.6198587453261322,CONSOLIDADO
7,49,BOYACA,COMBITA,10018.0,6074,6000,97,67,7,3944.0,4115.0,ABELARDO DE LA ESPRIELLA,4,2554,0.4256666666666667,IVAN CEPEDA,1.0,2125.0,0.3541666666666667,429.0,0.0715,RESERVA_DEFINIBLE
7,52,BOYACA,COPER,3192.0,1798,1788,10,5,5,1394.0,1414.0,ABELARDO DE LA ESPRIELLA,4,1424,0.796420581655481,IVAN CEPEDA,1.0,222.0,0.1241610738255033,1202.0,0.6722595078299777,CONSOLIDADO
7,55,BOYACA,CORRALES,2423.0,1735,1722,20,8,5,688.0,721.0,ABELARDO DE LA ESPRIELLA,4,931,0.540650406504065,IVAN CEPEDA,1.0,524.0,0.3042973286875726,407.0,0.2363530778164924,VENTAJA_DEFENDIBLE
7,58,BOYACA,COVARACHIA,3418.0,1879,1869,11,6,4,1539.0,1560.0,ABELARDO DE LA ESPRIELLA,4,1467,0.7849117174959872,IVAN CEPEDA,1.0,195.0,0.1043338683788122,1272.0,0.680577849117175,CONSOLIDADO
7,59,BOYACA,CUBARA,7075.0,3042,2979,50,51,12,4033.0,4146.0,IVAN CEPEDA,1,1679,0.563611950318899,ABELARDO DE LA ESPRIELLA,4.0,1051.0,0.3528029540114132,628.0,0.2108089963074857,CONSOLIDADO
7,60,BOYACA,CUCAITA,3447.0,2212,2190,33,18,4,1235.0,1290.0,ABELARDO DE LA ESPRIELLA,4,985,0.4497716894977169,IVAN CEPEDA,1.0,838.0,0.382648401826484,147.0,0.0671232876712328,RESERVA_DEFINIBLE
7,61,BOYACA,CUITIVA,1858.0,1108,1098,9,8,2,750.0,769.0,ABELARDO DE LA ESPRIELLA,4,573,0.5218579234972678,IVAN CEPEDA,1.0,284.0,0.2586520947176685,289.0,0.2632058287795993,VENTAJA_DEFENDIBLE
7,64,BOYACA,CHINAVITA,3081.0,1925,1914,15,7,4,1156.0,1182.0,ABELARDO DE LA ESPRIELLA,4,1355,0.7079414838035528,IVAN CEPEDA,1.0,353.0,0.1844305120167189,1002.0,0.5235109717868339,CONSOLIDADO
7,67,BOYACA,CHIQUINQUIRA,44207.0,29399,29018,452,359,22,14808.0,15641.0,ABELARDO DE LA ESPRIELLA,4,15041,0.5183334482045627,IVAN CEPEDA,1.0,9233.0,0.3181818181818182,5808.0,0.2001516300227445,CONSOLIDADO
7,68,BOYACA,CHIQUIZA,4769.0,2410,2383,26,22,5,2359.0,2412.0,ABELARDO DE LA ESPRIELLA,4,1480,0.6210658833403273,IVAN CEPEDA,1.0,689.0,0.2891313470415442,791.0,0.331934536298783,CONSOLIDADO
7,70,BOYACA,CHISCAS,3173.0,1592,1584,13,5,3,1581.0,1602.0,ABELARDO DE LA ESPRIELLA,4,1152,0.7272727272727273,IVAN CEPEDA,1.0,209.0,0.1319444444444444,943.0,0.5953282828282829,CONSOLIDADO
7,73,BOYACA,CHITA,6277.0,3235,3201,32,13,21,3042.0,3108.0,ABELARDO DE LA ESPRIELLA,4,2402,0.7503905029678225,IVAN CEPEDA,1.0,520.0,0.162449234614183,1882.0,0.5879412683536395,CONSOLIDADO
7,76,BOYACA,CHITARAQUE,5796.0,2922,2905,17,9,8,2874.0,2908.0,ABELARDO DE LA ESPRIELLA,4,2043,0.7032702237521514,IVAN CEPEDA,1.0,452.0,0.1555938037865748,1591.0,0.5476764199655766,CONSOLIDADO
7,77,BOYACA,CHIVATA,3355.0,2268,2245,35,19,4,1087.0,1145.0,ABELARDO DE LA ESPRIELLA,4,1067,0.4752783964365256,IVAN CEPEDA,1.0,659.0,0.2935412026726058,408.0,0.1817371937639197,VENTAJA_DEFENDIBLE
7,78,BOYACA,CHIVOR,1897.0,1140,1132,8,6,2,757.0,773.0,ABELARDO DE LA ESPRIELLA,4,936,0.8268551236749117,IVAN CEPEDA,1.0,114.0,0.1007067137809187,822.0,0.726148409893993,VENTAJA_DEFENDIBLE
7,79,BOYACA,DUITAMA,97592.0,70029,69312,1116,680,37,27563.0,29396.0,ABELARDO DE LA ESPRIELLA,4,29238,0.4218317174515235,IVAN CEPEDA,1.0,27239.0,0.3929911126500461,1999.0,0.0288406048014773,BISAGRA
7,82,BOYACA,EL COCUY,3356.0,1845,1809,40,29,7,1511.0,1587.0,ABELARDO DE LA ESPRIELLA,4,1270,0.7020453289110006,IVAN CEPEDA,1.0,271.0,0.1498065229408513,999.0,0.5522388059701493,CONSOLIDADO
7,85,BOYACA,EL ESPINO,2184.0,1334,1325,10,5,4,850.0,869.0,ABELARDO DE LA ESPRIELLA,4,916,0.6913207547169812,PALOMA VALENCIA,11.0,210.0,0.1584905660377358,706.0,0.5328301886792454,VENTAJA_DEFENDIBLE
7,88,BOYACA,FIRAVITOBA,6034.0,3595,3550,81,39,6,2439.0,2565.0,ABELARDO DE LA ESPRIELLA,4,1461,0.4115492957746479,IVAN CEPEDA,1.0,1384.0,0.3898591549295774,77.0,0.0216901408450704,BISAGRA
7,91,BOYACA,FLORESTA,3567.0,2446,2431,30,9,6,1121.0,1166.0,ABELARDO DE LA ESPRIELLA,4,1578,0.6491155902920609,IVAN CEPEDA,1.0,485.0,0.1995063759769642,1093.0,0.4496092143150967,CONSOLIDADO
7,94,BOYACA,GACHANTIVA,3010.0,1847,1813,20,25,9,1163.0,1217.0,ABELARDO DE LA ESPRIELLA,4,1176,0.6486486486486487,IVAN CEPEDA,1.0,368.0,0.2029784886927744,808.0,0.4456701599558743,CONSOLIDADO
7,97,BOYACA,GAMEZA,4017.0,2543,2520,29,20,3,1474.0,1526.0,ABELARDO DE LA ESPRIELLA,4,1791,0.7107142857142857,IVAN CEPEDA,1.0,387.0,0.1535714285714285,1404.0,0.5571428571428572,CONSOLIDADO
7,100,BOYACA,GARAGOA,12611.0,8295,8186,155,100,9,4316.0,4580.0,ABELARDO DE LA ESPRIELLA,4,4280,0.5228438797947715,IVAN CEPEDA,1.0,2534.0,0.3095528951869045,1746.0,0.213290984607867,CONSOLIDADO
7,103,BOYACA,GUACAMAYAS,1553.0,885,875,11,9,1,668.0,689.0,ABELARDO DE LA ESPRIELLA,4,593,0.6777142857142857,IVAN CEPEDA,1.0,151.0,0.1725714285714285,442.0,0.5051428571428571,VENTAJA_DEFENDIBLE
7,106,BOYACA,GUATEQUE,9177.0,5748,5673,108,66,9,3429.0,3612.0,ABELARDO DE LA ESPRIELLA,4,2901,0.511369645690111,IVAN CEPEDA,1.0,1827.0,0.3220518244315177,1074.0,0.1893178212585933,VENTAJA_DEFENDIBLE
7,109,BOYACA,GUAYATA,3891.0,2454,2432,33,12,10,1437.0,1492.0,ABELARDO DE LA ESPRIELLA,4,1748,0.71875,IVAN CEPEDA,1.0,378.0,0.1554276315789473,1370.0,0.5633223684210527,CONSOLIDADO
7,112,BOYACA,GUICAN,3076.0,1644,1615,32,23,6,1432.0,1493.0,ABELARDO DE LA ESPRIELLA,4,812,0.5027863777089784,IVAN CEPEDA,1.0,590.0,0.3653250773993808,222.0,0.1374613003095975,VENTAJA_DEFENDIBLE
7,118,BOYACA,IZA,2275.0,1460,1446,16,13,1,815.0,845.0,ABELARDO DE LA ESPRIELLA,4,826,0.5712309820193637,IVAN CEPEDA,1.0,373.0,0.2579529737206086,453.0,0.3132780082987551,VENTAJA_DEFENDIBLE
7,121,BOYACA,JENESANO,6469.0,3885,3843,39,33,9,2584.0,2665.0,ABELARDO DE LA ESPRIELLA,4,2441,0.6351808482956024,IVAN CEPEDA,1.0,992.0,0.2581316679677335,1449.0,0.3770491803278688,CONSOLIDADO
7,124,BOYACA,JERICO,3369.0,1808,1779,6,14,15,1561.0,1596.0,ABELARDO DE LA ESPRIELLA,4,1422,0.7993254637436762,IVAN CEPEDA,1.0,166.0,0.0933108487914558,1256.0,0.7060146149522203,CONSOLIDADO
7,127,BOYACA,LABRANZAGRANDE,3156.0,1886,1872,13,8,6,1270.0,1297.0,ABELARDO DE LA ESPRIELLA,4,1422,0.7596153846153846,IVAN CEPEDA,1.0,299.0,0.1597222222222222,1123.0,0.5998931623931624,CONSOLIDADO
7,130,BOYACA,LA CAPILLA,2459.0,1559,1546,16,10,3,900.0,929.0,ABELARDO DE LA ESPRIELLA,4,1018,0.6584734799482536,IVAN CEPEDA,1.0,315.0,0.203751617076326,703.0,0.4547218628719275,CONSOLIDADO
7,136,BOYACA,LA UVITA,2390.0,1428,1421,23,6,1,962.0,992.0,ABELARDO DE LA ESPRIELLA,4,1048,0.7375087966220971,IVAN CEPEDA,1.0,164.0,0.1154116819141449,884.0,0.6220971147079521,CONSOLIDADO
7,137,BOYACA,LA VICTORIA,1586.0,728,719,7,7,2,858.0,874.0,ABELARDO DE LA ESPRIELLA,4,474,0.6592489568845619,IVAN CEPEDA,1.0,162.0,0.2253129346314325,312.0,0.4339360222531293,VENTAJA_DEFENDIBLE
7,139,BOYACA,VILLA DE LEIVA,14104.0,10124,10037,166,70,17,3980.0,4233.0,ABELARDO DE LA ESPRIELLA,4,5160,0.5140978379994022,IVAN CEPEDA,1.0,3142.0,0.3130417455414964,2018.0,0.2010560924579058,CONSOLIDADO
7,142,BOYACA,MACANAL,3654.0,2141,2122,36,17,2,1513.0,1568.0,ABELARDO DE LA ESPRIELLA,4,1403,0.6611687087653157,IVAN CEPEDA,1.0,394.0,0.1856738925541941,1009.0,0.4754948162111215,CONSOLIDADO
7,148,BOYACA,MARIPI,5932.0,2840,2826,14,8,6,3092.0,3120.0,ABELARDO DE LA ESPRIELLA,4,1996,0.7062986553432413,PALOMA VALENCIA,11.0,383.0,0.1355272469922151,1613.0,0.5707714083510262,CONSOLIDADO
7,151,BOYACA,MIRAFLORES,7629.0,5073,5026,100,39,8,2556.0,2703.0,ABELARDO DE LA ESPRIELLA,4,2562,0.5097493036211699,IVAN CEPEDA,1.0,1900.0,0.3780342220453641,662.0,0.1317150815758057,VENTAJA_DEFENDIBLE
7,154,BOYACA,MONGUA,4098.0,2912,2892,15,15,5,1186.0,1221.0,ABELARDO DE LA ESPRIELLA,4,2280,0.7883817427385892,IVAN CEPEDA,1.0,375.0,0.1296680497925311,1905.0,0.6587136929460581,CONSOLIDADO
7,157,BOYACA,MONGUI,4026.0,2791,2766,27,23,2,1235.0,1287.0,ABELARDO DE LA ESPRIELLA,4,1546,0.5589298626174982,IVAN CEPEDA,1.0,766.0,0.2769342010122921,780.0,0.2819956616052061,CONSOLIDADO
7,160,BOYACA,MONIQUIRA,20012.0,12702,12501,165,179,22,7310.0,7676.0,ABELARDO DE LA ESPRIELLA,4,6697,0.5357171426285897,IVAN CEPEDA,1.0,3719.0,0.2974962003039756,2978.0,0.238220942324614,CONSOLIDADO
7,161,BOYACA,MOTAVITA,5835.0,3702,3648,54,51,3,2133.0,2241.0,ABELARDO DE LA ESPRIELLA,4,1710,0.46875,IVAN CEPEDA,1.0,1528.0,0.418859649122807,182.0,0.0498903508771929,BISAGRA
7,163,BOYACA,MUZO,7509.0,3994,3934,52,52,8,3515.0,3627.0,ABELARDO DE LA ESPRIELLA,4,2318,0.5892221657346213,IVAN CEPEDA,1.0,1160.0,0.2948652770716827,1158.0,0.2943568886629385,CONSOLIDADO
7,166,BOYACA,NOBSA,13741.0,10169,10063,162,102,4,3572.0,3840.0,IVAN CEPEDA,1,5385,0.5351286892576766,ABELARDO DE LA ESPRIELLA,4.0,3101.0,0.3081586008148663,2284.0,0.2269700884428103,CONSOLIDADO
7,169,BOYACA,NUEVO COLON,4922.0,3088,3062,31,20,6,1834.0,1891.0,ABELARDO DE LA ESPRIELLA,4,1873,0.6116917047681254,IVAN CEPEDA,1.0,850.0,0.2775963422599608,1023.0,0.3340953625081646,CONSOLIDADO
7,173,BOYACA,OICATA,2870.0,1947,1918,30,26,3,923.0,982.0,ABELARDO DE LA ESPRIELLA,4,877,0.4572471324296142,IVAN CEPEDA,1.0,655.0,0.3415015641293014,222.0,0.1157455683003128,VENTAJA_DEFENDIBLE
7,176,BOYACA,OTANCHE,7330.0,4307,4276,25,24,7,3023.0,3079.0,ABELARDO DE LA ESPRIELLA,4,3003,0.7022918615528532,IVAN CEPEDA,1.0,643.0,0.1503741814780168,2360.0,0.5519176800748363,CONSOLIDADO
7,178,BOYACA,PACHAVITA,1946.0,1280,1258,23,17,5,666.0,711.0,ABELARDO DE LA ESPRIELLA,4,831,0.6605723370429253,IVAN CEPEDA,1.0,220.0,0.1748807631160572,611.0,0.485691573926868,VENTAJA_DEFENDIBLE
7,179,BOYACA,PAEZ,2406.0,1616,1599,23,11,6,790.0,830.0,ABELARDO DE LA ESPRIELLA,4,1178,0.7367104440275172,IVAN CEPEDA,1.0,252.0,0.1575984990619137,926.0,0.5791119449656035,CONSOLIDADO
7,181,BOYACA,PAIPA,30726.0,21582,21309,367,251,22,9144.0,9784.0,ABELARDO DE LA ESPRIELLA,4,9133,0.4285982448730583,IVAN CEPEDA,1.0,7950.0,0.3730817964240461,1183.0,0.0555164484490121,RESERVA_DEFINIBLE
7,184,BOYACA,PAJARITO,1782.0,1079,1073,7,4,2,703.0,716.0,ABELARDO DE LA ESPRIELLA,4,776,0.723205964585275,IVAN CEPEDA,1.0,187.0,0.1742777260018639,589.0,0.5489282385834111,VENTAJA_DEFENDIBLE
7,187,BOYACA,PANQUEBA,1579.0,884,880,9,1,3,695.0,708.0,ABELARDO DE LA ESPRIELLA,4,584,0.6636363636363637,IVAN CEPEDA,1.0,145.0,0.1647727272727272,439.0,0.4988636363636364,VENTAJA_DEFENDIBLE
7,190,BOYACA,PAUNA,6873.0,3879,3814,36,47,18,2994.0,3095.0,ABELARDO DE LA ESPRIELLA,4,2325,0.6095962244362874,IVAN CEPEDA,1.0,844.0,0.2212899842684845,1481.0,0.3883062401678028,CONSOLIDADO
7,193,BOYACA,PAYA,1763.0,978,962,9,9,7,785.0,810.0,ABELARDO DE LA ESPRIELLA,4,755,0.7848232848232848,IVAN CEPEDA,1.0,115.0,0.1195426195426195,640.0,0.6652806652806652,VENTAJA_DEFENDIBLE
7,199,BOYACA,PAZ DE RIO,4047.0,2381,2351,60,22,8,1666.0,1756.0,IVAN CEPEDA,1,1103,0.4691620586984262,ABELARDO DE LA ESPRIELLA,4.0,854.0,0.3632496809868141,249.0,0.1059123777116121,VENTAJA_DEFENDIBLE
7,202,BOYACA,PESCA,6416.0,3590,3552,46,35,3,2826.0,2910.0,ABELARDO DE LA ESPRIELLA,4,2246,0.6323198198198198,IVAN CEPEDA,1.0,659.0,0.1855292792792792,1587.0,0.4467905405405404,CONSOLIDADO
7,205,BOYACA,PISBA,1251.0,713,704,7,5,4,538.0,554.0,ABELARDO DE LA ESPRIELLA,4,492,0.6988636363636364,IVAN CEPEDA,1.0,126.0,0.1789772727272727,366.0,0.5198863636363636,VENTAJA_DEFENDIBLE
7,214,BOYACA,PUERTO BOYACA,39824.0,24642,23846,489,714,82,15182.0,16467.0,ABELARDO DE LA ESPRIELLA,4,12009,0.503606474880483,IVAN CEPEDA,1.0,8243.0,0.3456764237188627,3766.0,0.1579300511616203,VENTAJA_DEFENDIBLE
7,215,BOYACA,QUIPAMA,4965.0,2445,2410,28,25,10,2520.0,2583.0,ABELARDO DE LA ESPRIELLA,4,1681,0.6975103734439834,IVAN CEPEDA,1.0,445.0,0.1846473029045643,1236.0,0.512863070539419,CONSOLIDADO
7,217,BOYACA,RAMIRIQUI,9450.0,5865,5806,62,48,11,3585.0,3706.0,ABELARDO DE LA ESPRIELLA,4,3528,0.6076472614536687,IVAN CEPEDA,1.0,1504.0,0.2590423699621081,2024.0,0.3486048914915605,CONSOLIDADO
7,220,BOYACA,RAQUIRA,5546.0,3786,3735,63,40,11,1760.0,1874.0,ABELARDO DE LA ESPRIELLA,4,2248,0.6018741633199465,IVAN CEPEDA,1.0,884.0,0.2366800535475234,1364.0,0.365194109772423,CONSOLIDADO
7,223,BOYACA,RONDON,2259.0,1359,1347,9,9,3,900.0,921.0,ABELARDO DE LA ESPRIELLA,4,917,0.6807720861172977,IVAN CEPEDA,1.0,276.0,0.2048997772828507,641.0,0.4758723088344468,VENTAJA_DEFENDIBLE
7,226,BOYACA,SABOYA,10514.0,6565,6447,84,99,19,3949.0,4151.0,ABELARDO DE LA ESPRIELLA,4,3777,0.5858538855281527,IVAN CEPEDA,1.0,1767.0,0.2740809678920428,2010.0,0.3117729176361098,CONSOLIDADO
7,232,BOYACA,SACHICA,4435.0,3142,3111,35,23,8,1293.0,1359.0,ABELARDO DE LA ESPRIELLA,4,1648,0.5297332047573128,IVAN CEPEDA,1.0,837.0,0.2690453230472517,811.0,0.2606878817100611,CONSOLIDADO
7,235,BOYACA,SAMACA,16357.0,10612,10466,170,128,18,5745.0,6061.0,ABELARDO DE LA ESPRIELLA,4,5988,0.5721383527613224,IVAN CEPEDA,1.0,2519.0,0.2406841200076438,3469.0,0.3314542327536786,CONSOLIDADO
7,237,BOYACA,SAN EDUARDO,1549.0,949,942,26,7,0,600.0,633.0,ABELARDO DE LA ESPRIELLA,4,556,0.5902335456475584,IVAN CEPEDA,1.0,267.0,0.2834394904458598,289.0,0.3067940552016985,VENTAJA_DEFENDIBLE
7,238,BOYACA,SAN JOSE DE PARE,5504.0,3004,2959,23,33,12,2500.0,2568.0,ABELARDO DE LA ESPRIELLA,4,1943,0.6566407570125042,IVAN CEPEDA,1.0,528.0,0.1784386617100371,1415.0,0.478202095302467,CONSOLIDADO
7,241,BOYACA,SAN LUIS DE GACENO,4191.0,2650,2632,20,13,5,1541.0,1579.0,ABELARDO DE LA ESPRIELLA,4,2132,0.8100303951367781,IVAN CEPEDA,1.0,298.0,0.1132218844984802,1834.0,0.6968085106382979,CONSOLIDADO
7,247,BOYACA,SAN MATEO,3524.0,2022,2014,16,6,2,1502.0,1526.0,ABELARDO DE LA ESPRIELLA,4,1600,0.7944389275074478,IVAN CEPEDA,1.0,219.0,0.1087388282025819,1381.0,0.6857000993048659,CONSOLIDADO
7,248,BOYACA,SAN MIGUEL DE SEMA,2881.0,1845,1816,20,23,6,1036.0,1085.0,ABELARDO DE LA ESPRIELLA,4,1105,0.6084801762114538,IVAN CEPEDA,1.0,389.0,0.2142070484581497,716.0,0.394273127753304,CONSOLIDADO
7,249,BOYACA,SAN PABLO DE BORBUR,6064.0,3485,3446,31,33,6,2579.0,2649.0,ABELARDO DE LA ESPRIELLA,4,2415,0.7008125362739408,IVAN CEPEDA,1.0,500.0,0.1450957632037144,1915.0,0.5557167730702264,CONSOLIDADO
7,250,BOYACA,SANTANA,7259.0,3903,3868,36,25,10,3356.0,3427.0,ABELARDO DE LA ESPRIELLA,4,2392,0.6184074457083765,IVAN CEPEDA,1.0,935.0,0.2417269906928645,1457.0,0.3766804550155119,CONSOLIDADO
7,251,BOYACA,SANTA MARIA,3134.0,1951,1908,57,40,3,1183.0,1283.0,ABELARDO DE LA ESPRIELLA,4,1072,0.5618448637316562,IVAN CEPEDA,1.0,625.0,0.3275681341719078,447.0,0.2342767295597484,CONSOLIDADO
7,253,BOYACA,SANTA ROSA DE VITERBO,8967.0,6325,6258,86,57,10,2642.0,2795.0,ABELARDO DE LA ESPRIELLA,4,3449,0.5511345477788431,IVAN CEPEDA,1.0,1649.0,0.2635027165228507,1800.0,0.2876318312559923,CONSOLIDADO
7,256,BOYACA,SANTA SOFIA,3273.0,2127,2113,18,12,2,1146.0,1178.0,ABELARDO DE LA ESPRIELLA,4,1505,0.7122574538570753,IVAN CEPEDA,1.0,300.0,0.1419782300047326,1205.0,0.5702792238523426,CONSOLIDADO
7,259,BOYACA,SATIVANORTE,2479.0,1351,1341,10,8,2,1128.0,1148.0,ABELARDO DE LA ESPRIELLA,4,937,0.6987322893363161,IVAN CEPEDA,1.0,175.0,0.1304996271439224,762.0,0.5682326621923937,VENTAJA_DEFENDIBLE
7,262,BOYACA,SATIVASUR,1254.0,612,606,10,5,1,642.0,658.0,ABELARDO DE LA ESPRIELLA,4,371,0.6122112211221122,IVAN CEPEDA,1.0,134.0,0.2211221122112211,237.0,0.3910891089108911,VENTAJA_DEFENDIBLE
7,265,BOYACA,SIACHOQUE,6298.0,3740,3668,85,59,13,2558.0,2715.0,ABELARDO DE LA ESPRIELLA,4,1880,0.5125408942202835,IVAN CEPEDA,1.0,854.0,0.232824427480916,1026.0,0.2797164667393674,CONSOLIDADO
7,268,BOYACA,SOATA,7661.0,4952,4898,55,45,9,2709.0,2818.0,ABELARDO DE LA ESPRIELLA,4,2807,0.5730910575745202,IVAN CEPEDA,1.0,1301.0,0.2656186198448346,1506.0,0.3074724377296855,CONSOLIDADO
7,271,BOYACA,SOCOTA,5820.0,3157,3112,47,31,14,2663.0,2755.0,ABELARDO DE LA ESPRIELLA,4,1997,0.6417095115681234,IVAN CEPEDA,1.0,562.0,0.1805912596401028,1435.0,0.4611182519280206,CONSOLIDADO
7,274,BOYACA,SOCHA,6834.0,3964,3903,59,56,5,2870.0,2990.0,ABELARDO DE LA ESPRIELLA,4,1879,0.4814245452216243,IVAN CEPEDA,1.0,1120.0,0.2869587496797335,759.0,0.1944657955418908,VENTAJA_DEFENDIBLE
7,277,BOYACA,SOGAMOSO,101453.0,71271,70423,1167,772,76,30182.0,32197.0,ABELARDO DE LA ESPRIELLA,4,29674,0.4213680189710748,IVAN CEPEDA,1.0,27481.0,0.3902276244976783,2193.0,0.0311403944733964,BISAGRA
7,280,BOYACA,SOMONDOCO,2880.0,1728,1704,23,19,5,1152.0,1199.0,ABELARDO DE LA ESPRIELLA,4,1009,0.5921361502347418,IVAN CEPEDA,1.0,436.0,0.2558685446009389,573.0,0.3362676056338028,CONSOLIDADO
7,281,BOYACA,SORA,2968.0,1851,1820,32,25,6,1117.0,1180.0,ABELARDO DE LA ESPRIELLA,4,910,0.5,IVAN CEPEDA,1.0,612.0,0.3362637362637363,298.0,0.1637362637362637,VENTAJA_DEFENDIBLE
7,282,BOYACA,SORACA,6416.0,4033,3961,61,62,10,2383.0,2516.0,ABELARDO DE LA ESPRIELLA,4,1921,0.4849785407725321,IVAN CEPEDA,1.0,1207.0,0.3047210300429184,714.0,0.1802575107296137,VENTAJA_DEFENDIBLE
7,283,BOYACA,SOTAQUIRA,6270.0,4207,4128,54,64,15,2063.0,2196.0,ABELARDO DE LA ESPRIELLA,4,2145,0.5196220930232558,IVAN CEPEDA,1.0,1132.0,0.2742248062015504,1013.0,0.2453972868217054,CONSOLIDADO
7,286,BOYACA,SUSACON,2501.0,1400,1380,20,10,10,1101.0,1141.0,ABELARDO DE LA ESPRIELLA,4,892,0.6463768115942029,IVAN CEPEDA,1.0,219.0,0.158695652173913,673.0,0.4876811594202899,VENTAJA_DEFENDIBLE
7,289,BOYACA,SUTAMARCHAN,6260.0,4207,4183,42,22,2,2053.0,2119.0,ABELARDO DE LA ESPRIELLA,4,2519,0.6021993784365288,IVAN CEPEDA,1.0,1006.0,0.2404972507769543,1513.0,0.3617021276595745,CONSOLIDADO
7,292,BOYACA,SUTATENZA,3938.0,2395,2371,28,22,2,1543.0,1595.0,ABELARDO DE LA ESPRIELLA,4,1349,0.5689582454660481,IVAN CEPEDA,1.0,614.0,0.2589624630957401,735.0,0.3099957823703079,CONSOLIDADO
7,298,BOYACA,TASCO,4934.0,2894,2855,34,31,8,2040.0,2113.0,ABELARDO DE LA ESPRIELLA,4,1626,0.5695271453590193,IVAN CEPEDA,1.0,787.0,0.2756567425569177,839.0,0.2938704028021016,CONSOLIDADO
7,301,BOYACA,TENZA,3593.0,2238,2206,32,29,3,1355.0,1419.0,ABELARDO DE LA ESPRIELLA,4,1331,0.6033544877606528,IVAN CEPEDA,1.0,513.0,0.2325475974614687,818.0,0.3708068902991841,CONSOLIDADO
7,304,BOYACA,TIBANA,7542.0,4212,4164,40,35,13,3330.0,3418.0,ABELARDO DE LA ESPRIELLA,4,2736,0.6570605187319885,IVAN CEPEDA,1.0,944.0,0.2267050912584053,1792.0,0.4303554274735831,CONSOLIDADO
7,307,BOYACA,TIBASOSA,10335.0,7010,6912,105,86,12,3325.0,3528.0,IVAN CEPEDA,1,2906,0.4204282407407407,ABELARDO DE LA ESPRIELLA,4.0,2825.0,0.4087094907407407,81.0,0.01171875,BISAGRA
7,310,BOYACA,TINJACA,3116.0,2289,2278,21,7,4,827.0,859.0,ABELARDO DE LA ESPRIELLA,4,1237,0.5430201931518877,IVAN CEPEDA,1.0,732.0,0.321334503950834,505.0,0.2216856892010535,CONSOLIDADO
7,311,BOYACA,TIPACOQUE,3619.0,1981,1960,21,11,10,1638.0,1680.0,ABELARDO DE LA ESPRIELLA,4,1268,0.6469387755102041,IVAN CEPEDA,1.0,394.0,0.2010204081632653,874.0,0.4459183673469388,CONSOLIDADO
7,313,BOYACA,TOCA,8015.0,4950,4866,168,76,8,3065.0,3317.0,ABELARDO DE LA ESPRIELLA,4,2430,0.499383477188656,IVAN CEPEDA,1.0,1443.0,0.2965474722564735,987.0,0.2028360049321825,VENTAJA_DEFENDIBLE
7,316,BOYACA,TOGUI,4469.0,2326,2288,32,30,8,2143.0,2213.0,ABELARDO DE LA ESPRIELLA,4,1471,0.6429195804195804,IVAN CEPEDA,1.0,440.0,0.1923076923076923,1031.0,0.4506118881118881,CONSOLIDADO
7,319,BOYACA,TOPAGA,3476.0,2471,2440,37,26,5,1005.0,1073.0,ABELARDO DE LA ESPRIELLA,4,1460,0.5983606557377049,IVAN CEPEDA,1.0,580.0,0.2377049180327868,880.0,0.360655737704918,CONSOLIDADO
7,322,BOYACA,TOTA,4491.0,2180,2153,30,21,6,2311.0,2368.0,ABELARDO DE LA ESPRIELLA,4,1410,0.6549001393404552,IVAN CEPEDA,1.0,411.0,0.1908964235949837,999.0,0.4640037157454715,CONSOLIDADO
7,324,BOYACA,TUNUNGUA,1578.0,957,950,5,1,6,621.0,633.0,ABELARDO DE LA ESPRIELLA,4,645,0.6789473684210526,IVAN CEPEDA,1.0,230.0,0.2421052631578947,415.0,0.4368421052631579,VENTAJA_DEFENDIBLE
7,325,BOYACA,TURMEQUE,5716.0,3602,3561,53,35,6,2114.0,2208.0,ABELARDO DE LA ESPRIELLA,4,2076,0.5829823083403538,IVAN CEPEDA,1.0,909.0,0.2552653748946925,1167.0,0.3277169334456613,CONSOLIDADO
7,328,BOYACA,TUTA,8624.0,5751,5685,98,58,8,2873.0,3037.0,ABELARDO DE LA ESPRIELLA,4,2750,0.4837291116974494,IVAN CEPEDA,1.0,1947.0,0.3424802110817942,803.0,0.1412489006156552,VENTAJA_DEFENDIBLE
7,331,BOYACA,TUTAZA,2095.0,1322,1306,23,14,2,773.0,812.0,ABELARDO DE LA ESPRIELLA,4,727,0.5566615620214395,IVAN CEPEDA,1.0,336.0,0.2572741194486983,391.0,0.2993874425727411,VENTAJA_DEFENDIBLE
7,334,BOYACA,UMBITA,5746.0,3802,3780,40,17,5,1944.0,2006.0,ABELARDO DE LA ESPRIELLA,4,2703,0.7150793650793651,IVAN CEPEDA,1.0,632.0,0.1671957671957672,2071.0,0.5478835978835979,CONSOLIDADO
7,337,BOYACA,VENTAQUEMADA,11975.0,7035,6924,145,92,19,4940.0,5196.0,ABELARDO DE LA ESPRIELLA,4,3623,0.5232524552281917,IVAN CEPEDA,1.0,2205.0,0.3184575389948006,1418.0,0.204794916233391,CONSOLIDADO
7,340,BOYACA,VIRACACHA,2485.0,1521,1504,15,13,4,964.0,996.0,ABELARDO DE LA ESPRIELLA,4,1073,0.7134308510638298,IVAN CEPEDA,1.0,221.0,0.1469414893617021,852.0,0.5664893617021276,CONSOLIDADO
7,346,BOYACA,ZETAQUIRA,4639.0,2831,2815,31,13,3,1808.0,1855.0,ABELARDO DE LA ESPRIELLA,4,1889,0.6710479573712256,IVAN CEPEDA,1.0,632.0,0.2245115452930728,1257.0,0.4465364120781527,CONSOLIDADO
9,1,CALDAS,MANIZALES,348633.0,234757,230488,4530,3800,469,113876.0,122675.0,ABELARDO DE LA ESPRIELLA,4,98540,0.4275276803998473,IVAN CEPEDA,1.0,73993.0,0.3210275589184686,24547.0,0.1065001214813786,VENTAJA_DEFENDIBLE
9,4,CALDAS,AGUADAS,18959.0,11026,10770,178,189,67,7933.0,8367.0,ABELARDO DE LA ESPRIELLA,4,5965,0.5538532961931291,PALOMA VALENCIA,11.0,2250.0,0.2089136490250696,3715.0,0.3449396471680594,CONSOLIDADO
9,7,CALDAS,ANSERMA,29450.0,15704,15264,311,365,75,13746.0,14497.0,ABELARDO DE LA ESPRIELLA,4,7569,0.4958726415094339,IVAN CEPEDA,1.0,3630.0,0.237814465408805,3939.0,0.2580581761006289,VENTAJA_DEFENDIBLE
9,13,CALDAS,ARANZAZU,11178.0,6021,5859,142,126,36,5157.0,5461.0,ABELARDO DE LA ESPRIELLA,4,2967,0.5064004096262161,PALOMA VALENCIA,11.0,1190.0,0.2031063321385902,1777.0,0.3032940774876259,CONSOLIDADO
9,22,CALDAS,BELALCAZAR,10328.0,5331,5229,93,71,31,4997.0,5192.0,ABELARDO DE LA ESPRIELLA,4,1930,0.3690954293363931,IVAN CEPEDA,1.0,1331.0,0.2545419774335437,599.0,0.1145534519028494,RESERVA_DEFINIBLE
9,34,CALDAS,CHINCHINA,47723.0,27154,26429,614,615,110,20569.0,21908.0,ABELARDO DE LA ESPRIELLA,4,11936,0.4516251087820197,IVAN CEPEDA,1.0,8441.0,0.3193840099890272,3495.0,0.1322410987929925,VENTAJA_DEFENDIBLE
9,37,CALDAS,FILADELFIA,9182.0,4715,4588,69,91,36,4467.0,4663.0,ABELARDO DE LA ESPRIELLA,4,2313,0.5041412380122058,PALOMA VALENCIA,11.0,757.0,0.1649956408020924,1556.0,0.3391455972101134,CONSOLIDADO
9,49,CALDAS,LA DORADA,57276.0,31577,30571,595,898,108,25699.0,27300.0,ABELARDO DE LA ESPRIELLA,4,13888,0.4542867423375094,IVAN CEPEDA,1.0,11685.0,0.382224984462399,2203.0,0.0720617578751104,RESERVA_DEFINIBLE
9,52,CALDAS,LA MERCED,5647.0,2862,2808,47,32,22,2785.0,2886.0,ABELARDO DE LA ESPRIELLA,4,1233,0.4391025641025641,IVAN CEPEDA,1.0,657.0,0.2339743589743589,576.0,0.2051282051282051,VENTAJA_DEFENDIBLE
9,55,CALDAS,MANZANARES,15388.0,7956,7793,140,122,41,7432.0,7735.0,ABELARDO DE LA ESPRIELLA,4,3948,0.5066084948030284,PALOMA VALENCIA,11.0,1728.0,0.2217374566919029,2220.0,0.2848710381111254,CONSOLIDADO
9,58,CALDAS,MARMATO,7814.0,3203,3090,85,90,23,4611.0,4809.0,ABELARDO DE LA ESPRIELLA,4,1261,0.4080906148867314,IVAN CEPEDA,1.0,1092.0,0.3533980582524272,169.0,0.0546925566343041,RESERVA_DEFINIBLE
9,61,CALDAS,MARQUETALIA,12327.0,6787,6666,104,99,22,5540.0,5765.0,ABELARDO DE LA ESPRIELLA,4,2878,0.4317431743174317,PALOMA VALENCIA,11.0,2136.0,0.3204320432043204,742.0,0.1113111311131113,VENTAJA_DEFENDIBLE
9,67,CALDAS,MARULANDA,2359.0,1186,1152,18,21,13,1173.0,1225.0,ABELARDO DE LA ESPRIELLA,4,661,0.5737847222222222,PALOMA VALENCIA,11.0,155.0,0.1345486111111111,506.0,0.4392361111111111,VENTAJA_DEFENDIBLE
9,76,CALDAS,NEIRA,19798.0,10902,10562,203,258,82,8896.0,9439.0,ABELARDO DE LA ESPRIELLA,4,5288,0.5006627532664268,IVAN CEPEDA,1.0,2333.0,0.2208861957962507,2955.0,0.2797765574701761,CONSOLIDADO
9,78,CALDAS,NORCASIA,6716.0,3300,3203,91,73,24,3416.0,3604.0,ABELARDO DE LA ESPRIELLA,4,1622,0.5064002497658445,IVAN CEPEDA,1.0,941.0,0.293787074617546,681.0,0.2126131751482984,CONSOLIDADO
9,79,CALDAS,PACORA,11981.0,6982,6768,142,151,63,4999.0,5355.0,ABELARDO DE LA ESPRIELLA,4,3463,0.5116725768321513,PALOMA VALENCIA,11.0,1365.0,0.2016843971631205,2098.0,0.3099881796690307,CONSOLIDADO
9,82,CALDAS,PALESTINA,14895.0,7871,7662,120,173,36,7024.0,7353.0,ABELARDO DE LA ESPRIELLA,4,3180,0.4150352388410336,IVAN CEPEDA,1.0,2194.0,0.2863482119551031,986.0,0.1286870268859305,VENTAJA_DEFENDIBLE
9,85,CALDAS,PENSILVANIA,16297.0,8985,8795,177,136,54,7312.0,7679.0,ABELARDO DE LA ESPRIELLA,4,4035,0.4587833996588971,PALOMA VALENCIA,11.0,2401.0,0.2729960204661739,1634.0,0.1857873791927231,VENTAJA_DEFENDIBLE
9,103,CALDAS,RIOSUCIO,41284.0,24143,23537,515,475,131,17141.0,18262.0,ABELARDO DE LA ESPRIELLA,4,9843,0.4181926328758975,IVAN CEPEDA,1.0,9331.0,0.3964396482134512,512.0,0.0217529846624463,BISAGRA
9,106,CALDAS,RISARALDA,10544.0,5313,5178,96,106,29,5231.0,5462.0,ABELARDO DE LA ESPRIELLA,4,2587,0.4996137504828118,IVAN CEPEDA,1.0,1112.0,0.2147547315565855,1475.0,0.2848590189262263,VENTAJA_DEFENDIBLE
9,109,CALDAS,SALAMINA,14703.0,7568,7372,141,155,41,7135.0,7472.0,ABELARDO DE LA ESPRIELLA,4,3311,0.4491318502441671,IVAN CEPEDA,1.0,1495.0,0.202794357026587,1816.0,0.24633749321758,VENTAJA_DEFENDIBLE
9,115,CALDAS,SAMANA,16703.0,8893,8667,164,163,63,7810.0,8200.0,ABELARDO DE LA ESPRIELLA,4,4743,0.5472481827622014,IVAN CEPEDA,1.0,1588.0,0.1832237221645321,3155.0,0.3640244605976693,CONSOLIDADO
9,120,CALDAS,SAN JOSE,4960.0,2686,2642,42,29,15,2274.0,2360.0,ABELARDO DE LA ESPRIELLA,4,1075,0.406888720666162,IVAN CEPEDA,1.0,628.0,0.2376987130961393,447.0,0.1691900075700227,VENTAJA_DEFENDIBLE
9,124,CALDAS,SUPIA,24049.0,12893,12214,355,582,97,11156.0,12190.0,ABELARDO DE LA ESPRIELLA,4,5135,0.4204191910921893,IVAN CEPEDA,1.0,4159.0,0.3405108891436057,976.0,0.0799083019485835,RESERVA_DEFINIBLE
9,127,CALDAS,VICTORIA,8387.0,4637,4504,64,111,22,3750.0,3947.0,ABELARDO DE LA ESPRIELLA,4,2285,0.5073268206039077,IVAN CEPEDA,1.0,1155.0,0.2564387211367673,1130.0,0.2508880994671403,CONSOLIDADO
9,130,CALDAS,VILLAMARIA,48521.0,32571,31809,676,672,90,15950.0,17388.0,ABELARDO DE LA ESPRIELLA,4,13096,0.411707378414914,IVAN CEPEDA,1.0,10967.0,0.3447766355433996,2129.0,0.0669307428715143,RESERVA_DEFINIBLE
9,133,CALDAS,VITERBO,13569.0,7784,7639,120,116,29,5785.0,6050.0,ABELARDO DE LA ESPRIELLA,4,4100,0.5367194658986778,IVAN CEPEDA,1.0,1707.0,0.2234585678753763,2393.0,0.3132608980233015,CONSOLIDADO
11,1,CAUCA,POPAYAN,269520.0,187004,184022,3522,2626,356,82516.0,89020.0,IVAN CEPEDA,1,104468,0.5676929932290704,ABELARDO DE LA ESPRIELLA,4.0,49238.0,0.2675658345197856,55230.0,0.3001271587092847,CONSOLIDADO
11,4,CAUCA,ALMAGUER,12877.0,7677,7521,109,88,68,5200.0,5465.0,IVAN CEPEDA,1,6708,0.8919026725169525,ABELARDO DE LA ESPRIELLA,4.0,434.0,0.0577050924079244,6274.0,0.8341975801090281,CONSOLIDADO
11,5,CAUCA,ARGELIA,22907.0,16688,15791,762,786,111,6219.0,7878.0,IVAN CEPEDA,1,12563,0.7955797606231397,ABELARDO DE LA ESPRIELLA,4.0,1575.0,0.0997403584320182,10988.0,0.6958394021911215,CONSOLIDADO
11,6,CAUCA,BALBOA,17796.0,14522,13864,537,513,145,3274.0,4469.0,IVAN CEPEDA,1,10892,0.7856318522792844,ABELARDO DE LA ESPRIELLA,4.0,1470.0,0.1060300057703404,9422.0,0.679601846508944,CONSOLIDADO
11,7,CAUCA,BOLIVAR,29820.0,18423,17799,494,461,163,11397.0,12515.0,IVAN CEPEDA,1,14031,0.7883027136355975,ABELARDO DE LA ESPRIELLA,4.0,1848.0,0.1038260576436878,12183.0,0.6844766559919095,CONSOLIDADO
11,10,CAUCA,BUENOS AIRES,18493.0,12110,11033,575,833,244,6383.0,8035.0,IVAN CEPEDA,1,6162,0.5585062992839663,ABELARDO DE LA ESPRIELLA,4.0,2982.0,0.2702800688842563,3180.0,0.28822623039971,CONSOLIDADO
11,13,CAUCA,CAJIBIO,26783.0,15223,14475,575,509,239,11560.0,12883.0,IVAN CEPEDA,1,8348,0.5767184801381693,ABELARDO DE LA ESPRIELLA,4.0,3440.0,0.2376511226252159,4908.0,0.3390673575129533,CONSOLIDADO
11,16,CAUCA,CALDONO,26334.0,17512,17127,301,280,105,8822.0,9508.0,IVAN CEPEDA,1,13997,0.8172476207158288,ABELARDO DE LA ESPRIELLA,4.0,1831.0,0.1069072225141589,12166.0,0.7103403982016698,CONSOLIDADO
11,19,CAUCA,CALOTO,21544.0,15024,14717,260,259,48,6520.0,7087.0,IVAN CEPEDA,1,11285,0.7668002989739757,ABELARDO DE LA ESPRIELLA,4.0,2194.0,0.1490792960521845,9091.0,0.6177210029217912,CONSOLIDADO
11,22,CAUCA,CORINTO,19614.0,13201,12983,272,168,50,6413.0,6903.0,IVAN CEPEDA,1,10040,0.7733189555572672,ABELARDO DE LA ESPRIELLA,4.0,1927.0,0.1484248632827543,8113.0,0.6248940922745128,CONSOLIDADO
11,25,CAUCA,EL TAMBO,40574.0,29758,27492,1331,1717,549,10816.0,14413.0,IVAN CEPEDA,1,16637,0.6051578641059218,ABELARDO DE LA ESPRIELLA,4.0,5627.0,0.2046777244289248,11010.0,0.4004801396769969,CONSOLIDADO
11,27,CAUCA,FLORENCIA,5065.0,3435,3309,167,98,28,1630.0,1923.0,IVAN CEPEDA,1,1989,0.6010879419764279,ABELARDO DE LA ESPRIELLA,4.0,585.0,0.1767905711695376,1404.0,0.4242973708068903,CONSOLIDADO
11,28,CAUCA,GUAPI,19226.0,7481,7381,60,89,11,11745.0,11905.0,IVAN CEPEDA,1,6723,0.9108521880503996,ABELARDO DE LA ESPRIELLA,4.0,343.0,0.0464706679311746,6380.0,0.8643815201192251,CONSOLIDADO
11,29,CAUCA,GUACHENE,14749.0,10123,9841,207,235,47,4626.0,5115.0,IVAN CEPEDA,1,7861,0.798800934864343,ABELARDO DE LA ESPRIELLA,4.0,1082.0,0.1099481759983741,6779.0,0.6888527588659689,CONSOLIDADO
11,31,CAUCA,INZA,19391.0,11346,11172,163,108,66,8045.0,8382.0,IVAN CEPEDA,1,8483,0.7593089867525957,ABELARDO DE LA ESPRIELLA,4.0,1714.0,0.1534192624418188,6769.0,0.6058897243107769,CONSOLIDADO
11,34,CAUCA,JAMBALO,10320.0,8126,8010,64,64,52,2194.0,2374.0,IVAN CEPEDA,1,7658,0.9560549313358302,ABELARDO DE LA ESPRIELLA,4.0,190.0,0.0237203495630461,7468.0,0.932334581772784,CONSOLIDADO
11,37,CAUCA,LA SIERRA,9228.0,6119,5819,170,236,64,3109.0,3579.0,IVAN CEPEDA,1,3559,0.6116171163430143,ABELARDO DE LA ESPRIELLA,4.0,1436.0,0.2467777968723148,2123.0,0.3648393194706995,CONSOLIDADO
11,40,CAUCA,LA VEGA,14985.0,8657,8518,117,90,49,6328.0,6584.0,IVAN CEPEDA,1,6728,0.7898567738905846,ABELARDO DE LA ESPRIELLA,4.0,1046.0,0.1227987790561164,5682.0,0.6670579948344681,CONSOLIDADO
11,43,CAUCA,LOPEZ (MICAY),13722.0,4845,4775,70,43,27,8877.0,9017.0,IVAN CEPEDA,1,4297,0.8998952879581151,ABELARDO DE LA ESPRIELLA,4.0,254.0,0.0531937172774869,4043.0,0.8467015706806282,CONSOLIDADO
11,46,CAUCA,MERCADERES,13969.0,8381,8153,246,136,92,5588.0,6062.0,IVAN CEPEDA,1,6154,0.7548141788298786,ABELARDO DE LA ESPRIELLA,4.0,1206.0,0.1479210106709186,4948.0,0.6068931681589599,CONSOLIDADO
11,49,CAUCA,MIRANDA,22203.0,15067,14805,256,226,36,7136.0,7654.0,IVAN CEPEDA,1,11184,0.7554204660587639,ABELARDO DE LA ESPRIELLA,4.0,2523.0,0.1704154002026342,8661.0,0.5850050658561297,CONSOLIDADO
11,52,CAUCA,MORALES,23285.0,15015,14538,497,340,137,8270.0,9244.0,IVAN CEPEDA,1,9075,0.6242261659100289,ABELARDO DE LA ESPRIELLA,4.0,3359.0,0.231049662952263,5716.0,0.3931765029577658,CONSOLIDADO
11,53,CAUCA,PADILLA,7325.0,4246,4091,92,127,28,3079.0,3326.0,IVAN CEPEDA,1,3114,0.7611830848203374,ABELARDO DE LA ESPRIELLA,4.0,685.0,0.1674407235394769,2429.0,0.5937423612808604,CONSOLIDADO
11,55,CAUCA,PAEZ (BELALCAZAR),22832.0,13472,13241,184,170,61,9360.0,9775.0,IVAN CEPEDA,1,10815,0.816781209878408,ABELARDO DE LA ESPRIELLA,4.0,1527.0,0.1153236160410845,9288.0,0.7014575938373234,CONSOLIDADO
11,58,CAUCA,PATIA (EL BORDO),28400.0,20198,19132,789,821,245,8202.0,10057.0,IVAN CEPEDA,1,12952,0.6769809742839222,ABELARDO DE LA ESPRIELLA,4.0,3450.0,0.1803261551327618,9502.0,0.4966548191511604,CONSOLIDADO
11,60,CAUCA,PIAMONTE,6733.0,2848,2802,80,29,17,3885.0,4011.0,IVAN CEPEDA,1,1628,0.5810135617416131,ABELARDO DE LA ESPRIELLA,4.0,875.0,0.3122769450392577,753.0,0.2687366167023554,CONSOLIDADO
11,61,CAUCA,PIENDAMO,32375.0,19225,18644,536,480,101,13150.0,14267.0,IVAN CEPEDA,1,9752,0.5230637202317099,ABELARDO DE LA ESPRIELLA,4.0,5760.0,0.3089465779875563,3992.0,0.2141171422441535,CONSOLIDADO
11,64,CAUCA,PUERTO TEJADA,35830.0,21966,21576,358,326,64,13864.0,14612.0,IVAN CEPEDA,1,17750,0.8226733407489804,ABELARDO DE LA ESPRIELLA,4.0,2387.0,0.1106321839080459,15363.0,0.7120411568409344,CONSOLIDADO
11,67,CAUCA,PURACE (COCONUCO),10038.0,5963,5846,88,86,31,4075.0,4280.0,IVAN CEPEDA,1,4123,0.7052685596989394,ABELARDO DE LA ESPRIELLA,4.0,1212.0,0.2073212452959288,2911.0,0.4979473144030105,CONSOLIDADO
11,70,CAUCA,ROSAS,8785.0,5590,5375,133,159,56,3195.0,3543.0,IVAN CEPEDA,1,3203,0.595906976744186,ABELARDO DE LA ESPRIELLA,4.0,1369.0,0.2546976744186046,1834.0,0.3412093023255814,CONSOLIDADO
11,73,CAUCA,SAN SEBASTIAN,7048.0,3983,3897,70,43,43,3065.0,3221.0,IVAN CEPEDA,1,2970,0.7621247113163973,ABELARDO DE LA ESPRIELLA,4.0,542.0,0.1390813446240698,2428.0,0.6230433666923274,CONSOLIDADO
11,76,CAUCA,SANTANDER DE QUILICHAO,87246.0,57034,55584,1328,1249,201,30212.0,32990.0,IVAN CEPEDA,1,36828,0.6625647668393783,ABELARDO DE LA ESPRIELLA,4.0,12819.0,0.230623920552677,24009.0,0.4319408462867012,CONSOLIDADO
11,79,CAUCA,SANTA ROSA,4121.0,2140,2113,21,19,8,1981.0,2029.0,IVAN CEPEDA,1,1471,0.6961665877898722,ABELARDO DE LA ESPRIELLA,4.0,478.0,0.2262186464742072,993.0,0.4699479413156648,CONSOLIDADO
11,82,CAUCA,SILVIA,24598.0,13828,13219,362,503,106,10770.0,11741.0,IVAN CEPEDA,1,9739,0.7367425675164536,ABELARDO DE LA ESPRIELLA,4.0,2033.0,0.1537937816778878,7706.0,0.5829487858385658,CONSOLIDADO
11,85,CAUCA,SOTARA (PAISPAMBA),7670.0,4807,4692,107,86,29,2863.0,3085.0,IVAN CEPEDA,1,3136,0.6683716965046889,ABELARDO DE LA ESPRIELLA,4.0,891.0,0.1898976982097186,2245.0,0.4784739982949701,CONSOLIDADO
11,86,CAUCA,SUCRE,5914.0,4001,3884,96,68,49,1913.0,2126.0,IVAN CEPEDA,1,3332,0.8578784757981462,ABELARDO DE LA ESPRIELLA,4.0,251.0,0.0646240988671472,3081.0,0.793254376930999,CONSOLIDADO
11,87,CAUCA,SUAREZ,19081.0,11371,10588,468,668,115,7710.0,8961.0,IVAN CEPEDA,1,6341,0.5988855307895731,ABELARDO DE LA ESPRIELLA,4.0,2638.0,0.2491499811106913,3703.0,0.3497355496788817,CONSOLIDADO
11,88,CAUCA,TIMBIO,28850.0,19192,18702,456,412,78,9658.0,10604.0,IVAN CEPEDA,1,10696,0.5719174419848144,ABELARDO DE LA ESPRIELLA,4.0,5200.0,0.2780451288632232,5496.0,0.2938723131215912,CONSOLIDADO
11,91,CAUCA,TIMBIQUI,15903.0,7059,7025,28,27,7,8844.0,8906.0,IVAN CEPEDA,1,6622,0.9426334519572954,ABELARDO DE LA ESPRIELLA,4.0,243.0,0.0345907473309608,6379.0,0.9080427046263344,CONSOLIDADO
11,94,CAUCA,TORIBIO,21550.0,15768,15554,178,141,73,5782.0,6174.0,IVAN CEPEDA,1,14215,0.913912819853414,ABELARDO DE LA ESPRIELLA,4.0,759.0,0.0487977369165487,13456.0,0.8651150829368651,CONSOLIDADO
11,97,CAUCA,TOTORO,13402.0,8188,8069,150,85,34,5214.0,5483.0,IVAN CEPEDA,1,6753,0.8369066798859834,ABELARDO DE LA ESPRIELLA,4.0,813.0,0.1007559796753005,5940.0,0.7361507002106829,CONSOLIDADO
11,98,CAUCA,VILLA RICA,15869.0,10213,10024,154,164,25,5656.0,5999.0,IVAN CEPEDA,1,8512,0.8491620111731844,ABELARDO DE LA ESPRIELLA,4.0,939.0,0.0936751795690343,7573.0,0.7554868316041501,CONSOLIDADO
12,1,CESAR,VALLEDUPAR,348470.0,190265,188358,3033,1686,221,158205.0,163145.0,IVAN CEPEDA,1,89773,0.4766083734165791,ABELARDO DE LA ESPRIELLA,4.0,84650.0,0.4494101657482029,5123.0,0.0271982076683761,BISAGRA
12,75,CESAR,AGUACHICA,77716.0,46530,45830,732,621,79,31186.0,32618.0,ABELARDO DE LA ESPRIELLA,4,27327,0.5962688195505128,IVAN CEPEDA,1.0,14388.0,0.3139428322059786,12939.0,0.2823259873445342,CONSOLIDADO
12,150,CESAR,AGUSTIN CODAZZI,54027.0,25399,25097,304,241,61,28628.0,29234.0,IVAN CEPEDA,1,13803,0.549986054110053,ABELARDO DE LA ESPRIELLA,4.0,9641.0,0.3841494999402319,4162.0,0.165836554169821,VENTAJA_DEFENDIBLE
12,170,CESAR,ASTREA,17193.0,8807,8743,58,46,18,8386.0,8508.0,ABELARDO DE LA ESPRIELLA,4,4758,0.5442067940066339,IVAN CEPEDA,1.0,3664.0,0.419078119638568,1094.0,0.1251286743680658,VENTAJA_DEFENDIBLE
12,180,CESAR,BECERRIL,20407.0,9240,9147,149,80,13,11167.0,11409.0,IVAN CEPEDA,1,5299,0.5793156226085056,ABELARDO DE LA ESPRIELLA,4.0,3328.0,0.3638351372034547,1971.0,0.2154804854050508,CONSOLIDADO
12,200,CESAR,BOSCONIA,33616.0,16550,16232,196,146,172,17066.0,17580.0,IVAN CEPEDA,1,9008,0.5549531789058649,ABELARDO DE LA ESPRIELLA,4.0,6307.0,0.3885534746180384,2701.0,0.1663997042878264,VENTAJA_DEFENDIBLE
12,225,CESAR,CURUMANI,31317.0,15623,15356,275,231,36,15694.0,16236.0,IVAN CEPEDA,1,7793,0.5074889294087002,ABELARDO DE LA ESPRIELLA,4.0,6565.0,0.4275201875488408,1228.0,0.0799687418598593,RESERVA_DEFINIBLE
12,300,CESAR,CHIMICHAGUA,26186.0,11756,11657,76,69,30,14430.0,14605.0,ABELARDO DE LA ESPRIELLA,4,6143,0.5269794972977611,IVAN CEPEDA,1.0,4827.0,0.4140859569357467,1316.0,0.1128935403620143,VENTAJA_DEFENDIBLE
12,375,CESAR,CHIRIGUANA,25033.0,11513,11396,136,95,22,13520.0,13773.0,IVAN CEPEDA,1,6579,0.5773078273078273,ABELARDO DE LA ESPRIELLA,4.0,4190.0,0.3676728676728676,2389.0,0.2096349596349596,CONSOLIDADO
12,410,CESAR,EL COPEY,26182.0,12292,12154,176,90,48,13890.0,14204.0,IVAN CEPEDA,1,7212,0.593384893862103,ABELARDO DE LA ESPRIELLA,4.0,4103.0,0.3375843343755142,3109.0,0.2558005594865888,CONSOLIDADO
12,415,CESAR,EL PASO,29903.0,16240,16047,223,156,37,13663.0,14079.0,IVAN CEPEDA,1,10256,0.6391225774288029,ABELARDO DE LA ESPRIELLA,4.0,4907.0,0.3057892440954695,5349.0,0.3333333333333333,CONSOLIDADO
12,450,CESAR,GAMARRA,11520.0,6283,6245,80,21,17,5237.0,5355.0,ABELARDO DE LA ESPRIELLA,4,3580,0.5732586068855084,IVAN CEPEDA,1.0,2163.0,0.3463570856685348,1417.0,0.2269015212169736,CONSOLIDADO
12,525,CESAR,GONZALEZ,5060.0,2445,2421,52,23,1,2615.0,2691.0,ABELARDO DE LA ESPRIELLA,4,1539,0.6356877323420075,IVAN CEPEDA,1.0,624.0,0.2577447335811648,915.0,0.3779429987608427,CONSOLIDADO
12,600,CESAR,LA GLORIA,11948.0,7003,6929,85,58,16,4945.0,5104.0,ABELARDO DE LA ESPRIELLA,4,3945,0.5693462260066388,IVAN CEPEDA,1.0,2684.0,0.387357483042286,1261.0,0.1819887429643527,VENTAJA_DEFENDIBLE
12,608,CESAR,LA JAGUA DE IBIRICO,32766.0,16783,16517,292,233,33,15983.0,16541.0,IVAN CEPEDA,1,9472,0.5734697584307078,ABELARDO DE LA ESPRIELLA,4.0,5998.0,0.3631410062359992,3474.0,0.2103287521947085,CONSOLIDADO
12,625,CESAR,MANAURE BALCON DEL CESAR (MANA,9290.0,5184,5121,47,48,15,4106.0,4216.0,IVAN CEPEDA,1,2434,0.4752977933997266,ABELARDO DE LA ESPRIELLA,4.0,2382.0,0.4651435266549502,52.0,0.0101542667447764,BISAGRA
12,650,CESAR,PAILITAS,16717.0,8484,8377,98,83,24,8233.0,8438.0,ABELARDO DE LA ESPRIELLA,4,4467,0.5332457920496598,IVAN CEPEDA,1.0,3360.0,0.4010982451951773,1107.0,0.1321475468544825,VENTAJA_DEFENDIBLE
12,700,CESAR,PELAYA,17485.0,9117,8987,138,92,38,8368.0,8636.0,ABELARDO DE LA ESPRIELLA,4,5447,0.6060976966729721,IVAN CEPEDA,1.0,2986.0,0.332257705574719,2461.0,0.273839991098253,CONSOLIDADO
12,720,CESAR,PUEBLO BELLO,23911.0,10358,10224,125,75,59,13553.0,13812.0,IVAN CEPEDA,1,5910,0.5780516431924883,ABELARDO DE LA ESPRIELLA,4.0,3802.0,0.3718701095461659,2108.0,0.2061815336463223,CONSOLIDADO
12,750,CESAR,RIO DE ORO,17091.0,9333,9220,141,88,25,7758.0,8012.0,ABELARDO DE LA ESPRIELLA,4,5598,0.6071583514099783,IVAN CEPEDA,1.0,2560.0,0.2776572668112798,3038.0,0.3295010845986985,CONSOLIDADO
12,800,CESAR,SAN ALBERTO,20555.0,11688,11519,145,150,19,8867.0,9181.0,ABELARDO DE LA ESPRIELLA,4,5419,0.4704401423734699,IVAN CEPEDA,1.0,4921.0,0.4272072228492056,498.0,0.0432329195242642,BISAGRA
12,825,CESAR,LA PAZ,23752.0,11202,11105,135,76,21,12550.0,12782.0,ABELARDO DE LA ESPRIELLA,4,6501,0.585411976587123,IVAN CEPEDA,1.0,3932.0,0.3540747411076091,2569.0,0.2313372354795138,CONSOLIDADO
12,850,CESAR,SAN DIEGO,17710.0,8918,8841,139,58,19,8792.0,9008.0,ABELARDO DE LA ESPRIELLA,4,4457,0.5041284922520077,IVAN CEPEDA,1.0,3854.0,0.4359235380613053,603.0,0.0682049541907024,RESERVA_DEFINIBLE
12,875,CESAR,SAN MARTIN,19834.0,12423,12196,225,187,40,7411.0,7863.0,ABELARDO DE LA ESPRIELLA,4,6540,0.5362413906198754,IVAN CEPEDA,1.0,4333.0,0.3552804198097737,2207.0,0.1809609708101017,VENTAJA_DEFENDIBLE
12,900,CESAR,TAMALAMEQUE,11450.0,5165,5137,45,26,2,6285.0,6358.0,IVAN CEPEDA,1,2622,0.5104146388942963,ABELARDO DE LA ESPRIELLA,4.0,2246.0,0.4372201674128869,376.0,0.0731944714814094,RESERVA_DEFINIBLE
13,1,CORDOBA,MONTERIA,374004.0,208585,207008,3075,1263,314,165419.0,170071.0,IVAN CEPEDA,1,104497,0.504796916061215,ABELARDO DE LA ESPRIELLA,4.0,87885.0,0.4245488097078373,16612.0,0.0802481063533776,RESERVA_DEFINIBLE
13,4,CORDOBA,AYAPEL,36724.0,14456,14331,195,80,45,22268.0,22588.0,ABELARDO DE LA ESPRIELLA,4,6836,0.4770078850045356,IVAN CEPEDA,1.0,6663.0,0.4649361523969018,173.0,0.0120717326076337,BISAGRA
13,7,CORDOBA,BUENAVISTA,19373.0,9116,9028,117,47,41,10257.0,10462.0,IVAN CEPEDA,1,6031,0.6680327868852459,ABELARDO DE LA ESPRIELLA,4.0,2602.0,0.2882144439521488,3429.0,0.3798183429330971,CONSOLIDADO
13,9,CORDOBA,CANALETE,18464.0,8167,8104,68,33,30,10297.0,10428.0,IVAN CEPEDA,1,4934,0.6088351431391905,ABELARDO DE LA ESPRIELLA,4.0,2822.0,0.3482230997038499,2112.0,0.2606120434353405,CONSOLIDADO
13,10,CORDOBA,CERETE,79044.0,44885,44476,689,320,89,34159.0,35257.0,IVAN CEPEDA,1,26771,0.6019201367029409,ABELARDO DE LA ESPRIELLA,4.0,14984.0,0.3369008004316935,11787.0,0.2650193362712473,CONSOLIDADO
13,13,CORDOBA,CIENAGA DE ORO,48770.0,26593,26400,277,119,74,22177.0,22647.0,IVAN CEPEDA,1,18890,0.7155303030303031,ABELARDO DE LA ESPRIELLA,4.0,6537.0,0.2476136363636363,12353.0,0.4679166666666667,CONSOLIDADO
13,14,CORDOBA,COTORRA (BONGO),16866.0,9024,8968,96,36,20,7842.0,7994.0,IVAN CEPEDA,1,5000,0.5575379125780553,ABELARDO DE LA ESPRIELLA,4.0,3216.0,0.3586083853702052,1784.0,0.1989295272078501,VENTAJA_DEFENDIBLE
13,16,CORDOBA,CHIMA,13673.0,7125,7090,50,24,11,6548.0,6633.0,IVAN CEPEDA,1,3737,0.527080394922426,ABELARDO DE LA ESPRIELLA,4.0,2923.0,0.4122708039492243,814.0,0.1148095909732017,VENTAJA_DEFENDIBLE
13,19,CORDOBA,CHINU,40358.0,23972,23683,366,143,146,16386.0,17041.0,ABELARDO DE LA ESPRIELLA,4,11401,0.4814001604526453,IVAN CEPEDA,1.0,9086.0,0.3836507199256851,2315.0,0.0977494405269602,RESERVA_DEFINIBLE
13,20,CORDOBA,LA APARTADA (FRONTERA),13069.0,6097,6040,89,31,26,6972.0,7118.0,IVAN CEPEDA,1,4263,0.705794701986755,ABELARDO DE LA ESPRIELLA,4.0,1489.0,0.246523178807947,2774.0,0.4592715231788079,CONSOLIDADO
13,22,CORDOBA,LORICA,93485.0,45014,44707,554,228,79,48471.0,49332.0,IVAN CEPEDA,1,26216,0.586395866419129,ABELARDO DE LA ESPRIELLA,4.0,15938.0,0.3564989822622855,10278.0,0.2298968841568434,CONSOLIDADO
13,23,CORDOBA,LOS CORDOBAS,17303.0,7656,7594,107,30,32,9647.0,9816.0,IVAN CEPEDA,1,3699,0.4870950750592573,ABELARDO DE LA ESPRIELLA,4.0,3416.0,0.4498288122201738,283.0,0.0372662628390834,BISAGRA
13,24,CORDOBA,MOMIL,15043.0,7830,7768,111,37,25,7213.0,7386.0,IVAN CEPEDA,1,3785,0.4872554067971164,ABELARDO DE LA ESPRIELLA,4.0,3466.0,0.4461894953656025,319.0,0.0410659114315138,BISAGRA
13,25,CORDOBA,MONTELIBANO,63005.0,32050,31776,522,217,57,30955.0,31751.0,IVAN CEPEDA,1,22618,0.7117950654582075,ABELARDO DE LA ESPRIELLA,4.0,7546.0,0.2374748237663645,15072.0,0.4743202416918429,CONSOLIDADO
13,27,CORDOBA,MOÑITOS,22405.0,10419,10359,90,35,25,11986.0,12136.0,IVAN CEPEDA,1,5012,0.483830485568105,ABELARDO DE LA ESPRIELLA,4.0,4846.0,0.4678057727579882,166.0,0.0160247128101168,BISAGRA
13,28,CORDOBA,PLANETA RICA,57122.0,27361,26892,373,186,283,29761.0,30603.0,IVAN CEPEDA,1,14570,0.5417968168972185,ABELARDO DE LA ESPRIELLA,4.0,10808.0,0.4019039119440726,3762.0,0.1398929049531458,VENTAJA_DEFENDIBLE
13,31,CORDOBA,PUEBLO NUEVO,27803.0,14347,14254,175,56,37,13456.0,13724.0,ABELARDO DE LA ESPRIELLA,4,6801,0.4771292268836817,IVAN CEPEDA,1.0,6783.0,0.4758664234600814,18.0,0.0012628034236003,BISAGRA
13,32,CORDOBA,PUERTO LIBERTADOR,32704.0,15195,15047,281,100,48,17509.0,17938.0,IVAN CEPEDA,1,10511,0.6985445603774839,ABELARDO DE LA ESPRIELLA,4.0,3746.0,0.2489532797235329,6765.0,0.449591280653951,CONSOLIDADO
13,33,CORDOBA,PUERTO ESCONDIDO,20318.0,9013,8954,82,27,32,11305.0,11446.0,IVAN CEPEDA,1,4265,0.4763234308688854,ABELARDO DE LA ESPRIELLA,4.0,4129.0,0.4611346884074156,136.0,0.0151887424614697,BISAGRA
13,34,CORDOBA,PURISIMA,14689.0,7068,6977,85,44,47,7621.0,7797.0,ABELARDO DE LA ESPRIELLA,4,3679,0.5273039988533754,IVAN CEPEDA,1.0,2881.0,0.4129281926329368,798.0,0.1143758062204386,VENTAJA_DEFENDIBLE
13,37,CORDOBA,SAHAGUN,85106.0,45411,45057,530,266,88,39695.0,40579.0,IVAN CEPEDA,1,25022,0.5553410124952838,ABELARDO DE LA ESPRIELLA,4.0,17443.0,0.3871318552056284,7579.0,0.1682091572896553,VENTAJA_DEFENDIBLE
13,40,CORDOBA,SAN ANDRES DE SOTAVENTO,32490.0,17066,16905,164,91,70,15424.0,15749.0,IVAN CEPEDA,1,10960,0.6483288967761017,ABELARDO DE LA ESPRIELLA,4.0,4800.0,0.2839396628216504,6160.0,0.3643892339544513,CONSOLIDADO
13,43,CORDOBA,SAN ANTERO,24949.0,12498,12275,165,191,32,12451.0,12839.0,IVAN CEPEDA,1,6315,0.5144602851323828,ABELARDO DE LA ESPRIELLA,4.0,5100.0,0.4154786150712831,1215.0,0.0989816700610997,RESERVA_DEFINIBLE
13,46,CORDOBA,SAN BERNARDO DEL VIENTO,28983.0,12831,12747,152,46,38,16152.0,16388.0,IVAN CEPEDA,1,8369,0.6565466384247274,ABELARDO DE LA ESPRIELLA,4.0,3764.0,0.2952851651368949,4605.0,0.3612614732878324,CONSOLIDADO
13,49,CORDOBA,SAN CARLOS,21940.0,9470,9399,118,44,27,12470.0,12659.0,IVAN CEPEDA,1,4560,0.4851579955314395,ABELARDO DE LA ESPRIELLA,4.0,4098.0,0.4360038301947015,462.0,0.0491541653367379,BISAGRA
13,52,CORDOBA,SAN JOSE DE URE,8719.0,4191,4165,59,17,9,4528.0,4613.0,IVAN CEPEDA,1,3228,0.7750300120048019,ABELARDO DE LA ESPRIELLA,4.0,740.0,0.1776710684273709,2488.0,0.5973589435774309,CONSOLIDADO
13,55,CORDOBA,SAN PELAYO,38845.0,20706,20610,225,65,31,18139.0,18460.0,IVAN CEPEDA,1,11037,0.5355167394468705,ABELARDO DE LA ESPRIELLA,4.0,8642.0,0.4193110140708393,2395.0,0.1162057253760311,VENTAJA_DEFENDIBLE
13,58,CORDOBA,TIERRALTA,72667.0,28743,28420,455,236,87,43924.0,44702.0,IVAN CEPEDA,1,17296,0.608585503166784,ABELARDO DE LA ESPRIELLA,4.0,9331.0,0.3283251231527093,7965.0,0.2802603800140746,CONSOLIDADO
13,60,CORDOBA,TUCHIN,28195.0,14066,13883,150,89,94,14129.0,14462.0,IVAN CEPEDA,1,8706,0.6270978895051502,ABELARDO DE LA ESPRIELLA,4.0,4055.0,0.292083843549665,4651.0,0.3350140459554852,CONSOLIDADO
13,61,CORDOBA,VALENCIA,28857.0,12616,12515,185,67,34,16241.0,16527.0,IVAN CEPEDA,1,6175,0.4934079105073911,ABELARDO DE LA ESPRIELLA,4.0,5561.0,0.4443467838593687,614.0,0.0490611266480223,BISAGRA
15,4,CUNDINAMARCA,AGUA DE DIOS,9859.0,5940,5847,97,82,11,3919.0,4109.0,ABELARDO DE LA ESPRIELLA,4,2712,0.4638276038994356,IVAN CEPEDA,1.0,2401.0,0.4106379339832393,311.0,0.0531896699161963,RESERVA_DEFINIBLE
15,7,CUNDINAMARCA,ALBAN,5545.0,3421,3376,63,41,4,2124.0,2232.0,ABELARDO DE LA ESPRIELLA,4,1883,0.557760663507109,IVAN CEPEDA,1.0,868.0,0.2571090047393365,1015.0,0.3006516587677724,CONSOLIDADO
15,10,CUNDINAMARCA,ANAPOIMA,13526.0,8775,8686,115,70,19,4751.0,4955.0,ABELARDO DE LA ESPRIELLA,4,5012,0.5770204927469491,IVAN CEPEDA,1.0,2349.0,0.270435183053189,2663.0,0.3065853096937601,CONSOLIDADO
15,13,CUNDINAMARCA,ANOLAIMA,12210.0,7811,7722,120,74,15,4399.0,4608.0,ABELARDO DE LA ESPRIELLA,4,4389,0.5683760683760684,IVAN CEPEDA,1.0,1867.0,0.2417767417767417,2522.0,0.3265993265993265,CONSOLIDADO
15,16,CUNDINAMARCA,ARBELAEZ,9924.0,6728,6671,114,48,9,3196.0,3367.0,ABELARDO DE LA ESPRIELLA,4,3750,0.5621346125018738,IVAN CEPEDA,1.0,1781.0,0.2669764652975566,1969.0,0.2951581472043172,CONSOLIDADO
15,19,CUNDINAMARCA,BELTRAN,2242.0,1192,1175,12,15,2,1050.0,1079.0,ABELARDO DE LA ESPRIELLA,4,673,0.5727659574468085,IVAN CEPEDA,1.0,408.0,0.3472340425531915,265.0,0.2255319148936169,VENTAJA_DEFENDIBLE
15,22,CUNDINAMARCA,BITUIMA,2930.0,1718,1701,19,13,4,1212.0,1248.0,ABELARDO DE LA ESPRIELLA,4,1079,0.6343327454438565,IVAN CEPEDA,1.0,352.0,0.2069370958259847,727.0,0.4273956496178718,CONSOLIDADO
15,25,CUNDINAMARCA,BOJACA,7695.0,5605,5406,111,182,17,2090.0,2400.0,IVAN CEPEDA,1,2473,0.4574546799852016,ABELARDO DE LA ESPRIELLA,4.0,2056.0,0.3803181650018498,417.0,0.0771365149833518,RESERVA_DEFINIBLE
15,29,CUNDINAMARCA,CABRERA,3588.0,2002,1976,30,18,8,1586.0,1642.0,IVAN CEPEDA,1,1203,0.6088056680161943,ABELARDO DE LA ESPRIELLA,4.0,615.0,0.3112348178137651,588.0,0.2975708502024291,CONSOLIDADO
15,30,CUNDINAMARCA,CACHIPAY,9939.0,6511,6433,90,68,10,3428.0,3596.0,ABELARDO DE LA ESPRIELLA,4,3574,0.555572827607648,IVAN CEPEDA,1.0,1716.0,0.2667495725167107,1858.0,0.2888232550909373,CONSOLIDADO
15,31,CUNDINAMARCA,CAJICA,68439.0,53818,53287,908,508,23,14621.0,16060.0,ABELARDO DE LA ESPRIELLA,4,25420,0.4770394280030777,IVAN CEPEDA,1.0,16176.0,0.3035637209826036,9244.0,0.173475707020474,VENTAJA_DEFENDIBLE
15,34,CUNDINAMARCA,CAPARRAPI,10738.0,5678,5614,80,43,21,5060.0,5204.0,ABELARDO DE LA ESPRIELLA,4,4269,0.7604203776273601,IVAN CEPEDA,1.0,715.0,0.1273601710010687,3554.0,0.6330602066262914,CONSOLIDADO
15,37,CUNDINAMARCA,CAQUEZA,14914.0,9951,9789,154,143,19,4963.0,5279.0,ABELARDO DE LA ESPRIELLA,4,5809,0.593421187046685,IVAN CEPEDA,1.0,2764.0,0.2823577484932066,3045.0,0.3110634385534783,CONSOLIDADO
15,40,CUNDINAMARCA,CARMEN DE CARUPA,6379.0,4022,3957,79,55,10,2357.0,2501.0,ABELARDO DE LA ESPRIELLA,4,2448,0.6186504927975739,IVAN CEPEDA,1.0,693.0,0.1751326762699014,1755.0,0.4435178165276724,CONSOLIDADO
15,43,CUNDINAMARCA,COGUA,17144.0,12868,12624,290,231,13,4276.0,4810.0,ABELARDO DE LA ESPRIELLA,4,5245,0.41547845373891,IVAN CEPEDA,1.0,4940.0,0.391318124207858,305.0,0.0241603295310519,BISAGRA
15,46,CUNDINAMARCA,COTA,31558.0,22726,22540,389,174,12,8832.0,9407.0,ABELARDO DE LA ESPRIELLA,4,11715,0.5197426796805679,IVAN CEPEDA,1.0,6260.0,0.2777284826974268,5455.0,0.242014196983141,CONSOLIDADO
15,49,CUNDINAMARCA,CUCUNUBA,5388.0,4015,3961,66,44,10,1373.0,1493.0,ABELARDO DE LA ESPRIELLA,4,2804,0.7079020449381469,IVAN CEPEDA,1.0,509.0,0.1285029033072456,2295.0,0.5793991416309012,CONSOLIDADO
15,52,CUNDINAMARCA,CHAGUANI,3984.0,2308,2291,27,9,8,1676.0,1720.0,ABELARDO DE LA ESPRIELLA,4,1522,0.6643387167175906,IVAN CEPEDA,1.0,412.0,0.1798341335661283,1110.0,0.4845045831514623,CONSOLIDADO
15,55,CUNDINAMARCA,CHIA,124222.0,95544,94808,1584,687,49,28678.0,30998.0,ABELARDO DE LA ESPRIELLA,4,47983,0.5061070795713442,IVAN CEPEDA,1.0,26293.0,0.2773289173909374,21690.0,0.2287781621804067,CONSOLIDADO
15,58,CUNDINAMARCA,CHIPAQUE,8580.0,5866,5781,83,78,7,2714.0,2882.0,ABELARDO DE LA ESPRIELLA,4,3497,0.6049126448711296,IVAN CEPEDA,1.0,1552.0,0.2684656633800381,1945.0,0.3364469814910915,CONSOLIDADO
15,61,CUNDINAMARCA,CHOACHI,12177.0,8512,8443,116,53,16,3665.0,3850.0,ABELARDO DE LA ESPRIELLA,4,5595,0.6626791424848988,IVAN CEPEDA,1.0,1695.0,0.2007580243989103,3900.0,0.4619211180859884,CONSOLIDADO
15,64,CUNDINAMARCA,CHOCONTA,17046.0,11344,11108,239,218,18,5702.0,6177.0,ABELARDO DE LA ESPRIELLA,4,6416,0.5776017284839755,IVAN CEPEDA,1.0,2791.0,0.2512603528988116,3625.0,0.3263413755851638,CONSOLIDADO
15,67,CUNDINAMARCA,EL COLEGIO,24239.0,15091,14917,212,155,19,9148.0,9534.0,ABELARDO DE LA ESPRIELLA,4,7349,0.4926593819132533,IVAN CEPEDA,1.0,5011.0,0.3359254541797948,2338.0,0.1567339277334584,VENTAJA_DEFENDIBLE
15,70,CUNDINAMARCA,EL PEÑON,4592.0,2505,2490,25,8,7,2087.0,2127.0,ABELARDO DE LA ESPRIELLA,4,1810,0.7269076305220884,IVAN CEPEDA,1.0,327.0,0.1313253012048192,1483.0,0.5955823293172691,CONSOLIDADO
15,72,CUNDINAMARCA,EL ROSAL,21040.0,15304,14753,404,517,34,5736.0,6691.0,ABELARDO DE LA ESPRIELLA,4,6554,0.4442486273978174,IVAN CEPEDA,1.0,5587.0,0.378702636751847,967.0,0.0655459906459703,RESERVA_DEFINIBLE
15,76,CUNDINAMARCA,FACATATIVA,104308.0,74627,72672,1623,1874,81,29681.0,33259.0,IVAN CEPEDA,1,34701,0.4775016512549537,ABELARDO DE LA ESPRIELLA,4.0,24970.0,0.3435986349625715,9731.0,0.1339030162923822,VENTAJA_DEFENDIBLE
15,79,CUNDINAMARCA,FOMEQUE,9940.0,6771,6723,82,39,9,3169.0,3299.0,ABELARDO DE LA ESPRIELLA,4,4786,0.7118845753383906,IVAN CEPEDA,1.0,991.0,0.1474044325449948,3795.0,0.5644801427933958,CONSOLIDADO
15,85,CUNDINAMARCA,FOSCA,5549.0,3502,3493,34,6,3,2047.0,2090.0,ABELARDO DE LA ESPRIELLA,4,2487,0.711995419410249,IVAN CEPEDA,1.0,765.0,0.2190094474663613,1722.0,0.4929859719438877,CONSOLIDADO
15,88,CUNDINAMARCA,FUNZA,81479.0,59358,58361,1301,949,48,22121.0,24419.0,IVAN CEPEDA,1,25293,0.4333887356282448,ABELARDO DE LA ESPRIELLA,4.0,22662.0,0.3883072599852641,2631.0,0.0450814756429807,BISAGRA
15,91,CUNDINAMARCA,FUQUENE,4297.0,3018,2962,56,51,5,1279.0,1391.0,ABELARDO DE LA ESPRIELLA,4,1637,0.5526671168129642,IVAN CEPEDA,1.0,825.0,0.2785280216070223,812.0,0.2741390952059419,CONSOLIDADO
15,94,CUNDINAMARCA,FUSAGASUGA,124137.0,83641,82659,1309,908,74,40496.0,42787.0,ABELARDO DE LA ESPRIELLA,4,41650,0.5038773757243615,IVAN CEPEDA,1.0,27302.0,0.3302967613931937,14348.0,0.1735806143311677,VENTAJA_DEFENDIBLE
15,97,CUNDINAMARCA,GACHALA,5153.0,2749,2715,33,20,14,2404.0,2471.0,ABELARDO DE LA ESPRIELLA,4,1644,0.605524861878453,IVAN CEPEDA,1.0,712.0,0.2622467771639042,932.0,0.3432780847145488,CONSOLIDADO
15,100,CUNDINAMARCA,GACHANCIPA,13081.0,9743,9510,261,213,20,3338.0,3832.0,IVAN CEPEDA,1,4679,0.4920084121976866,ABELARDO DE LA ESPRIELLA,4.0,3201.0,0.3365930599369085,1478.0,0.1554153522607781,VENTAJA_DEFENDIBLE
15,103,CUNDINAMARCA,GACHETA,8830.0,5268,5197,80,55,16,3562.0,3713.0,ABELARDO DE LA ESPRIELLA,4,3018,0.5807196459495862,IVAN CEPEDA,1.0,1284.0,0.2470656147777564,1734.0,0.3336540311718298,CONSOLIDADO
15,106,CUNDINAMARCA,GAMA,3143.0,1964,1944,20,14,6,1179.0,1219.0,ABELARDO DE LA ESPRIELLA,4,1330,0.684156378600823,IVAN CEPEDA,1.0,378.0,0.1944444444444444,952.0,0.4897119341563786,CONSOLIDADO
15,109,CUNDINAMARCA,GIRARDOT,87128.0,56007,55222,841,726,59,31121.0,32747.0,ABELARDO DE LA ESPRIELLA,4,26476,0.4794465973706132,IVAN CEPEDA,1.0,21283.0,0.3854079895693745,5193.0,0.0940386078012386,RESERVA_DEFINIBLE
15,112,CUNDINAMARCA,GUACHETA,9577.0,6271,6140,142,116,15,3306.0,3579.0,ABELARDO DE LA ESPRIELLA,4,3635,0.5920195439739414,IVAN CEPEDA,1.0,1187.0,0.1933224755700325,2448.0,0.3986970684039088,CONSOLIDADO
15,115,CUNDINAMARCA,GUADUAS,22649.0,14150,13945,250,168,37,8499.0,8954.0,ABELARDO DE LA ESPRIELLA,4,8064,0.578271782000717,IVAN CEPEDA,1.0,4030.0,0.2889924704195052,4034.0,0.2892793115812118,CONSOLIDADO
15,118,CUNDINAMARCA,GUASCA,12564.0,8865,8587,253,256,22,3699.0,4230.0,ABELARDO DE LA ESPRIELLA,4,3822,0.4450914172586468,IVAN CEPEDA,1.0,2859.0,0.3329451496448119,963.0,0.1121462676138349,VENTAJA_DEFENDIBLE
15,121,CUNDINAMARCA,GUATAQUI,2758.0,1359,1344,7,10,5,1399.0,1421.0,ABELARDO DE LA ESPRIELLA,4,754,0.5610119047619048,IVAN CEPEDA,1.0,499.0,0.3712797619047619,255.0,0.1897321428571428,VENTAJA_DEFENDIBLE
15,124,CUNDINAMARCA,GUATAVITA,5664.0,4155,4094,79,49,12,1509.0,1649.0,ABELARDO DE LA ESPRIELLA,4,2422,0.5915974596971177,IVAN CEPEDA,1.0,851.0,0.2078651685393258,1571.0,0.3837322911577919,CONSOLIDADO
15,127,CUNDINAMARCA,GUAYABAL DE SIQUIMA,4560.0,3085,3045,52,35,5,1475.0,1567.0,ABELARDO DE LA ESPRIELLA,4,1730,0.5681444991789819,IVAN CEPEDA,1.0,755.0,0.2479474548440065,975.0,0.3201970443349753,CONSOLIDADO
15,128,CUNDINAMARCA,GUAYABETAL,4648.0,3106,3064,41,33,9,1542.0,1625.0,ABELARDO DE LA ESPRIELLA,4,2080,0.6788511749347258,IVAN CEPEDA,1.0,671.0,0.2189947780678851,1409.0,0.4598563968668406,CONSOLIDADO
15,130,CUNDINAMARCA,GUTIERREZ,2870.0,1998,1990,11,6,2,872.0,891.0,ABELARDO DE LA ESPRIELLA,4,1636,0.8221105527638191,IVAN CEPEDA,1.0,210.0,0.1055276381909547,1426.0,0.7165829145728643,CONSOLIDADO
15,132,CUNDINAMARCA,GRANADA,6794.0,4505,4434,74,69,2,2289.0,2434.0,ABELARDO DE LA ESPRIELLA,4,2030,0.4578258908434822,IVAN CEPEDA,1.0,1785.0,0.4025710419485792,245.0,0.055254848894903,RESERVA_DEFINIBLE
15,133,CUNDINAMARCA,JERUSALEN,2841.0,1586,1578,12,4,4,1255.0,1275.0,ABELARDO DE LA ESPRIELLA,4,953,0.6039290240811154,IVAN CEPEDA,1.0,415.0,0.2629911280101394,538.0,0.3409378960709759,VENTAJA_DEFENDIBLE
15,136,CUNDINAMARCA,JUNIN,5406.0,3383,3336,53,33,14,2023.0,2123.0,ABELARDO DE LA ESPRIELLA,4,2193,0.6573741007194245,IVAN CEPEDA,1.0,737.0,0.2209232613908872,1456.0,0.4364508393285372,CONSOLIDADO
15,139,CUNDINAMARCA,LA CALERA,25657.0,18287,18082,343,194,11,7370.0,7918.0,ABELARDO DE LA ESPRIELLA,4,7725,0.4272204402167902,IVAN CEPEDA,1.0,6218.0,0.3438778896139807,1507.0,0.0833425506028094,RESERVA_DEFINIBLE
15,142,CUNDINAMARCA,LA MESA,28402.0,18128,17896,275,212,20,10274.0,10781.0,ABELARDO DE LA ESPRIELLA,4,9127,0.5100022351363434,IVAN CEPEDA,1.0,5539.0,0.3095105051408136,3588.0,0.2004917299955297,CONSOLIDADO
15,145,CUNDINAMARCA,LA PALMA,8355.0,4033,3979,47,39,15,4322.0,4423.0,ABELARDO DE LA ESPRIELLA,4,2358,0.5926112088464438,IVAN CEPEDA,1.0,1087.0,0.2731842171399849,1271.0,0.3194269917064589,CONSOLIDADO
15,148,CUNDINAMARCA,LA PEÑA,6054.0,3560,3514,43,27,19,2494.0,2583.0,ABELARDO DE LA ESPRIELLA,4,2456,0.6989186112692088,IVAN CEPEDA,1.0,455.0,0.1294820717131474,2001.0,0.5694365395560614,CONSOLIDADO
15,151,CUNDINAMARCA,LA VEGA,14607.0,9644,9552,115,82,10,4963.0,5170.0,ABELARDO DE LA ESPRIELLA,4,6072,0.635678391959799,IVAN CEPEDA,1.0,2079.0,0.2176507537688442,3993.0,0.4180276381909548,CONSOLIDADO
15,154,CUNDINAMARCA,LENGUAZAQUE,7578.0,5601,5543,81,50,8,1977.0,2116.0,ABELARDO DE LA ESPRIELLA,4,4162,0.7508569366768898,PALOMA VALENCIA,11.0,513.0,0.0925491611040952,3649.0,0.6583077755727945,CONSOLIDADO
15,157,CUNDINAMARCA,MACHETA,6610.0,4306,4257,44,37,12,2304.0,2397.0,ABELARDO DE LA ESPRIELLA,4,2939,0.6903922950434578,IVAN CEPEDA,1.0,640.0,0.1503406154568945,2299.0,0.5400516795865633,CONSOLIDADO
15,160,CUNDINAMARCA,MADRID,93544.0,69475,68075,1491,1322,78,24069.0,26960.0,IVAN CEPEDA,1,31763,0.4665883217040029,ABELARDO DE LA ESPRIELLA,4.0,24614.0,0.361571795813441,7149.0,0.1050165258905618,VENTAJA_DEFENDIBLE
15,163,CUNDINAMARCA,MANTA,4024.0,2727,2719,37,6,2,1297.0,1342.0,ABELARDO DE LA ESPRIELLA,4,1768,0.6502390584773814,IVAN CEPEDA,1.0,426.0,0.1566752482530342,1342.0,0.4935638102243472,CONSOLIDADO
15,166,CUNDINAMARCA,MEDINA,6883.0,4303,4261,47,32,10,2580.0,2669.0,ABELARDO DE LA ESPRIELLA,4,3176,0.7453649378080263,IVAN CEPEDA,1.0,711.0,0.1668622389110537,2465.0,0.5785026988969725,CONSOLIDADO
15,169,CUNDINAMARCA,MOSQUERA,99110.0,74839,73855,1540,936,48,24271.0,26795.0,IVAN CEPEDA,1,31194,0.4223681538149076,ABELARDO DE LA ESPRIELLA,4.0,29147.0,0.3946516823505517,2047.0,0.0277164714643558,BISAGRA
15,172,CUNDINAMARCA,NARIÑO,2937.0,1561,1544,14,9,8,1376.0,1407.0,ABELARDO DE LA ESPRIELLA,4,697,0.4514248704663212,IVAN CEPEDA,1.0,647.0,0.419041450777202,50.0,0.0323834196891191,BISAGRA
15,175,CUNDINAMARCA,NEMOCON,11727.0,8560,8325,189,212,23,3167.0,3591.0,ABELARDO DE LA ESPRIELLA,4,3786,0.4547747747747748,IVAN CEPEDA,1.0,3249.0,0.3902702702702703,537.0,0.0645045045045045,RESERVA_DEFINIBLE
15,178,CUNDINAMARCA,NILO,6281.0,3629,3606,43,19,4,2652.0,2718.0,ABELARDO DE LA ESPRIELLA,4,2133,0.591514143094842,IVAN CEPEDA,1.0,1033.0,0.2864669994453688,1100.0,0.3050471436494731,CONSOLIDADO
15,181,CUNDINAMARCA,NIMAIMA,3439.0,2260,2248,19,9,3,1179.0,1210.0,ABELARDO DE LA ESPRIELLA,4,1579,0.7024021352313167,IVAN CEPEDA,1.0,366.0,0.1628113879003558,1213.0,0.5395907473309608,CONSOLIDADO
15,184,CUNDINAMARCA,NOCAIMA,5433.0,3609,3574,35,31,4,1824.0,1894.0,ABELARDO DE LA ESPRIELLA,4,2080,0.5819809736989368,IVAN CEPEDA,1.0,1073.0,0.300223838836038,1007.0,0.2817571348628987,CONSOLIDADO
15,190,CUNDINAMARCA,PACHO,23506.0,15015,14844,235,137,34,8491.0,8897.0,ABELARDO DE LA ESPRIELLA,4,9225,0.6214632174616006,IVAN CEPEDA,1.0,2990.0,0.2014281864726488,6235.0,0.4200350309889517,CONSOLIDADO
15,193,CUNDINAMARCA,PAIME,5143.0,2534,2518,24,12,4,2609.0,2649.0,ABELARDO DE LA ESPRIELLA,4,1704,0.6767275615567911,IVAN CEPEDA,1.0,510.0,0.2025416997617156,1194.0,0.4741858617950755,CONSOLIDADO
15,196,CUNDINAMARCA,PANDI,4419.0,2586,2560,36,16,10,1833.0,1895.0,ABELARDO DE LA ESPRIELLA,4,1336,0.521875,IVAN CEPEDA,1.0,893.0,0.348828125,443.0,0.173046875,VENTAJA_DEFENDIBLE
15,198,CUNDINAMARCA,PARATEBUENO (LA NAGUAYA),7784.0,4779,4725,42,43,11,3005.0,3101.0,ABELARDO DE LA ESPRIELLA,4,3221,0.6816931216931217,IVAN CEPEDA,1.0,976.0,0.2065608465608465,2245.0,0.4751322751322751,CONSOLIDADO
15,199,CUNDINAMARCA,PASCA,8541.0,5375,5280,94,81,14,3166.0,3355.0,IVAN CEPEDA,1,2513,0.4759469696969697,ABELARDO DE LA ESPRIELLA,4.0,2160.0,0.4090909090909091,353.0,0.0668560606060605,RESERVA_DEFINIBLE
15,202,CUNDINAMARCA,PUERTO SALGAR,13344.0,7603,7441,126,142,20,5741.0,6029.0,ABELARDO DE LA ESPRIELLA,4,3757,0.5049052546700712,IVAN CEPEDA,1.0,2831.0,0.3804596156430587,926.0,0.1244456390270124,VENTAJA_DEFENDIBLE
15,205,CUNDINAMARCA,PULI,2887.0,1447,1427,21,11,9,1440.0,1481.0,ABELARDO DE LA ESPRIELLA,4,825,0.578135949544499,IVAN CEPEDA,1.0,336.0,0.2354590049053959,489.0,0.342676944639103,VENTAJA_DEFENDIBLE
15,208,CUNDINAMARCA,QUEBRADANEGRA,4356.0,3107,3087,23,16,4,1249.0,1292.0,ABELARDO DE LA ESPRIELLA,4,2357,0.7635244574020085,IVAN CEPEDA,1.0,408.0,0.1321671525753158,1949.0,0.6313573048266926,CONSOLIDADO
15,211,CUNDINAMARCA,QUETAME,5896.0,3968,3929,58,34,5,1928.0,2025.0,ABELARDO DE LA ESPRIELLA,4,2300,0.5853906846525834,IVAN CEPEDA,1.0,1202.0,0.3059302621532196,1098.0,0.2794604224993637,CONSOLIDADO
15,214,CUNDINAMARCA,QUIPILE,6221.0,3693,3663,31,17,13,2528.0,2589.0,ABELARDO DE LA ESPRIELLA,4,2428,0.6628446628446628,IVAN CEPEDA,1.0,568.0,0.155064155064155,1860.0,0.5077805077805078,CONSOLIDADO
15,217,CUNDINAMARCA,APULO,7299.0,4585,4523,68,47,15,2714.0,2844.0,ABELARDO DE LA ESPRIELLA,4,2622,0.579703736458103,IVAN CEPEDA,1.0,1292.0,0.285651116515587,1330.0,0.294052619942516,CONSOLIDADO
15,218,CUNDINAMARCA,RICAURTE,13415.0,8306,8235,123,65,6,5109.0,5303.0,ABELARDO DE LA ESPRIELLA,4,4451,0.5404978749241044,IVAN CEPEDA,1.0,2654.0,0.3222829386763813,1797.0,0.2182149362477231,CONSOLIDADO
15,220,CUNDINAMARCA,SAN ANTONIO DEL TEQUENDAMA,9533.0,6324,6263,85,49,12,3209.0,3355.0,ABELARDO DE LA ESPRIELLA,4,3165,0.50534887434137,IVAN CEPEDA,1.0,1977.0,0.3156634200862206,1188.0,0.1896854542551493,VENTAJA_DEFENDIBLE
15,223,CUNDINAMARCA,SAN BERNARDO,7842.0,4523,4480,41,33,10,3319.0,3403.0,ABELARDO DE LA ESPRIELLA,4,2595,0.5792410714285714,IVAN CEPEDA,1.0,1349.0,0.3011160714285714,1246.0,0.2781249999999999,CONSOLIDADO
15,226,CUNDINAMARCA,SAN CAYETANO,4452.0,2337,2322,25,11,4,2115.0,2155.0,ABELARDO DE LA ESPRIELLA,4,1560,0.6718346253229974,PALOMA VALENCIA,11.0,367.0,0.1580534022394487,1193.0,0.5137812230835487,CONSOLIDADO
15,229,CUNDINAMARCA,SAN FRANCISCO,9807.0,6418,6347,88,56,15,3389.0,3548.0,ABELARDO DE LA ESPRIELLA,4,3805,0.5994958247991177,IVAN CEPEDA,1.0,1516.0,0.2388530014179927,2289.0,0.3606428233811249,CONSOLIDADO
15,232,CUNDINAMARCA,SAN JUAN DE RIOSECO,9104.0,5342,5277,56,48,17,3762.0,3883.0,ABELARDO DE LA ESPRIELLA,4,3126,0.5923820352472996,IVAN CEPEDA,1.0,1390.0,0.2634072389615312,1736.0,0.3289747962857684,CONSOLIDADO
15,235,CUNDINAMARCA,SASAIMA,9558.0,6148,6052,107,73,23,3410.0,3613.0,ABELARDO DE LA ESPRIELLA,4,3590,0.5931923331130204,IVAN CEPEDA,1.0,1390.0,0.2296761401189689,2200.0,0.3635161929940514,CONSOLIDADO
15,238,CUNDINAMARCA,SESQUILE,9784.0,7075,6854,157,202,19,2709.0,3087.0,ABELARDO DE LA ESPRIELLA,4,2970,0.4333236066530493,IVAN CEPEDA,1.0,2779.0,0.4054566676393347,191.0,0.0278669390137146,BISAGRA
15,239,CUNDINAMARCA,SIBATE,28107.0,19037,18682,382,330,25,9070.0,9807.0,IVAN CEPEDA,1,8296,0.4440638047318274,ABELARDO DE LA ESPRIELLA,4.0,7196.0,0.3851835991863826,1100.0,0.0588802055454448,RESERVA_DEFINIBLE
15,241,CUNDINAMARCA,SILVANIA,20556.0,13475,13275,159,172,28,7081.0,7440.0,ABELARDO DE LA ESPRIELLA,4,7081,0.5334086629001883,IVAN CEPEDA,1.0,3962.0,0.2984557438794727,3119.0,0.2349529190207155,CONSOLIDADO
15,244,CUNDINAMARCA,SIMIJACA,10287.0,6891,6815,137,66,10,3396.0,3609.0,ABELARDO DE LA ESPRIELLA,4,4122,0.6048422597212032,IVAN CEPEDA,1.0,1679.0,0.2463683052090975,2443.0,0.3584739545121056,CONSOLIDADO
15,247,CUNDINAMARCA,SOACHA,362686.0,259197,255080,5239,3895,222,103489.0,112845.0,IVAN CEPEDA,1,139603,0.5472910459463698,ABELARDO DE LA ESPRIELLA,4.0,72682.0,0.2849380586482672,66921.0,0.2623529872981026,CONSOLIDADO
15,250,CUNDINAMARCA,SOPO,21119.0,16417,16190,367,210,17,4702.0,5296.0,IVAN CEPEDA,1,7099,0.4384805435453984,ABELARDO DE LA ESPRIELLA,4.0,5829.0,0.3600370599135268,1270.0,0.0784434836318715,RESERVA_DEFINIBLE
15,256,CUNDINAMARCA,SUBACHOQUE,13337.0,9917,9780,195,130,7,3420.0,3752.0,ABELARDO DE LA ESPRIELLA,4,5771,0.590081799591002,IVAN CEPEDA,1.0,2160.0,0.2208588957055214,3611.0,0.3692229038854805,CONSOLIDADO
15,259,CUNDINAMARCA,SUESCA,12064.0,8800,8527,247,250,23,3264.0,3784.0,IVAN CEPEDA,1,3958,0.4641726281224346,ABELARDO DE LA ESPRIELLA,4.0,2962.0,0.3473671865837927,996.0,0.1168054415386419,VENTAJA_DEFENDIBLE
15,262,CUNDINAMARCA,SUPATA,4708.0,3050,3028,41,19,3,1658.0,1721.0,ABELARDO DE LA ESPRIELLA,4,2013,0.6647952443857331,IVAN CEPEDA,1.0,529.0,0.1747027741083223,1484.0,0.4900924702774107,CONSOLIDADO
15,265,CUNDINAMARCA,SUSA,5636.0,3774,3745,67,28,1,1862.0,1958.0,ABELARDO DE LA ESPRIELLA,4,2382,0.6360480640854472,IVAN CEPEDA,1.0,795.0,0.2122830440587449,1587.0,0.4237650200267022,CONSOLIDADO
15,268,CUNDINAMARCA,SUTATAUSA,4375.0,3114,3045,75,61,8,1261.0,1405.0,ABELARDO DE LA ESPRIELLA,4,1775,0.5829228243021346,IVAN CEPEDA,1.0,721.0,0.2367816091954023,1054.0,0.3461412151067323,CONSOLIDADO
15,271,CUNDINAMARCA,TABIO,19093.0,14024,13807,309,198,19,5069.0,5595.0,ABELARDO DE LA ESPRIELLA,4,6721,0.4867820670674295,IVAN CEPEDA,1.0,4373.0,0.3167234011733179,2348.0,0.1700586658941116,VENTAJA_DEFENDIBLE
15,274,CUNDINAMARCA,TAUSA,6433.0,4554,4477,113,73,4,1879.0,2069.0,ABELARDO DE LA ESPRIELLA,4,2936,0.6557962921599285,IVAN CEPEDA,1.0,729.0,0.1628322537413446,2207.0,0.4929640384185838,CONSOLIDADO
15,277,CUNDINAMARCA,TENA,7979.0,5259,5206,73,36,17,2720.0,2846.0,ABELARDO DE LA ESPRIELLA,4,2862,0.5497502881290818,IVAN CEPEDA,1.0,1576.0,0.3027276219746446,1286.0,0.2470226661544371,CONSOLIDADO
15,280,CUNDINAMARCA,TENJO,19593.0,14852,14510,322,320,22,4741.0,5405.0,ABELARDO DE LA ESPRIELLA,4,6939,0.4782219159200551,IVAN CEPEDA,1.0,4517.0,0.311302549965541,2422.0,0.1669193659545141,VENTAJA_DEFENDIBLE
15,283,CUNDINAMARCA,TIBACUY,4579.0,2956,2918,27,28,10,1623.0,1688.0,ABELARDO DE LA ESPRIELLA,4,1478,0.5065113091158328,IVAN CEPEDA,1.0,1021.0,0.3498971898560657,457.0,0.1566141192597669,VENTAJA_DEFENDIBLE
15,286,CUNDINAMARCA,TIBIRITA,3017.0,1823,1805,18,10,8,1194.0,1230.0,ABELARDO DE LA ESPRIELLA,4,1041,0.5767313019390582,IVAN CEPEDA,1.0,483.0,0.267590027700831,558.0,0.3091412742382272,CONSOLIDADO
15,289,CUNDINAMARCA,TOCAIMA,13044.0,7129,7023,131,91,15,5915.0,6152.0,ABELARDO DE LA ESPRIELLA,4,3692,0.5257012672647017,IVAN CEPEDA,1.0,2157.0,0.3071337035454933,1535.0,0.2185675637192083,CONSOLIDADO
15,292,CUNDINAMARCA,TOCANCIPA,43119.0,33627,32953,693,647,27,9492.0,10859.0,IVAN CEPEDA,1,16891,0.5125785209237399,ABELARDO DE LA ESPRIELLA,4.0,9762.0,0.2962400995357023,7129.0,0.2163384213880375,CONSOLIDADO
15,295,CUNDINAMARCA,TOPAIPI,4342.0,2144,2116,21,19,9,2198.0,2247.0,ABELARDO DE LA ESPRIELLA,4,1420,0.6710775047258979,IVAN CEPEDA,1.0,328.0,0.1550094517958412,1092.0,0.5160680529300566,CONSOLIDADO
15,298,CUNDINAMARCA,UBALA,8784.0,4769,4700,61,46,23,4015.0,4145.0,ABELARDO DE LA ESPRIELLA,4,3176,0.6757446808510639,IVAN CEPEDA,1.0,923.0,0.1963829787234042,2253.0,0.4793617021276596,CONSOLIDADO
15,301,CUNDINAMARCA,UBAQUE,6318.0,4227,4164,68,55,8,2091.0,2222.0,ABELARDO DE LA ESPRIELLA,4,2580,0.6195965417867435,IVAN CEPEDA,1.0,951.0,0.228386167146974,1629.0,0.3912103746397694,CONSOLIDADO
15,304,CUNDINAMARCA,UBATE,37209.0,26112,25625,623,440,47,11097.0,12207.0,ABELARDO DE LA ESPRIELLA,4,13478,0.5259707317073171,IVAN CEPEDA,1.0,6787.0,0.2648585365853658,6691.0,0.2611121951219513,CONSOLIDADO
15,307,CUNDINAMARCA,UNE,6806.0,4542,4479,92,60,3,2264.0,2419.0,ABELARDO DE LA ESPRIELLA,4,2717,0.6066086179950881,IVAN CEPEDA,1.0,992.0,0.2214780084840366,1725.0,0.3851306095110515,CONSOLIDADO
15,316,CUNDINAMARCA,UTICA,5032.0,3146,3128,36,12,6,1886.0,1940.0,ABELARDO DE LA ESPRIELLA,4,2504,0.8005115089514067,IVAN CEPEDA,1.0,359.0,0.114769820971867,2145.0,0.6857416879795396,CONSOLIDADO
15,318,CUNDINAMARCA,VENECIA,3789.0,2188,2166,25,16,6,1601.0,1648.0,ABELARDO DE LA ESPRIELLA,4,1097,0.5064635272391506,IVAN CEPEDA,1.0,823.0,0.3799630655586334,274.0,0.1265004616805171,VENTAJA_DEFENDIBLE
15,319,CUNDINAMARCA,VERGARA,7214.0,4180,4148,49,27,5,3034.0,3115.0,ABELARDO DE LA ESPRIELLA,4,2837,0.6839440694310511,IVAN CEPEDA,1.0,685.0,0.1651398264223722,2152.0,0.5188042430086789,CONSOLIDADO
15,322,CUNDINAMARCA,VIANI,4365.0,2781,2758,38,14,9,1584.0,1645.0,ABELARDO DE LA ESPRIELLA,4,1643,0.5957215373459028,IVAN CEPEDA,1.0,685.0,0.2483683828861493,958.0,0.3473531544597534,CONSOLIDADO
15,323,CUNDINAMARCA,VILLAGOMEZ,2131.0,1251,1238,10,6,7,880.0,903.0,ABELARDO DE LA ESPRIELLA,4,784,0.6332794830371568,IVAN CEPEDA,1.0,300.0,0.2423263327948303,484.0,0.3909531502423263,VENTAJA_DEFENDIBLE
15,325,CUNDINAMARCA,VILLAPINZON,14633.0,10907,10781,202,107,19,3726.0,4054.0,ABELARDO DE LA ESPRIELLA,4,7402,0.6865782394954086,IVAN CEPEDA,1.0,1564.0,0.1450700306094054,5838.0,0.5415082088860033,CONSOLIDADO
15,328,CUNDINAMARCA,VILLETA,25415.0,16559,16417,262,121,21,8856.0,9260.0,ABELARDO DE LA ESPRIELLA,4,10548,0.6425047207163306,IVAN CEPEDA,1.0,3650.0,0.222330511055613,6898.0,0.4201742096607175,CONSOLIDADO
15,331,CUNDINAMARCA,VIOTA,12161.0,7233,7156,67,64,13,4928.0,5072.0,ABELARDO DE LA ESPRIELLA,4,3681,0.5143935159306875,IVAN CEPEDA,1.0,2554.0,0.3569032979318055,1127.0,0.157490217998882,VENTAJA_DEFENDIBLE
15,334,CUNDINAMARCA,YACOPI,10829.0,5392,5337,49,30,25,5437.0,5541.0,ABELARDO DE LA ESPRIELLA,4,3944,0.7389919430391606,IVAN CEPEDA,1.0,795.0,0.1489600899381675,3149.0,0.5900318531009932,CONSOLIDADO
15,337,CUNDINAMARCA,ZIPACON,4351.0,2994,2935,54,53,6,1357.0,1470.0,ABELARDO DE LA ESPRIELLA,4,1444,0.4919931856899489,IVAN CEPEDA,1.0,895.0,0.3049403747870528,549.0,0.187052810902896,VENTAJA_DEFENDIBLE
15,340,CUNDINAMARCA,ZIPAQUIRA,113388.0,85160,83769,1781,1318,73,28228.0,31400.0,IVAN CEPEDA,1,39011,0.4656973343360909,ABELARDO DE LA ESPRIELLA,4.0,29209.0,0.3486850744308754,9802.0,0.1170122599052155,VENTAJA_DEFENDIBLE
17,1,CHOCO,QUIBDO,88487.0,41145,40138,789,857,150,47342.0,49138.0,IVAN CEPEDA,1,29900,0.7449299915292241,ABELARDO DE LA ESPRIELLA,4.0,5914.0,0.1473416712342418,23986.0,0.5975883202949823,CONSOLIDADO
17,2,CHOCO,ATRATO (YUTO),8536.0,3765,3688,55,66,11,4771.0,4903.0,IVAN CEPEDA,1,2881,0.7811822125813449,ABELARDO DE LA ESPRIELLA,4.0,543.0,0.147234273318872,2338.0,0.633947939262473,CONSOLIDADO
17,4,CHOCO,ACANDI,10929.0,4201,4138,64,39,24,6728.0,6855.0,IVAN CEPEDA,1,1944,0.4697921701304978,ABELARDO DE LA ESPRIELLA,4.0,1887.0,0.4560173997100048,57.0,0.013774770420493,BISAGRA
17,6,CHOCO,ALTO BAUDO (PIE DE PATO),12001.0,4985,4964,7,8,13,7016.0,7044.0,IVAN CEPEDA,1,4717,0.9502417405318292,ABELARDO DE LA ESPRIELLA,4.0,146.0,0.0294117647058823,4571.0,0.9208299758259468,CONSOLIDADO
17,7,CHOCO,BAGADO,8439.0,2868,2843,23,19,6,5571.0,5619.0,IVAN CEPEDA,1,2410,0.8476960956735843,ABELARDO DE LA ESPRIELLA,4.0,289.0,0.1016531832571227,2121.0,0.7460429124164615,CONSOLIDADO
17,8,CHOCO,BAHIA SOLANO (MUTIS),9023.0,3669,3623,42,32,14,5354.0,5442.0,IVAN CEPEDA,1,2722,0.7513110681755452,ABELARDO DE LA ESPRIELLA,4.0,655.0,0.1807894010488545,2067.0,0.5705216671266906,CONSOLIDADO
17,10,CHOCO,BAJO BAUDO (PIZARRO),12460.0,4038,3968,32,53,17,8422.0,8524.0,IVAN CEPEDA,1,3409,0.8591229838709677,ABELARDO DE LA ESPRIELLA,4.0,263.0,0.0662802419354838,3146.0,0.7928427419354839,CONSOLIDADO
17,11,CHOCO,BOJAYA (BELLAVISTA),8977.0,3169,3149,21,14,6,5808.0,5849.0,IVAN CEPEDA,1,2854,0.9063194664973008,ABELARDO DE LA ESPRIELLA,4.0,153.0,0.0485868529691965,2701.0,0.8577326135281043,CONSOLIDADO
17,12,CHOCO,MEDIO ATRATO (BETE),7656.0,2462,2423,20,32,7,5194.0,5253.0,IVAN CEPEDA,1,2070,0.8543128353281056,ABELARDO DE LA ESPRIELLA,4.0,226.0,0.0932728023111844,1844.0,0.7610400330169211,CONSOLIDADO
17,13,CHOCO,CONDOTO,11346.0,4240,4116,87,105,19,7106.0,7317.0,IVAN CEPEDA,1,3216,0.7813411078717201,ABELARDO DE LA ESPRIELLA,4.0,515.0,0.1251214771622935,2701.0,0.6562196307094266,CONSOLIDADO
17,14,CHOCO,CERTEGUI,5120.0,2110,2065,38,36,9,3010.0,3093.0,IVAN CEPEDA,1,1520,0.7360774818401937,ABELARDO DE LA ESPRIELLA,4.0,282.0,0.1365617433414043,1238.0,0.5995157384987894,CONSOLIDADO
17,15,CHOCO,CARMEN DEL DARIEN,10290.0,4205,4157,55,33,15,6085.0,6188.0,IVAN CEPEDA,1,3436,0.8265576136636997,ABELARDO DE LA ESPRIELLA,4.0,478.0,0.1149867693047871,2958.0,0.7115708443589126,CONSOLIDADO
17,16,CHOCO,EL CARMEN,7263.0,3874,3810,52,42,22,3389.0,3505.0,ABELARDO DE LA ESPRIELLA,4,1862,0.4887139107611548,IVAN CEPEDA,1.0,1376.0,0.3611548556430446,486.0,0.1275590551181102,VENTAJA_DEFENDIBLE
17,17,CHOCO,EL CANTON DEL SAN PABLO (MAN.,6069.0,2347,2281,33,60,6,3722.0,3821.0,IVAN CEPEDA,1,1709,0.7492327926348092,ABELARDO DE LA ESPRIELLA,4.0,406.0,0.1779921087242437,1303.0,0.5712406839105655,CONSOLIDADO
17,19,CHOCO,ISTMINA,24332.0,8547,8367,217,136,44,15785.0,16182.0,IVAN CEPEDA,1,6263,0.7485359149037887,ABELARDO DE LA ESPRIELLA,4.0,1230.0,0.1470060953746862,5033.0,0.6015298195291024,CONSOLIDADO
17,22,CHOCO,JURADO,3898.0,1451,1441,23,8,2,2447.0,2480.0,IVAN CEPEDA,1,1224,0.84941013185288,ABELARDO DE LA ESPRIELLA,4.0,152.0,0.1054823039555864,1072.0,0.7439278278972935,CONSOLIDADO
17,25,CHOCO,LLORO,9374.0,3349,3224,43,101,24,6025.0,6193.0,IVAN CEPEDA,1,2279,0.7068858560794045,ABELARDO DE LA ESPRIELLA,4.0,643.0,0.1994416873449131,1636.0,0.5074441687344913,CONSOLIDADO
17,26,CHOCO,MEDIO BAUDO (PUERTO MELUK),9801.0,3515,3491,24,18,6,6286.0,6334.0,IVAN CEPEDA,1,3138,0.8988828415926668,ABELARDO DE LA ESPRIELLA,4.0,158.0,0.045259238040676,2980.0,0.8536236035519909,CONSOLIDADO
17,27,CHOCO,MEDIO SAN JUAN,7862.0,3283,3204,47,56,23,4579.0,4705.0,IVAN CEPEDA,1,2728,0.8514357053682896,ABELARDO DE LA ESPRIELLA,4.0,239.0,0.0745942571785268,2489.0,0.7768414481897628,CONSOLIDADO
17,28,CHOCO,NOVITA,6022.0,2167,2090,63,67,10,3855.0,3995.0,IVAN CEPEDA,1,1463,0.7,ABELARDO DE LA ESPRIELLA,4.0,352.0,0.1684210526315789,1111.0,0.531578947368421,CONSOLIDADO
17,31,CHOCO,NUQUI,7175.0,3025,3008,22,8,9,4150.0,4189.0,IVAN CEPEDA,1,2567,0.8533909574468085,ABELARDO DE LA ESPRIELLA,4.0,307.0,0.1020611702127659,2260.0,0.7513297872340425,CONSOLIDADO
17,32,CHOCO,RIO IRO,4707.0,1622,1574,38,46,2,3085.0,3171.0,IVAN CEPEDA,1,1078,0.6848792884371029,ABELARDO DE LA ESPRIELLA,4.0,316.0,0.2007623888182973,762.0,0.4841168996188055,CONSOLIDADO
17,34,CHOCO,RIOSUCIO,14222.0,5985,5845,57,124,16,8237.0,8434.0,IVAN CEPEDA,1,4914,0.8407185628742515,ABELARDO DE LA ESPRIELLA,4.0,655.0,0.1120615911035072,4259.0,0.7286569717707443,CONSOLIDADO
17,35,CHOCO,RIO QUITO (PAIMADO),7564.0,3408,3311,40,89,8,4156.0,4293.0,IVAN CEPEDA,1,2359,0.7124735729386892,ABELARDO DE LA ESPRIELLA,4.0,611.0,0.1845363938387194,1748.0,0.5279371790999697,CONSOLIDADO
17,37,CHOCO,SAN JOSE DEL PALMAR,4272.0,1422,1380,26,32,10,2850.0,2918.0,IVAN CEPEDA,1,816,0.591304347826087,ABELARDO DE LA ESPRIELLA,4.0,408.0,0.2956521739130435,408.0,0.2956521739130435,VENTAJA_DEFENDIBLE
17,38,CHOCO,EL LITORAL DEL SAN JUAN,9102.0,4365,4328,16,31,6,4737.0,4790.0,IVAN CEPEDA,1,4179,0.965573012939002,ABELARDO DE LA ESPRIELLA,4.0,95.0,0.0219500924214417,4084.0,0.94362292051756,CONSOLIDADO
17,40,CHOCO,SIPI,3186.0,1100,1079,16,14,7,2086.0,2123.0,IVAN CEPEDA,1,939,0.8702502316960148,ABELARDO DE LA ESPRIELLA,4.0,83.0,0.0769230769230769,856.0,0.7933271547729379,VENTAJA_DEFENDIBLE
17,43,CHOCO,TADO,14631.0,5455,5221,130,183,51,9176.0,9540.0,IVAN CEPEDA,1,3771,0.7222754261635702,ABELARDO DE LA ESPRIELLA,4.0,839.0,0.1606971844474238,2932.0,0.5615782417161463,CONSOLIDADO
17,48,CHOCO,UNGUIA,10281.0,3910,3882,52,15,13,6371.0,6451.0,IVAN CEPEDA,1,2411,0.6210716125708398,ABELARDO DE LA ESPRIELLA,4.0,1221.0,0.3145285935085007,1190.0,0.306543019062339,CONSOLIDADO
17,60,CHOCO,UNION PANAMERICANA (LAS ANIMAS,6103.0,2378,2294,45,76,8,3725.0,3854.0,IVAN CEPEDA,1,1631,0.7109851787271142,ABELARDO DE LA ESPRIELLA,4.0,401.0,0.1748038360941586,1230.0,0.5361813426329556,CONSOLIDADO
17,82,CHOCO,NUEVO BELEN DE BAJIRA,12574.0,5196,5123,84,51,22,7378.0,7535.0,IVAN CEPEDA,1,3224,0.629318758539918,ABELARDO DE LA ESPRIELLA,4.0,1453.0,0.2836228772203787,1771.0,0.3456958813195393,CONSOLIDADO
19,1,HUILA,NEIVA,297225.0,185948,183829,3098,1919,200,111277.0,116494.0,ABELARDO DE LA ESPRIELLA,4,85998,0.4678151978197128,IVAN CEPEDA,1.0,71549.0,0.3892149769622856,14449.0,0.0786002208574273,RESERVA_DEFINIBLE
19,4,HUILA,ACEVEDO,23609.0,12903,12760,188,114,29,10706.0,11037.0,ABELARDO DE LA ESPRIELLA,4,8820,0.6912225705329154,IVAN CEPEDA,1.0,2115.0,0.1657523510971786,6705.0,0.5254702194357367,CONSOLIDADO
19,7,HUILA,AGRADO,8144.0,4795,4740,73,46,9,3349.0,3477.0,ABELARDO DE LA ESPRIELLA,4,3022,0.6375527426160338,IVAN CEPEDA,1.0,1086.0,0.2291139240506329,1936.0,0.4084388185654009,CONSOLIDADO
19,10,HUILA,AIPE,16324.0,9266,9162,158,88,16,7058.0,7320.0,ABELARDO DE LA ESPRIELLA,4,4851,0.5294695481335953,IVAN CEPEDA,1.0,3058.0,0.3337699192316088,1793.0,0.1956996289019864,VENTAJA_DEFENDIBLE
19,13,HUILA,ALGECIRAS,18466.0,9648,9438,233,153,57,8818.0,9261.0,ABELARDO DE LA ESPRIELLA,4,5261,0.5574274210637847,IVAN CEPEDA,1.0,2710.0,0.2871371053189235,2551.0,0.2702903157448612,CONSOLIDADO
19,16,HUILA,ALTAMIRA,3577.0,2020,2007,33,12,1,1557.0,1603.0,ABELARDO DE LA ESPRIELLA,4,1075,0.5356253114100648,IVAN CEPEDA,1.0,772.0,0.3846537120079721,303.0,0.1509715994020926,VENTAJA_DEFENDIBLE
19,19,HUILA,BARAYA,6388.0,3392,3275,38,32,85,2996.0,3151.0,ABELARDO DE LA ESPRIELLA,4,2084,0.6363358778625954,IVAN CEPEDA,1.0,802.0,0.2448854961832061,1282.0,0.3914503816793893,CONSOLIDADO
19,22,HUILA,CAMPOALEGRE,26179.0,15578,15201,341,335,42,10601.0,11319.0,ABELARDO DE LA ESPRIELLA,4,7645,0.5029274389842774,IVAN CEPEDA,1.0,5665.0,0.3726728504703638,1980.0,0.1302545885139135,VENTAJA_DEFENDIBLE
19,25,HUILA,TESALIA (CARNICERIAS),8835.0,5531,5438,99,79,14,3304.0,3496.0,ABELARDO DE LA ESPRIELLA,4,3825,0.7033835969106289,IVAN CEPEDA,1.0,968.0,0.1780066200809121,2857.0,0.5253769768297168,CONSOLIDADO
19,28,HUILA,COLOMBIA,6862.0,3518,3495,50,13,10,3344.0,3417.0,ABELARDO DE LA ESPRIELLA,4,2382,0.6815450643776824,IVAN CEPEDA,1.0,604.0,0.1728183118741058,1778.0,0.5087267525035765,CONSOLIDADO
19,31,HUILA,ELIAS,3962.0,2310,2289,34,15,6,1652.0,1707.0,ABELARDO DE LA ESPRIELLA,4,1482,0.6474442988204456,IVAN CEPEDA,1.0,508.0,0.2219309742245522,974.0,0.4255133245958934,CONSOLIDADO
19,34,HUILA,GARZON,61091.0,37216,36725,694,414,77,23875.0,25060.0,ABELARDO DE LA ESPRIELLA,4,21897,0.5962423417290674,IVAN CEPEDA,1.0,10038.0,0.2733287950987066,11859.0,0.3229135466303608,CONSOLIDADO
19,37,HUILA,GIGANTE,20740.0,12022,11851,194,144,27,8718.0,9083.0,ABELARDO DE LA ESPRIELLA,4,7006,0.5911737406126065,IVAN CEPEDA,1.0,3264.0,0.2754197957978229,3742.0,0.3157539448147836,CONSOLIDADO
19,40,HUILA,GUADALUPE,14792.0,8156,8048,153,90,18,6636.0,6897.0,ABELARDO DE LA ESPRIELLA,4,5302,0.6587972166998012,IVAN CEPEDA,1.0,1650.0,0.2050198807157057,3652.0,0.4537773359840954,CONSOLIDADO
19,43,HUILA,HOBO,6401.0,3568,3513,74,47,8,2833.0,2962.0,ABELARDO DE LA ESPRIELLA,4,1901,0.5411329348135496,IVAN CEPEDA,1.0,1153.0,0.3282095075434102,748.0,0.2129234272701394,CONSOLIDADO
19,44,HUILA,ISNOS,22743.0,13431,13164,356,204,63,9312.0,9935.0,ABELARDO DE LA ESPRIELLA,4,6223,0.4727286539045883,IVAN CEPEDA,1.0,5078.0,0.3857490124582194,1145.0,0.0869796414463688,RESERVA_DEFINIBLE
19,46,HUILA,IQUIRA,7907.0,4744,4681,82,52,11,3163.0,3308.0,ABELARDO DE LA ESPRIELLA,4,2119,0.4526810510574663,IVAN CEPEDA,1.0,1937.0,0.4138004699850459,182.0,0.0388805810724204,BISAGRA
19,47,HUILA,LA ARGENTINA (PLATA VIEJA),12974.0,6975,6863,184,82,30,5999.0,6295.0,ABELARDO DE LA ESPRIELLA,4,3918,0.5708873670406528,IVAN CEPEDA,1.0,2210.0,0.3220166108115984,1708.0,0.2488707562290543,CONSOLIDADO
19,49,HUILA,LA PLATA,47132.0,26887,26435,554,344,108,20245.0,21251.0,ABELARDO DE LA ESPRIELLA,4,14671,0.554983922829582,IVAN CEPEDA,1.0,7829.0,0.2961603934178173,6842.0,0.2588235294117647,CONSOLIDADO
19,50,HUILA,NATAGA,5408.0,2878,2823,79,41,14,2530.0,2664.0,ABELARDO DE LA ESPRIELLA,4,1268,0.4491675522493801,IVAN CEPEDA,1.0,899.0,0.318455543747786,369.0,0.130712008501594,VENTAJA_DEFENDIBLE
19,51,HUILA,OPORAPA,9138.0,5505,5466,96,30,9,3633.0,3768.0,ABELARDO DE LA ESPRIELLA,4,3870,0.70801317233809,IVAN CEPEDA,1.0,808.0,0.1478229052323454,3062.0,0.5601902671057446,CONSOLIDADO
19,52,HUILA,PAICOL,5480.0,3518,3489,40,18,11,1962.0,2031.0,ABELARDO DE LA ESPRIELLA,4,2560,0.7337345944396675,IVAN CEPEDA,1.0,569.0,0.1630839782172542,1991.0,0.5706506162224132,CONSOLIDADO
19,55,HUILA,PALERMO,22390.0,13021,12869,218,128,24,9369.0,9739.0,ABELARDO DE LA ESPRIELLA,4,7265,0.5645349288989043,IVAN CEPEDA,1.0,4008.0,0.3114461108089206,3257.0,0.2530888180899837,CONSOLIDADO
19,56,HUILA,PALESTINA,10372.0,6010,5919,147,66,25,4362.0,4600.0,ABELARDO DE LA ESPRIELLA,4,3491,0.5897955735766177,IVAN CEPEDA,1.0,1583.0,0.2674438249704342,1908.0,0.3223517486061835,CONSOLIDADO
19,58,HUILA,PITAL,10600.0,6205,6153,83,39,13,4395.0,4530.0,ABELARDO DE LA ESPRIELLA,4,3926,0.6380627336258735,IVAN CEPEDA,1.0,1380.0,0.2242808386153096,2546.0,0.4137818950105639,CONSOLIDADO
19,61,HUILA,PITALITO,114211.0,65462,64710,1264,628,124,48749.0,50765.0,ABELARDO DE LA ESPRIELLA,4,34502,0.5331787977128728,IVAN CEPEDA,1.0,21913.0,0.338633905115129,12589.0,0.1945448925977437,VENTAJA_DEFENDIBLE
19,64,HUILA,RIVERA,20378.0,12595,12402,228,173,20,7783.0,8204.0,ABELARDO DE LA ESPRIELLA,4,6181,0.4983873568779229,IVAN CEPEDA,1.0,4708.0,0.3796161909369456,1473.0,0.1187711659409772,VENTAJA_DEFENDIBLE
19,67,HUILA,SALADOBLANCO,10860.0,6342,6283,89,37,22,4518.0,4666.0,ABELARDO DE LA ESPRIELLA,4,4668,0.7429571860576157,IVAN CEPEDA,1.0,1028.0,0.1636161069552761,3640.0,0.5793410791023396,CONSOLIDADO
19,70,HUILA,SAN AGUSTIN,27670.0,15796,15610,296,135,51,11874.0,12356.0,ABELARDO DE LA ESPRIELLA,4,8483,0.5434336963484946,IVAN CEPEDA,1.0,5217.0,0.3342088404868674,3266.0,0.2092248558616272,CONSOLIDADO
19,74,HUILA,SANTA MARIA,8908.0,5222,5171,70,39,12,3686.0,3807.0,ABELARDO DE LA ESPRIELLA,4,3457,0.6685360665248501,IVAN CEPEDA,1.0,824.0,0.159350222394121,2633.0,0.5091858441307291,CONSOLIDADO
19,76,HUILA,SUAZA,16582.0,9179,9072,140,85,22,7403.0,7650.0,ABELARDO DE LA ESPRIELLA,4,6145,0.6773589065255732,IVAN CEPEDA,1.0,2001.0,0.220568783068783,4144.0,0.4567901234567901,CONSOLIDADO
19,79,HUILA,TARQUI,13183.0,7663,7588,143,57,18,5520.0,5738.0,ABELARDO DE LA ESPRIELLA,4,5038,0.6639430680021086,IVAN CEPEDA,1.0,1693.0,0.2231154454401686,3345.0,0.4408276225619398,CONSOLIDADO
19,82,HUILA,TELLO,11160.0,5824,5744,112,66,14,5336.0,5528.0,ABELARDO DE LA ESPRIELLA,4,3536,0.6155988857938719,IVAN CEPEDA,1.0,1432.0,0.2493036211699164,2104.0,0.3662952646239554,CONSOLIDADO
19,85,HUILA,TERUEL,6800.0,3864,3830,55,26,8,2936.0,3025.0,ABELARDO DE LA ESPRIELLA,4,2567,0.6702349869451697,IVAN CEPEDA,1.0,648.0,0.1691906005221932,1919.0,0.5010443864229766,CONSOLIDADO
19,88,HUILA,TIMANA,17287.0,10041,9931,170,87,23,7246.0,7526.0,ABELARDO DE LA ESPRIELLA,4,6361,0.6405195851374484,IVAN CEPEDA,1.0,1979.0,0.1992749974826301,4382.0,0.4412445876548183,CONSOLIDADO
19,91,HUILA,VILLAVIEJA,6830.0,3993,3937,59,43,13,2837.0,2952.0,ABELARDO DE LA ESPRIELLA,4,1951,0.4955549911099822,IVAN CEPEDA,1.0,1608.0,0.4084328168656337,343.0,0.0871221742443485,RESERVA_DEFINIBLE
19,94,HUILA,YAGUARA,7131.0,4830,4764,78,58,8,2301.0,2445.0,ABELARDO DE LA ESPRIELLA,4,2862,0.6007556675062973,IVAN CEPEDA,1.0,1427.0,0.2995382031905961,1435.0,0.3012174643157011,CONSOLIDADO
21,1,MAGDALENA,SANTA MARTA,408863.0,217221,215262,3898,1708,251,191642.0,197499.0,IVAN CEPEDA,1,112812,0.5240683446219027,ABELARDO DE LA ESPRIELLA,4.0,79356.0,0.3686484377177579,33456.0,0.1554199069041447,VENTAJA_DEFENDIBLE
21,8,MAGDALENA,ALGARROBO,11156.0,4953,4913,63,24,16,6203.0,6306.0,IVAN CEPEDA,1,3585,0.7296967229798493,ABELARDO DE LA ESPRIELLA,4.0,978.0,0.199063708528394,2607.0,0.5306330144514553,CONSOLIDADO
21,10,MAGDALENA,ARACATACA,30598.0,12494,12389,207,66,39,18104.0,18416.0,IVAN CEPEDA,1,7645,0.6170796674469288,ABELARDO DE LA ESPRIELLA,4.0,3955.0,0.3192348050690128,3690.0,0.2978448623779159,CONSOLIDADO
21,12,MAGDALENA,ARIGUANI (EL DIFICIL),24633.0,11450,11296,143,121,33,13183.0,13480.0,ABELARDO DE LA ESPRIELLA,4,5232,0.4631728045325779,IVAN CEPEDA,1.0,5064.0,0.448300283286119,168.0,0.0148725212464589,BISAGRA
21,13,MAGDALENA,CERRO DE SAN ANTONIO,9175.0,3299,3270,20,17,12,5876.0,5925.0,ABELARDO DE LA ESPRIELLA,4,1769,0.5409785932721712,IVAN CEPEDA,1.0,1312.0,0.401223241590214,457.0,0.1397553516819571,VENTAJA_DEFENDIBLE
21,15,MAGDALENA,CHIVOLO,15872.0,6929,6882,74,34,13,8943.0,9064.0,ABELARDO DE LA ESPRIELLA,4,3685,0.535454809648358,IVAN CEPEDA,1.0,2873.0,0.4174658529497239,812.0,0.117988956698634,VENTAJA_DEFENDIBLE
21,16,MAGDALENA,CIENAGA,94405.0,43832,43313,789,449,70,50573.0,51881.0,IVAN CEPEDA,1,25967,0.5995197746634959,ABELARDO DE LA ESPRIELLA,4.0,14136.0,0.3263685267702537,11831.0,0.2731512478932422,CONSOLIDADO
21,20,MAGDALENA,CONCORDIA,12450.0,4418,4389,26,10,19,8032.0,8087.0,IVAN CEPEDA,1,2414,0.5500113921166553,ABELARDO DE LA ESPRIELLA,4.0,1702.0,0.3877876509455457,712.0,0.1622237411711096,VENTAJA_DEFENDIBLE
21,25,MAGDALENA,EL BANCO,51967.0,22571,22356,229,150,65,29396.0,29840.0,ABELARDO DE LA ESPRIELLA,4,11876,0.531222043299338,IVAN CEPEDA,1.0,9117.0,0.4078099838969404,2759.0,0.1234120594023975,VENTAJA_DEFENDIBLE
21,28,MAGDALENA,EL PIÑON,14144.0,5849,5807,63,26,16,8295.0,8400.0,IVAN CEPEDA,1,2868,0.4938866884794214,ABELARDO DE LA ESPRIELLA,4.0,2480.0,0.427070776648872,388.0,0.0668159118305493,RESERVA_DEFINIBLE
21,30,MAGDALENA,EL RETEN,16758.0,6939,6874,95,39,26,9819.0,9979.0,IVAN CEPEDA,1,5223,0.7598196101251091,ABELARDO DE LA ESPRIELLA,4.0,1257.0,0.1828629618853651,3966.0,0.576956648239744,CONSOLIDADO
21,31,MAGDALENA,FUNDACION,59829.0,24745,24474,356,219,52,35084.0,35711.0,IVAN CEPEDA,1,11518,0.4706218844488028,ABELARDO DE LA ESPRIELLA,4.0,11406.0,0.4660455994116205,112.0,0.0045762850371823,BISAGRA
21,40,MAGDALENA,GUAMAL,24667.0,10388,10333,85,31,24,14279.0,14419.0,ABELARDO DE LA ESPRIELLA,4,5965,0.5772766863447208,IVAN CEPEDA,1.0,3756.0,0.3634955966321494,2209.0,0.2137810897125714,CONSOLIDADO
21,42,MAGDALENA,NUEVA GRANADA,17271.0,7678,7614,100,37,27,9593.0,9757.0,ABELARDO DE LA ESPRIELLA,4,4128,0.5421591804570528,IVAN CEPEDA,1.0,3055.0,0.4012345679012346,1073.0,0.1409246125558182,VENTAJA_DEFENDIBLE
21,46,MAGDALENA,PEDRAZA,11054.0,3846,3794,26,34,18,7208.0,7286.0,ABELARDO DE LA ESPRIELLA,4,2096,0.5524512387981023,IVAN CEPEDA,1.0,1430.0,0.3769109119662625,666.0,0.1755403268318398,VENTAJA_DEFENDIBLE
21,48,MAGDALENA,PIJIÑO DEL CARMEN,10033.0,4729,4690,55,21,18,5304.0,5398.0,ABELARDO DE LA ESPRIELLA,4,2588,0.5518123667377399,IVAN CEPEDA,1.0,1834.0,0.3910447761194029,754.0,0.1607675906183369,VENTAJA_DEFENDIBLE
21,49,MAGDALENA,PIVIJAY,31109.0,13228,13080,162,93,55,17881.0,18191.0,IVAN CEPEDA,1,7442,0.5689602446483181,ABELARDO DE LA ESPRIELLA,4.0,4439.0,0.3393730886850153,3003.0,0.2295871559633027,CONSOLIDADO
21,52,MAGDALENA,PLATO,44068.0,19713,19537,203,116,60,24355.0,24734.0,IVAN CEPEDA,1,10745,0.5499820852740953,ABELARDO DE LA ESPRIELLA,4.0,7773.0,0.397860469877668,2972.0,0.1521216153964273,VENTAJA_DEFENDIBLE
21,55,MAGDALENA,PUEBLOVIEJO,22817.0,8209,8104,113,69,36,14608.0,14826.0,IVAN CEPEDA,1,4940,0.6095755182625864,ABELARDO DE LA ESPRIELLA,4.0,2532.0,0.3124383020730503,2408.0,0.297137216189536,CONSOLIDADO
21,58,MAGDALENA,REMOLINO,7771.0,3610,3590,33,18,2,4161.0,4214.0,IVAN CEPEDA,1,2364,0.6584958217270195,ABELARDO DE LA ESPRIELLA,4.0,1026.0,0.2857938718662953,1338.0,0.3727019498607242,CONSOLIDADO
21,60,MAGDALENA,SABANAS DE SAN ANGEL,12701.0,5502,5459,53,25,18,7199.0,7295.0,ABELARDO DE LA ESPRIELLA,4,2687,0.4922146913354094,IVAN CEPEDA,1.0,2162.0,0.3960432313610551,525.0,0.0961714599743542,RESERVA_DEFINIBLE
21,67,MAGDALENA,SALAMINA,8480.0,3895,3877,50,8,10,4585.0,4653.0,IVAN CEPEDA,1,2013,0.5192158885736394,ABELARDO DE LA ESPRIELLA,4.0,1681.0,0.4335826670105752,332.0,0.0856332215630642,RESERVA_DEFINIBLE
21,70,MAGDALENA,SAN SEBASTIAN DE BUENAVISTA,18164.0,8129,8089,72,21,19,10035.0,10147.0,ABELARDO DE LA ESPRIELLA,4,4425,0.5470391890221288,IVAN CEPEDA,1.0,3223.0,0.3984423290888861,1202.0,0.1485968599332426,VENTAJA_DEFENDIBLE
21,73,MAGDALENA,SAN ZENON,9531.0,4496,4476,37,13,7,5035.0,5092.0,ABELARDO DE LA ESPRIELLA,4,1888,0.421805183199285,IVAN CEPEDA,1.0,1870.0,0.4177837354781054,18.0,0.0040214477211796,BISAGRA
21,76,MAGDALENA,SANTA ANA,17898.0,8699,8654,69,30,15,9199.0,9313.0,ABELARDO DE LA ESPRIELLA,4,5794,0.6695169863646868,IVAN CEPEDA,1.0,2457.0,0.2839149526230645,3337.0,0.3856020337416223,CONSOLIDADO
21,78,MAGDALENA,SANTA BARBARA DE PINTO,9306.0,4053,4026,42,17,10,5253.0,5322.0,IVAN CEPEDA,1,2323,0.5769995032290114,ABELARDO DE LA ESPRIELLA,4.0,1484.0,0.3686040735221063,839.0,0.208395429706905,CONSOLIDADO
21,79,MAGDALENA,SITIONUEVO,21932.0,7533,7452,86,32,49,14399.0,14566.0,IVAN CEPEDA,1,4427,0.5940687063875469,ABELARDO DE LA ESPRIELLA,4.0,2413.0,0.3238056897477187,2014.0,0.2702630166398282,CONSOLIDADO
21,85,MAGDALENA,TENERIFE,12231.0,5027,4977,64,28,22,7204.0,7318.0,IVAN CEPEDA,1,2740,0.5505324492666265,ABELARDO DE LA ESPRIELLA,4.0,1911.0,0.3839662447257383,829.0,0.1665662045408881,VENTAJA_DEFENDIBLE
21,90,MAGDALENA,ZAPAYAN,9272.0,3940,3904,32,20,16,5332.0,5400.0,ABELARDO DE LA ESPRIELLA,4,2435,0.623719262295082,IVAN CEPEDA,1.0,1200.0,0.3073770491803279,1235.0,0.3163422131147541,CONSOLIDADO
21,95,MAGDALENA,ZONA BANANERA (SEVILLA),51263.0,20618,20309,311,236,73,30645.0,31265.0,IVAN CEPEDA,1,14635,0.7206164754542321,ABELARDO DE LA ESPRIELLA,4.0,4436.0,0.2184253286720173,10199.0,0.5021911467822148,CONSOLIDADO
23,1,NARIÑO,PASTO,315437.0,215942,213368,3508,2287,287,99495.0,105577.0,IVAN CEPEDA,1,140876,0.6602489595440741,ABELARDO DE LA ESPRIELLA,4.0,49473.0,0.2318670091110194,91403.0,0.4283819504330547,CONSOLIDADO
23,4,NARIÑO,ALBAN (SAN JOSE),7492.0,4515,4437,90,66,12,2977.0,3145.0,ABELARDO DE LA ESPRIELLA,4,1787,0.4027496055893622,IVAN CEPEDA,1.0,1674.0,0.3772819472616633,113.0,0.0254676583276988,BISAGRA
23,7,NARIÑO,ALDANA,6319.0,4206,4136,53,46,24,2113.0,2236.0,IVAN CEPEDA,1,2718,0.65715667311412,ABELARDO DE LA ESPRIELLA,4.0,1135.0,0.2744197292069632,1583.0,0.3827369439071567,CONSOLIDADO
23,10,NARIÑO,ANCUYA,7091.0,3881,3846,48,19,16,3210.0,3293.0,IVAN CEPEDA,1,3033,0.7886115444617785,ABELARDO DE LA ESPRIELLA,4.0,526.0,0.1367654706188247,2507.0,0.6518460738429538,CONSOLIDADO
23,13,NARIÑO,ARBOLEDA (BERRUECOS),6071.0,3363,3310,83,41,12,2708.0,2844.0,IVAN CEPEDA,1,1711,0.5169184290030211,ABELARDO DE LA ESPRIELLA,4.0,1167.0,0.3525679758308157,544.0,0.1643504531722053,VENTAJA_DEFENDIBLE
23,16,NARIÑO,BARBACOAS,24240.0,8127,7919,172,164,44,16113.0,16493.0,IVAN CEPEDA,1,6204,0.7834322515469125,ABELARDO DE LA ESPRIELLA,4.0,873.0,0.1102411920697057,5331.0,0.6731910594772068,CONSOLIDADO
23,17,NARIÑO,BELEN,5343.0,3127,3085,127,31,11,2216.0,2385.0,IVAN CEPEDA,1,1828,0.5925445705024311,ABELARDO DE LA ESPRIELLA,4.0,786.0,0.2547811993517018,1042.0,0.3377633711507293,CONSOLIDADO
23,19,NARIÑO,BUESACO,18981.0,10801,10602,227,141,58,8180.0,8606.0,IVAN CEPEDA,1,5091,0.4801924165251839,ABELARDO DE LA ESPRIELLA,4.0,3965.0,0.3739860403697415,1126.0,0.1062063761554423,VENTAJA_DEFENDIBLE
23,22,NARIÑO,COLON (GENOVA),7150.0,3754,3646,143,80,28,3396.0,3647.0,IVAN CEPEDA,1,2515,0.6897970378496983,ABELARDO DE LA ESPRIELLA,4.0,704.0,0.1930883159626988,1811.0,0.4967087218869994,CONSOLIDADO
23,25,NARIÑO,CONSACA,9051.0,5629,5519,116,90,20,3422.0,3648.0,IVAN CEPEDA,1,3385,0.613335749229933,ABELARDO DE LA ESPRIELLA,4.0,1500.0,0.2717883674578728,1885.0,0.3415473817720601,CONSOLIDADO
23,28,NARIÑO,CONTADERO,6451.0,3804,3770,44,27,7,2647.0,2725.0,IVAN CEPEDA,1,2331,0.6183023872679045,ABELARDO DE LA ESPRIELLA,4.0,1140.0,0.3023872679045092,1191.0,0.3159151193633953,CONSOLIDADO
23,31,NARIÑO,CORDOBA,11429.0,6586,6523,123,40,23,4843.0,5029.0,IVAN CEPEDA,1,5158,0.7907404568450099,ABELARDO DE LA ESPRIELLA,4.0,887.0,0.1359803771270887,4271.0,0.6547600797179212,CONSOLIDADO
23,34,NARIÑO,CUASPUD (CARLOSAMA),8200.0,4646,4548,87,59,39,3554.0,3739.0,IVAN CEPEDA,1,3250,0.7145998240985049,ABELARDO DE LA ESPRIELLA,4.0,951.0,0.2091029023746702,2299.0,0.5054969217238346,CONSOLIDADO
23,37,NARIÑO,CUMBAL,26589.0,16288,16111,255,99,78,10301.0,10733.0,IVAN CEPEDA,1,12532,0.7778536403699335,ABELARDO DE LA ESPRIELLA,4.0,2485.0,0.1542424430513314,10047.0,0.6236111973186022,CONSOLIDADO
23,38,NARIÑO,CHACHAGUI,11645.0,8027,7929,118,74,24,3618.0,3834.0,IVAN CEPEDA,1,5575,0.7031151469289948,ABELARDO DE LA ESPRIELLA,4.0,1807.0,0.2278975911212006,3768.0,0.4752175558077941,CONSOLIDADO
23,39,NARIÑO,CUMBITARA,7738.0,5163,4986,246,131,46,2575.0,2998.0,IVAN CEPEDA,1,4107,0.8237063778580024,ABELARDO DE LA ESPRIELLA,4.0,378.0,0.075812274368231,3729.0,0.7478941034897714,CONSOLIDADO
23,40,NARIÑO,EL ROSARIO,7149.0,4490,4383,142,73,34,2659.0,2908.0,IVAN CEPEDA,1,3564,0.813141683778234,ABELARDO DE LA ESPRIELLA,4.0,475.0,0.108373260323979,3089.0,0.704768423454255,CONSOLIDADO
23,41,NARIÑO,EL CHARCO,17849.0,7545,7383,117,93,69,10304.0,10583.0,IVAN CEPEDA,1,6318,0.855749695245835,ABELARDO DE LA ESPRIELLA,4.0,621.0,0.0841121495327102,5697.0,0.7716375457131247,CONSOLIDADO
23,43,NARIÑO,EL TABLON,12308.0,6642,6579,158,41,22,5666.0,5887.0,IVAN CEPEDA,1,3836,0.5830673354613163,ABELARDO DE LA ESPRIELLA,4.0,2024.0,0.3076455388356893,1812.0,0.275421796625627,CONSOLIDADO
23,44,NARIÑO,EL PEÑOL,6011.0,4035,3946,95,80,9,1976.0,2160.0,IVAN CEPEDA,1,2600,0.6588950836289914,ABELARDO DE LA ESPRIELLA,4.0,1055.0,0.2673593512417638,1545.0,0.3915357323872276,CONSOLIDADO
23,46,NARIÑO,EL TAMBO,11957.0,7791,7621,159,133,37,4166.0,4495.0,IVAN CEPEDA,1,4105,0.5386432226741897,ABELARDO DE LA ESPRIELLA,4.0,2594.0,0.3403752788347985,1511.0,0.1982679438393911,VENTAJA_DEFENDIBLE
23,47,NARIÑO,FRANCISCO PIZARRO (SALAHONDA),7051.0,3104,3066,28,23,15,3947.0,4013.0,IVAN CEPEDA,1,2781,0.9070450097847358,ABELARDO DE LA ESPRIELLA,4.0,154.0,0.0502283105022831,2627.0,0.8568166992824526,CONSOLIDADO
23,49,NARIÑO,FUNES,5987.0,3600,3567,38,24,9,2387.0,2458.0,IVAN CEPEDA,1,2138,0.5993832352116625,PALOMA VALENCIA,11.0,720.0,0.2018502943650126,1418.0,0.3975329408466498,CONSOLIDADO
23,52,NARIÑO,GUACHUCAL,14894.0,9905,9787,156,83,35,4989.0,5263.0,IVAN CEPEDA,1,7263,0.7421068764687851,ABELARDO DE LA ESPRIELLA,4.0,1879.0,0.1919893736589353,5384.0,0.5501175028098498,CONSOLIDADO
23,55,NARIÑO,GUAITARILLA,11112.0,6316,6238,73,68,10,4796.0,4947.0,IVAN CEPEDA,1,4863,0.7795767874318692,ABELARDO DE LA ESPRIELLA,4.0,906.0,0.1452388586085283,3957.0,0.6343379288233408,CONSOLIDADO
23,58,NARIÑO,GUALMATAN,5455.0,3547,3499,96,40,8,1908.0,2052.0,IVAN CEPEDA,1,2183,0.6238925407259217,ABELARDO DE LA ESPRIELLA,4.0,1014.0,0.2897970848813946,1169.0,0.334095455844527,CONSOLIDADO
23,61,NARIÑO,ILES,7583.0,3994,3933,60,39,22,3589.0,3710.0,IVAN CEPEDA,1,2732,0.6946351385710653,ABELARDO DE LA ESPRIELLA,4.0,912.0,0.2318840579710145,1820.0,0.4627510806000507,CONSOLIDADO
23,64,NARIÑO,IMUES,6831.0,4045,4014,64,23,8,2786.0,2881.0,IVAN CEPEDA,1,2642,0.658196312904833,ABELARDO DE LA ESPRIELLA,4.0,993.0,0.2473841554559043,1649.0,0.4108121574489287,CONSOLIDADO
23,67,NARIÑO,IPIALES,105954.0,57283,56243,1015,834,206,48671.0,50726.0,IVAN CEPEDA,1,35198,0.6258201020571449,ABELARDO DE LA ESPRIELLA,4.0,14914.0,0.2651707768077805,20284.0,0.3606493252493644,CONSOLIDADO
23,73,NARIÑO,LA CRUZ,14057.0,8673,8535,189,109,29,5384.0,5711.0,IVAN CEPEDA,1,5416,0.634563561804335,ABELARDO DE LA ESPRIELLA,4.0,2226.0,0.2608084358523725,3190.0,0.3737551259519625,CONSOLIDADO
23,76,NARIÑO,LA FLORIDA,9601.0,6027,5967,73,44,16,3574.0,3707.0,IVAN CEPEDA,1,4156,0.6964974023797553,ABELARDO DE LA ESPRIELLA,4.0,1386.0,0.2322775263951734,2770.0,0.4642198759845818,CONSOLIDADO
23,77,NARIÑO,LA LLANADA,4104.0,2567,2504,87,49,14,1537.0,1687.0,IVAN CEPEDA,1,1259,0.5027955271565495,ABELARDO DE LA ESPRIELLA,4.0,984.0,0.3929712460063898,275.0,0.1098242811501597,VENTAJA_DEFENDIBLE
23,78,NARIÑO,LA TOLA,5890.0,2451,2435,18,12,4,3439.0,3473.0,IVAN CEPEDA,1,2132,0.875564681724846,ABELARDO DE LA ESPRIELLA,4.0,211.0,0.086652977412731,1921.0,0.788911704312115,CONSOLIDADO
23,79,NARIÑO,LA UNION,24138.0,13900,13522,402,328,50,10238.0,11018.0,IVAN CEPEDA,1,6754,0.4994823250998373,ABELARDO DE LA ESPRIELLA,4.0,4651.0,0.3439579943795297,2103.0,0.1555243307203076,VENTAJA_DEFENDIBLE
23,80,NARIÑO,LEIVA,8933.0,6135,5910,232,184,41,2798.0,3255.0,IVAN CEPEDA,1,4283,0.7247038917089679,ABELARDO DE LA ESPRIELLA,4.0,966.0,0.1634517766497462,3317.0,0.5612521150592217,CONSOLIDADO
23,82,NARIÑO,LINARES,8420.0,4910,4827,93,55,28,3510.0,3686.0,IVAN CEPEDA,1,3594,0.7445618396519578,ABELARDO DE LA ESPRIELLA,4.0,914.0,0.1893515641185001,2680.0,0.5552102755334577,CONSOLIDADO
23,85,NARIÑO,LOS ANDES (SOTOMAYOR),8065.0,5521,5281,203,205,35,2544.0,2987.0,IVAN CEPEDA,1,3502,0.663131982579057,ABELARDO DE LA ESPRIELLA,4.0,1072.0,0.2029918576027267,2430.0,0.4601401249763303,CONSOLIDADO
23,88,NARIÑO,MAGUI (PAYAN),7444.0,3344,3321,22,18,5,4100.0,4145.0,IVAN CEPEDA,1,3127,0.9415838602830472,ABELARDO DE LA ESPRIELLA,4.0,92.0,0.0277024992472146,3035.0,0.9138813610358326,CONSOLIDADO
23,91,NARIÑO,MALLAMA (PIEDRANCHA),6530.0,3541,3475,81,46,20,2989.0,3136.0,IVAN CEPEDA,1,2775,0.7985611510791367,ABELARDO DE LA ESPRIELLA,4.0,486.0,0.1398561151079136,2289.0,0.658705035971223,CONSOLIDADO
23,94,NARIÑO,MOSQUERA,7234.0,2995,2981,11,12,2,4239.0,4264.0,IVAN CEPEDA,1,2831,0.949681314994968,ABELARDO DE LA ESPRIELLA,4.0,80.0,0.0268366320026836,2751.0,0.9228446829922844,CONSOLIDADO
23,95,NARIÑO,OLAYA HERRERA,16429.0,6881,6785,75,77,19,9548.0,9719.0,IVAN CEPEDA,1,6006,0.8851879145173176,ABELARDO DE LA ESPRIELLA,4.0,451.0,0.0664701547531319,5555.0,0.8187177597641857,CONSOLIDADO
23,96,NARIÑO,NARIÑO,5225.0,3442,3381,52,50,11,1783.0,1896.0,IVAN CEPEDA,1,2080,0.6152026027802425,ABELARDO DE LA ESPRIELLA,4.0,1034.0,0.3058266784974859,1046.0,0.3093759242827565,CONSOLIDADO
23,97,NARIÑO,OSPINA,6043.0,3250,3206,97,28,16,2793.0,2934.0,IVAN CEPEDA,1,1862,0.5807860262008734,ABELARDO DE LA ESPRIELLA,4.0,945.0,0.2947598253275109,917.0,0.2860262008733624,CONSOLIDADO
23,98,NARIÑO,POLICARPA,12814.0,8934,8527,404,316,91,3880.0,4691.0,IVAN CEPEDA,1,6712,0.7871467104491615,ABELARDO DE LA ESPRIELLA,4.0,929.0,0.108948047378914,5783.0,0.6781986630702475,CONSOLIDADO
23,100,NARIÑO,POTOSI,10132.0,5225,5180,68,28,17,4907.0,5020.0,IVAN CEPEDA,1,3080,0.5945945945945946,ABELARDO DE LA ESPRIELLA,4.0,1630.0,0.3146718146718146,1450.0,0.27992277992278,CONSOLIDADO
23,101,NARIÑO,PROVIDENCIA,5140.0,2997,2967,36,21,9,2143.0,2209.0,IVAN CEPEDA,1,2578,0.8688911358274352,ABELARDO DE LA ESPRIELLA,4.0,243.0,0.0819009100101112,2335.0,0.7869902258173239,CONSOLIDADO
23,103,NARIÑO,PUERRES,7775.0,4873,4824,57,41,8,2902.0,3008.0,IVAN CEPEDA,1,3227,0.6689469320066335,ABELARDO DE LA ESPRIELLA,4.0,1293.0,0.2680348258706467,1934.0,0.4009121061359867,CONSOLIDADO
23,106,NARIÑO,PUPIALES,15639.0,9718,9493,180,198,27,5921.0,6326.0,IVAN CEPEDA,1,5072,0.5342884230485621,ABELARDO DE LA ESPRIELLA,4.0,3181.0,0.3350890129569156,1891.0,0.1991994100916464,VENTAJA_DEFENDIBLE
23,109,NARIÑO,RICAURTE,18749.0,6949,6821,74,79,49,11800.0,12002.0,IVAN CEPEDA,1,5048,0.740067438791966,ABELARDO DE LA ESPRIELLA,4.0,1241.0,0.1819381322386747,3807.0,0.5581293065532913,CONSOLIDADO
23,112,NARIÑO,ROBERTO PAYAN (SAN JOSE),10139.0,4592,4562,29,26,4,5547.0,5606.0,IVAN CEPEDA,1,4325,0.9480491012713722,ABELARDO DE LA ESPRIELLA,4.0,113.0,0.0247698377904427,4212.0,0.9232792634809294,CONSOLIDADO
23,115,NARIÑO,SAMANIEGO,22785.0,13253,13058,220,155,40,9532.0,9947.0,IVAN CEPEDA,1,10468,0.8016541583703477,ABELARDO DE LA ESPRIELLA,4.0,1870.0,0.1432072292847296,8598.0,0.6584469290856181,CONSOLIDADO
23,118,NARIÑO,SANDONA,17371.0,10528,10364,179,133,31,6843.0,7186.0,IVAN CEPEDA,1,6899,0.665669625627171,ABELARDO DE LA ESPRIELLA,4.0,2596.0,0.2504824392126592,4303.0,0.4151871864145118,CONSOLIDADO
23,120,NARIÑO,SAN BERNARDO,6879.0,4209,4150,132,44,15,2670.0,2861.0,IVAN CEPEDA,1,2020,0.4867469879518072,ABELARDO DE LA ESPRIELLA,4.0,1578.0,0.3802409638554216,442.0,0.1065060240963855,VENTAJA_DEFENDIBLE
23,121,NARIÑO,SAN LORENZO,13557.0,8275,7999,228,221,55,5282.0,5786.0,IVAN CEPEDA,1,4428,0.5535691961495187,ABELARDO DE LA ESPRIELLA,4.0,2213.0,0.276659582447806,2215.0,0.2769096137017127,CONSOLIDADO
23,123,NARIÑO,SAN PEDRO DE CARTAGO,5937.0,3222,3159,101,47,16,2715.0,2879.0,ABELARDO DE LA ESPRIELLA,4,1382,0.437480215257993,IVAN CEPEDA,1.0,1193.0,0.3776511554289332,189.0,0.0598290598290598,RESERVA_DEFINIBLE
23,124,NARIÑO,SAN PABLO,11899.0,7177,7037,132,103,37,4722.0,4994.0,IVAN CEPEDA,1,5664,0.8048884467812989,ABELARDO DE LA ESPRIELLA,4.0,955.0,0.1357112405854767,4709.0,0.6691772061958221,CONSOLIDADO
23,125,NARIÑO,SANTA BARBARA (ISCUANDE),8060.0,2983,2952,39,28,3,5077.0,5147.0,IVAN CEPEDA,1,2558,0.8665311653116531,ABELARDO DE LA ESPRIELLA,4.0,204.0,0.0691056910569105,2354.0,0.7974254742547425,CONSOLIDADO
23,127,NARIÑO,SANTACRUZ (GUACHAVES),8101.0,3959,3907,75,22,30,4142.0,4269.0,IVAN CEPEDA,1,3204,0.8200665472229332,ABELARDO DE LA ESPRIELLA,4.0,446.0,0.1141540824161761,2758.0,0.7059124648067571,CONSOLIDADO
23,130,NARIÑO,SAPUYES,5942.0,3608,3567,43,29,12,2334.0,2418.0,IVAN CEPEDA,1,2382,0.6677880571909167,ABELARDO DE LA ESPRIELLA,4.0,876.0,0.2455845248107653,1506.0,0.4222035323801514,CONSOLIDADO
23,133,NARIÑO,TAMINANGO,13880.0,8905,8814,157,65,26,4975.0,5223.0,IVAN CEPEDA,1,7045,0.7992965736328568,ABELARDO DE LA ESPRIELLA,4.0,1302.0,0.147719537100068,5743.0,0.6515770365327886,CONSOLIDADO
23,136,NARIÑO,TANGUA,10318.0,5933,5862,77,60,11,4385.0,4533.0,IVAN CEPEDA,1,4032,0.6878198567041965,ABELARDO DE LA ESPRIELLA,4.0,1371.0,0.2338792221084954,2661.0,0.4539406345957011,CONSOLIDADO
23,139,NARIÑO,TUMACO,117708.0,55220,54250,922,756,214,62488.0,64380.0,IVAN CEPEDA,1,41334,0.7619170506912443,ABELARDO DE LA ESPRIELLA,4.0,7156.0,0.1319078341013825,34178.0,0.6300092165898618,CONSOLIDADO
23,142,NARIÑO,TUQUERRES,36133.0,20713,20286,362,345,82,15420.0,16209.0,IVAN CEPEDA,1,15394,0.7588484669230011,ABELARDO DE LA ESPRIELLA,4.0,3078.0,0.1517302573203194,12316.0,0.6071182096026817,CONSOLIDADO
23,145,NARIÑO,YACUANQUER,9162.0,6022,5891,96,103,28,3140.0,3367.0,IVAN CEPEDA,1,4194,0.711933457817009,ABELARDO DE LA ESPRIELLA,4.0,1236.0,0.2098115769818367,2958.0,0.5021218808351723,CONSOLIDADO
24,1,RISARALDA,PEREIRA,463062.0,278066,273599,5308,3847,620,184996.0,194771.0,ABELARDO DE LA ESPRIELLA,4,124834,0.4562662875229807,IVAN CEPEDA,1.0,96694.0,0.3534150344116755,28140.0,0.1028512531113052,VENTAJA_DEFENDIBLE
24,8,RISARALDA,APIA,10746.0,5648,5513,115,106,29,5098.0,5348.0,ABELARDO DE LA ESPRIELLA,4,2667,0.4837656448394703,IVAN CEPEDA,1.0,1292.0,0.2343551605296571,1375.0,0.2494104843098131,VENTAJA_DEFENDIBLE
24,13,RISARALDA,BALBOA,5890.0,3040,2968,68,57,15,2850.0,2990.0,ABELARDO DE LA ESPRIELLA,4,1410,0.4750673854447439,IVAN CEPEDA,1.0,978.0,0.3295148247978436,432.0,0.1455525606469002,VENTAJA_DEFENDIBLE
24,21,RISARALDA,BELEN DE UMBRIA,22624.0,11471,11159,279,250,62,11153.0,11744.0,ABELARDO DE LA ESPRIELLA,4,5737,0.514114167936195,IVAN CEPEDA,1.0,2824.0,0.2530692714400932,2913.0,0.2610448964961018,CONSOLIDADO
24,25,RISARALDA,DOSQUEBRADAS,181405.0,109892,107908,2221,1765,219,71513.0,75718.0,ABELARDO DE LA ESPRIELLA,4,46881,0.4344534232865033,IVAN CEPEDA,1.0,40698.0,0.3771546131890129,6183.0,0.0572988100974904,RESERVA_DEFINIBLE
24,29,RISARALDA,GUATICA,10843.0,5912,5760,136,113,39,4931.0,5219.0,ABELARDO DE LA ESPRIELLA,4,2805,0.4869791666666667,IVAN CEPEDA,1.0,1532.0,0.2659722222222222,1273.0,0.2210069444444444,VENTAJA_DEFENDIBLE
24,38,RISARALDA,LA CELIA,6754.0,3567,3486,55,57,24,3187.0,3323.0,ABELARDO DE LA ESPRIELLA,4,1806,0.5180722891566265,IVAN CEPEDA,1.0,896.0,0.2570281124497992,910.0,0.2610441767068273,CONSOLIDADO
24,46,RISARALDA,LA VIRGINIA,34065.0,17328,16860,501,404,64,16737.0,17706.0,IVAN CEPEDA,1,7601,0.4508303677342823,ABELARDO DE LA ESPRIELLA,4.0,6093.0,0.3613879003558718,1508.0,0.0894424673784104,RESERVA_DEFINIBLE
24,54,RISARALDA,MARSELLA,15672.0,8213,8004,171,165,44,7459.0,7839.0,ABELARDO DE LA ESPRIELLA,4,3818,0.4770114942528735,IVAN CEPEDA,1.0,2757.0,0.3444527736131934,1061.0,0.1325587206396801,VENTAJA_DEFENDIBLE
24,62,RISARALDA,MISTRATO,12754.0,6337,6159,114,136,42,6417.0,6709.0,IVAN CEPEDA,1,3196,0.5189154083455106,ABELARDO DE LA ESPRIELLA,4.0,1887.0,0.3063809059912323,1309.0,0.2125345023542783,CONSOLIDADO
24,70,RISARALDA,PUEBLO RICO,12208.0,5599,5504,65,49,46,6609.0,6769.0,IVAN CEPEDA,1,3513,0.6382630813953488,ABELARDO DE LA ESPRIELLA,4.0,1410.0,0.2561773255813953,2103.0,0.3820857558139535,CONSOLIDADO
24,78,RISARALDA,QUINCHIA,21596.0,11817,11360,335,323,134,9779.0,10571.0,IVAN CEPEDA,1,5952,0.523943661971831,ABELARDO DE LA ESPRIELLA,4.0,3278.0,0.288556338028169,2674.0,0.2353873239436619,CONSOLIDADO
24,86,RISARALDA,SANTA ROSA DE CABAL,69401.0,43151,42184,966,826,141,26250.0,28183.0,ABELARDO DE LA ESPRIELLA,4,20631,0.4890716859472785,IVAN CEPEDA,1.0,13099.0,0.310520576521904,7532.0,0.1785511094253745,VENTAJA_DEFENDIBLE
24,94,RISARALDA,SANTUARIO,11809.0,5638,5477,123,118,43,6171.0,6455.0,ABELARDO DE LA ESPRIELLA,4,3020,0.5513967500456455,IVAN CEPEDA,1.0,1236.0,0.2256709877670257,1784.0,0.3257257622786197,CONSOLIDADO
25,1,NORTE DE SAN,CUCUTA,650786.0,373636,370744,3915,2523,369,277150.0,283957.0,ABELARDO DE LA ESPRIELLA,4,267412,0.7212847679261162,IVAN CEPEDA,1.0,56294.0,0.1518406231793367,211118.0,0.5694441447467795,CONSOLIDADO
25,4,NORTE DE SAN,ABREGO,25508.0,13529,13414,151,85,30,11979.0,12245.0,ABELARDO DE LA ESPRIELLA,4,10215,0.7615178172059043,IVAN CEPEDA,1.0,1963.0,0.1463396451468614,8252.0,0.6151781720590428,CONSOLIDADO
25,7,NORTE DE SAN,ARBOLEDAS,7816.0,4880,4841,40,27,12,2936.0,3015.0,ABELARDO DE LA ESPRIELLA,4,3650,0.7539764511464574,PALOMA VALENCIA,11.0,603.0,0.1245610411072092,3047.0,0.6294154100392482,CONSOLIDADO
25,10,NORTE DE SAN,BOCHALEMA,8657.0,5096,5067,49,20,9,3561.0,3639.0,ABELARDO DE LA ESPRIELLA,4,3973,0.7840931517663312,IVAN CEPEDA,1.0,569.0,0.1122952437339648,3404.0,0.6717979080323664,CONSOLIDADO
25,13,NORTE DE SAN,BUCARASICA,4553.0,2740,2713,27,15,12,1813.0,1867.0,ABELARDO DE LA ESPRIELLA,4,2346,0.8647253962403244,IVAN CEPEDA,1.0,124.0,0.045705860670844,2222.0,0.8190195355694804,CONSOLIDADO
25,16,NORTE DE SAN,CACOTA,2687.0,1594,1577,21,13,4,1093.0,1131.0,ABELARDO DE LA ESPRIELLA,4,1226,0.777425491439442,IVAN CEPEDA,1.0,178.0,0.1128725428027901,1048.0,0.6645529486366518,CONSOLIDADO
25,19,NORTE DE SAN,CACHIRA,7567.0,4677,4653,22,22,2,2890.0,2936.0,ABELARDO DE LA ESPRIELLA,4,3885,0.8349451966473244,IVAN CEPEDA,1.0,342.0,0.0735009671179884,3543.0,0.761444229529336,CONSOLIDADO
25,22,NORTE DE SAN,CONVENCION,16641.0,6391,6290,145,82,19,10250.0,10496.0,ABELARDO DE LA ESPRIELLA,4,3082,0.4899841017488076,IVAN CEPEDA,1.0,2594.0,0.4124006359300477,488.0,0.0775834658187599,RESERVA_DEFINIBLE
25,25,NORTE DE SAN,CUCUTILLA,7113.0,4376,4329,43,28,19,2737.0,2827.0,ABELARDO DE LA ESPRIELLA,4,3403,0.7860937860937861,PALOMA VALENCIA,11.0,379.0,0.0875490875490875,3024.0,0.6985446985446986,CONSOLIDADO
25,28,NORTE DE SAN,CHINACOTA,16039.0,10058,9971,124,74,13,5981.0,6192.0,ABELARDO DE LA ESPRIELLA,4,7401,0.7422525323437971,IVAN CEPEDA,1.0,1455.0,0.1459231772139203,5946.0,0.5963293551298767,CONSOLIDADO
25,31,NORTE DE SAN,CHITAGA,9251.0,5478,5414,61,45,19,3773.0,3898.0,ABELARDO DE LA ESPRIELLA,4,4114,0.7598817879571481,IVAN CEPEDA,1.0,480.0,0.0886590321388991,3634.0,0.671222755818249,CONSOLIDADO
25,34,NORTE DE SAN,DURANIA,6991.0,3050,3030,31,17,3,3941.0,3992.0,ABELARDO DE LA ESPRIELLA,4,2251,0.7429042904290429,IVAN CEPEDA,1.0,311.0,0.1026402640264026,1940.0,0.6402640264026402,CONSOLIDADO
25,36,NORTE DE SAN,EL TARRA,16333.0,6512,6398,157,86,28,9821.0,10092.0,IVAN CEPEDA,1,4640,0.7252266333229134,ABELARDO DE LA ESPRIELLA,4.0,1275.0,0.1992810253204126,3365.0,0.5259456080025007,CONSOLIDADO
25,37,NORTE DE SAN,EL CARMEN,11409.0,5230,5179,42,33,18,6179.0,6272.0,ABELARDO DE LA ESPRIELLA,4,3372,0.6510909441977216,IVAN CEPEDA,1.0,1468.0,0.2834524039389843,1904.0,0.3676385402587372,CONSOLIDADO
25,38,NORTE DE SAN,EL ZULIA,25533.0,14983,14826,156,128,29,10550.0,10863.0,ABELARDO DE LA ESPRIELLA,4,11657,0.786253878321867,IVAN CEPEDA,1.0,1716.0,0.1157426143261837,9941.0,0.6705112639956833,CONSOLIDADO
25,40,NORTE DE SAN,GRAMALOTE,5772.0,3685,3666,20,10,9,2087.0,2126.0,ABELARDO DE LA ESPRIELLA,4,2923,0.7973267866884888,PALOMA VALENCIA,11.0,294.0,0.0801963993453355,2629.0,0.7171303873431533,CONSOLIDADO
25,43,NORTE DE SAN,HACARI,8288.0,3259,3212,47,37,10,5029.0,5123.0,IVAN CEPEDA,1,2076,0.6463262764632628,ABELARDO DE LA ESPRIELLA,4.0,955.0,0.2973225404732254,1121.0,0.3490037359900373,CONSOLIDADO
25,46,NORTE DE SAN,HERRAN,5109.0,1825,1815,14,4,6,3284.0,3308.0,ABELARDO DE LA ESPRIELLA,4,1540,0.8484848484848485,PALOMA VALENCIA,11.0,120.0,0.0661157024793388,1420.0,0.7823691460055097,CONSOLIDADO
25,49,NORTE DE SAN,LABATECA,5592.0,3169,3156,24,10,3,2423.0,2460.0,ABELARDO DE LA ESPRIELLA,4,2640,0.8365019011406845,IVAN CEPEDA,1.0,290.0,0.0918884664131812,2350.0,0.7446134347275032,CONSOLIDADO
25,51,NORTE DE SAN,LA ESPERANZA,10500.0,5690,5625,77,55,10,4810.0,4952.0,ABELARDO DE LA ESPRIELLA,4,3797,0.6750222222222222,IVAN CEPEDA,1.0,1232.0,0.2190222222222222,2565.0,0.4559999999999999,CONSOLIDADO
25,52,NORTE DE SAN,LA PLAYA,7125.0,3010,2980,34,18,12,4115.0,4179.0,ABELARDO DE LA ESPRIELLA,4,2204,0.7395973154362416,IVAN CEPEDA,1.0,536.0,0.1798657718120805,1668.0,0.5597315436241611,CONSOLIDADO
25,54,NORTE DE SAN,LOS PATIOS,83857.0,46460,46168,478,266,26,37397.0,38167.0,ABELARDO DE LA ESPRIELLA,4,33470,0.7249610119563334,IVAN CEPEDA,1.0,6987.0,0.1513385894992202,26483.0,0.5736224224571131,CONSOLIDADO
25,55,NORTE DE SAN,LOURDES,3813.0,2393,2379,20,5,9,1420.0,1454.0,ABELARDO DE LA ESPRIELLA,4,1973,0.8293400588482556,PALOMA VALENCIA,11.0,168.0,0.0706179066834804,1805.0,0.7587221521647751,CONSOLIDADO
25,58,NORTE DE SAN,MUTISCUA,3353.0,2114,2105,21,6,3,1239.0,1269.0,ABELARDO DE LA ESPRIELLA,4,1765,0.838479809976247,PALOMA VALENCIA,11.0,141.0,0.0669833729216152,1624.0,0.7714964370546319,CONSOLIDADO
25,61,NORTE DE SAN,OCAÑA,90395.0,56251,55721,776,460,70,34144.0,35450.0,ABELARDO DE LA ESPRIELLA,4,37018,0.6643455788661367,IVAN CEPEDA,1.0,13256.0,0.2378995351842213,23762.0,0.4264460436819153,CONSOLIDADO
25,64,NORTE DE SAN,PAMPLONA,49125.0,29627,29249,594,335,43,19498.0,20470.0,ABELARDO DE LA ESPRIELLA,4,16850,0.576088071387056,IVAN CEPEDA,1.0,7507.0,0.2566583472939245,9343.0,0.3194297240931314,CONSOLIDADO
25,67,NORTE DE SAN,PAMPLONITA,4537.0,3292,3257,41,27,8,1245.0,1321.0,ABELARDO DE LA ESPRIELLA,4,2471,0.7586736260362297,IVAN CEPEDA,1.0,294.0,0.0902671169788148,2177.0,0.6684065090574148,CONSOLIDADO
25,69,NORTE DE SAN,PUERTO SANTANDER,21306.0,3687,3646,29,31,10,17619.0,17689.0,ABELARDO DE LA ESPRIELLA,4,2829,0.7759188151398794,IVAN CEPEDA,1.0,473.0,0.1297312122874382,2356.0,0.6461876028524411,CONSOLIDADO
25,70,NORTE DE SAN,RAGONVALIA,10042.0,2934,2905,21,19,10,7108.0,7158.0,ABELARDO DE LA ESPRIELLA,4,2417,0.832013769363167,IVAN CEPEDA,1.0,185.0,0.06368330464716,2232.0,0.7683304647160069,CONSOLIDADO
25,73,NORTE DE SAN,SALAZAR,10114.0,5639,5598,37,26,15,4475.0,4553.0,ABELARDO DE LA ESPRIELLA,4,4599,0.8215434083601286,IVAN CEPEDA,1.0,464.0,0.0828867452661664,4135.0,0.7386566630939622,CONSOLIDADO
25,76,NORTE DE SAN,SAN CALIXTO,8620.0,3635,3588,55,38,9,4985.0,5087.0,IVAN CEPEDA,1,2998,0.8355629877369007,ABELARDO DE LA ESPRIELLA,4.0,441.0,0.1229096989966555,2557.0,0.7126532887402452,CONSOLIDADO
25,79,NORTE DE SAN,SAN CAYETANO,10193.0,4915,4880,34,25,10,5278.0,5347.0,ABELARDO DE LA ESPRIELLA,4,3824,0.7836065573770492,IVAN CEPEDA,1.0,623.0,0.1276639344262295,3201.0,0.6559426229508197,CONSOLIDADO
25,82,NORTE DE SAN,SANTIAGO,5249.0,2150,2142,16,5,3,3099.0,3123.0,ABELARDO DE LA ESPRIELLA,4,1629,0.7605042016806722,IVAN CEPEDA,1.0,255.0,0.119047619047619,1374.0,0.6414565826330532,CONSOLIDADO
25,85,NORTE DE SAN,SARDINATA,20495.0,10734,10643,100,61,30,9761.0,9952.0,ABELARDO DE LA ESPRIELLA,4,8716,0.8189420276237903,IVAN CEPEDA,1.0,947.0,0.0889786714272291,7769.0,0.7299633561965612,CONSOLIDADO
25,88,NORTE DE SAN,SILOS,4773.0,3032,3022,27,4,6,1741.0,1778.0,ABELARDO DE LA ESPRIELLA,4,2628,0.8696227663798809,PALOMA VALENCIA,11.0,166.0,0.0549305095962938,2462.0,0.814692256783587,CONSOLIDADO
25,91,NORTE DE SAN,TEORAMA,12243.0,5433,5355,129,61,17,6810.0,7017.0,IVAN CEPEDA,1,4117,0.7688141923436042,ABELARDO DE LA ESPRIELLA,4.0,905.0,0.169000933706816,3212.0,0.5998132586367881,CONSOLIDADO
25,93,NORTE DE SAN,TIBU,45677.0,19240,18766,553,367,107,26437.0,27464.0,ABELARDO DE LA ESPRIELLA,4,9958,0.5306405200895236,IVAN CEPEDA,1.0,6001.0,0.3197804540125759,3957.0,0.2108600660769476,CONSOLIDADO
25,94,NORTE DE SAN,TOLEDO,13192.0,7846,7751,104,64,31,5346.0,5545.0,ABELARDO DE LA ESPRIELLA,4,6179,0.7971874596826216,IVAN CEPEDA,1.0,771.0,0.0994710359953554,5408.0,0.6977164236872662,CONSOLIDADO
25,97,NORTE DE SAN,VILLA CARO,4121.0,2363,2349,16,9,5,1758.0,1788.0,ABELARDO DE LA ESPRIELLA,4,2030,0.8641975308641975,IVAN CEPEDA,1.0,162.0,0.0689655172413793,1868.0,0.7952320136228181,CONSOLIDADO
25,100,NORTE DE SAN,VILLA DEL ROSARIO,108675.0,47103,46776,446,285,42,61572.0,62345.0,ABELARDO DE LA ESPRIELLA,4,36138,0.7725756798358132,IVAN CEPEDA,1.0,5353.0,0.1144390285616555,30785.0,0.6581366512741577,CONSOLIDADO
26,1,QUINDIO,ARMENIA,281258.0,171970,169637,3008,2089,244,109288.0,114629.0,ABELARDO DE LA ESPRIELLA,4,84364,0.4973207496006178,IVAN CEPEDA,1.0,53484.0,0.3152849908923171,30880.0,0.1820357587083006,VENTAJA_DEFENDIBLE
26,5,QUINDIO,BUENAVISTA,2678.0,1550,1528,14,19,3,1128.0,1164.0,ABELARDO DE LA ESPRIELLA,4,815,0.5333769633507853,IVAN CEPEDA,1.0,472.0,0.3089005235602094,343.0,0.2244764397905759,VENTAJA_DEFENDIBLE
26,10,QUINDIO,CALARCA,63233.0,37418,36603,773,746,69,25815.0,27403.0,ABELARDO DE LA ESPRIELLA,4,17276,0.4719831707783515,IVAN CEPEDA,1.0,11800.0,0.3223779471628009,5476.0,0.1496052236155506,VENTAJA_DEFENDIBLE
26,20,QUINDIO,CIRCASIA,24779.0,15389,15121,284,219,49,9390.0,9942.0,ABELARDO DE LA ESPRIELLA,4,7608,0.5031413266318365,IVAN CEPEDA,1.0,4582.0,0.303022286885788,3026.0,0.2001190397460485,CONSOLIDADO
26,25,QUINDIO,CORDOBA,5596.0,2990,2936,52,45,9,2606.0,2712.0,ABELARDO DE LA ESPRIELLA,4,1305,0.4444822888283379,IVAN CEPEDA,1.0,1134.0,0.3862397820163488,171.0,0.0582425068119891,RESERVA_DEFINIBLE
26,30,QUINDIO,FILANDIA,11001.0,6292,6157,127,110,25,4709.0,4971.0,ABELARDO DE LA ESPRIELLA,4,3340,0.5424719831086569,IVAN CEPEDA,1.0,1496.0,0.2429754750690271,1844.0,0.2994965080396297,CONSOLIDADO
26,40,QUINDIO,GENOVA,7313.0,3822,3719,80,88,15,3491.0,3674.0,ABELARDO DE LA ESPRIELLA,4,1856,0.4990588867975262,IVAN CEPEDA,1.0,1028.0,0.2764183920408712,828.0,0.2226404947566549,VENTAJA_DEFENDIBLE
26,50,QUINDIO,LA TEBAIDA,30930.0,17471,16975,365,433,63,13459.0,14320.0,IVAN CEPEDA,1,7199,0.4240942562592047,ABELARDO DE LA ESPRIELLA,4.0,6653.0,0.3919293078055965,546.0,0.0321649484536082,BISAGRA
26,60,QUINDIO,MONTENEGRO,35223.0,18678,18060,450,537,81,16545.0,17613.0,ABELARDO DE LA ESPRIELLA,4,8369,0.4633997785160575,IVAN CEPEDA,1.0,5814.0,0.3219269102990033,2555.0,0.1414728682170542,VENTAJA_DEFENDIBLE
26,70,QUINDIO,PIJAO,5768.0,3075,2987,49,65,23,2693.0,2830.0,ABELARDO DE LA ESPRIELLA,4,1578,0.5282892534315367,IVAN CEPEDA,1.0,859.0,0.2875795112152661,719.0,0.2407097422162705,CONSOLIDADO
26,80,QUINDIO,QUIMBAYA,31044.0,16466,16057,333,329,80,14578.0,15320.0,ABELARDO DE LA ESPRIELLA,4,7320,0.455875941956779,IVAN CEPEDA,1.0,5521.0,0.3438375786261443,1799.0,0.1120383633306346,VENTAJA_DEFENDIBLE
26,90,QUINDIO,SALENTO,6111.0,3827,3774,66,48,5,2284.0,2403.0,ABELARDO DE LA ESPRIELLA,4,2102,0.5569687334393216,IVAN CEPEDA,1.0,948.0,0.2511923688394276,1154.0,0.305776364599894,CONSOLIDADO
27,1,SANTANDER,BUCARAMANGA,524202.0,343539,341323,5025,2024,192,180663.0,187904.0,ABELARDO DE LA ESPRIELLA,4,198332,0.5810683721870487,IVAN CEPEDA,1.0,91324.0,0.2675588811770669,107008.0,0.3135094910099817,CONSOLIDADO
27,4,SANTANDER,AGUADA,1523.0,882,876,10,5,1,641.0,657.0,ABELARDO DE LA ESPRIELLA,4,563,0.6426940639269406,PALOMA VALENCIA,11.0,175.0,0.1997716894977169,388.0,0.4429223744292237,VENTAJA_DEFENDIBLE
27,7,SANTANDER,ALBANIA,3617.0,2025,2007,17,11,7,1592.0,1627.0,ABELARDO DE LA ESPRIELLA,4,1217,0.6063776781265571,IVAN CEPEDA,1.0,396.0,0.1973094170403587,821.0,0.4090682610861983,CONSOLIDADO
27,10,SANTANDER,ARATOCA,7181.0,4656,4613,50,30,13,2525.0,2618.0,ABELARDO DE LA ESPRIELLA,4,3154,0.6837199219596791,IVAN CEPEDA,1.0,867.0,0.1879471060047691,2287.0,0.4957728159549099,CONSOLIDADO
27,13,SANTANDER,BARBOSA,27239.0,17154,16943,245,189,22,10085.0,10541.0,ABELARDO DE LA ESPRIELLA,4,9002,0.5313108658443014,IVAN CEPEDA,1.0,5605.0,0.330815085876173,3397.0,0.2004957799681284,CONSOLIDADO
27,16,SANTANDER,BARICHARA,7939.0,5594,5539,71,42,13,2345.0,2471.0,ABELARDO DE LA ESPRIELLA,4,3554,0.6416320635493772,IVAN CEPEDA,1.0,1157.0,0.2088824697598844,2397.0,0.4327495937894927,CONSOLIDADO
27,19,SANTANDER,BARRANCABERMEJA,177408.0,121378,119407,2205,1788,183,56030.0,60206.0,IVAN CEPEDA,1,69511,0.5821350507089199,ABELARDO DE LA ESPRIELLA,4.0,38355.0,0.3212123242355976,31156.0,0.2609227264733223,CONSOLIDADO
27,22,SANTANDER,BETULIA,4478.0,2746,2703,52,40,3,1732.0,1827.0,ABELARDO DE LA ESPRIELLA,4,1695,0.6270810210876804,IVAN CEPEDA,1.0,518.0,0.1916389197188309,1177.0,0.4354421013688494,CONSOLIDADO
27,25,SANTANDER,BOLIVAR,8047.0,4421,4365,42,41,15,3626.0,3724.0,ABELARDO DE LA ESPRIELLA,4,2487,0.5697594501718213,IVAN CEPEDA,1.0,1140.0,0.2611683848797251,1347.0,0.3085910652920962,CONSOLIDADO
27,28,SANTANDER,CABRERA,1835.0,1182,1176,6,4,2,653.0,665.0,ABELARDO DE LA ESPRIELLA,4,853,0.7253401360544217,PALOMA VALENCIA,11.0,187.0,0.1590136054421768,666.0,0.5663265306122448,VENTAJA_DEFENDIBLE
27,31,SANTANDER,CALIFORNIA,1821.0,1277,1266,17,10,1,544.0,572.0,ABELARDO DE LA ESPRIELLA,4,908,0.717219589257504,IVAN CEPEDA,1.0,191.0,0.15086887835703,717.0,0.566350710900474,VENTAJA_DEFENDIBLE
27,34,SANTANDER,CAPITANEJO,4989.0,2957,2932,27,19,6,2032.0,2084.0,ABELARDO DE LA ESPRIELLA,4,2146,0.7319236016371078,IVAN CEPEDA,1.0,402.0,0.1371077762619372,1744.0,0.5948158253751705,CONSOLIDADO
27,37,SANTANDER,CARCASI,3676.0,2057,2044,34,7,6,1619.0,1666.0,ABELARDO DE LA ESPRIELLA,4,1610,0.7876712328767124,PALOMA VALENCIA,11.0,166.0,0.0812133072407045,1444.0,0.7064579256360078,CONSOLIDADO
27,40,SANTANDER,CEPITA,2163.0,1358,1356,11,1,1,805.0,818.0,ABELARDO DE LA ESPRIELLA,4,989,0.7293510324483776,IVAN CEPEDA,1.0,195.0,0.1438053097345132,794.0,0.5855457227138643,VENTAJA_DEFENDIBLE
27,43,SANTANDER,CERRITO,5605.0,3348,3313,40,19,16,2257.0,2332.0,ABELARDO DE LA ESPRIELLA,4,2366,0.7141563537579233,IVAN CEPEDA,1.0,475.0,0.1433745849683066,1891.0,0.5707817687896166,CONSOLIDADO
27,45,SANTANDER,CIMITARRA,29788.0,15492,15118,257,315,59,14296.0,14927.0,ABELARDO DE LA ESPRIELLA,4,8256,0.5461039820082021,IVAN CEPEDA,1.0,4749.0,0.3141288530228866,3507.0,0.2319751289853154,CONSOLIDADO
27,46,SANTANDER,CONCEPCION,5259.0,3099,3074,44,18,7,2160.0,2229.0,ABELARDO DE LA ESPRIELLA,4,2063,0.6711125569290827,IVAN CEPEDA,1.0,497.0,0.1616785946649316,1566.0,0.509433962264151,CONSOLIDADO
27,49,SANTANDER,CONFINES,2867.0,1906,1899,14,6,1,961.0,982.0,ABELARDO DE LA ESPRIELLA,4,1450,0.7635597682991048,PALOMA VALENCIA,11.0,217.0,0.1142706687730384,1233.0,0.6492890995260663,CONSOLIDADO
27,52,SANTANDER,CONTRATACION,3023.0,1854,1832,23,14,8,1169.0,1214.0,ABELARDO DE LA ESPRIELLA,4,1199,0.6544759825327511,IVAN CEPEDA,1.0,400.0,0.2183406113537118,799.0,0.4361353711790393,CONSOLIDADO
27,55,SANTANDER,COROMORO,4327.0,2852,2834,25,11,7,1475.0,1518.0,ABELARDO DE LA ESPRIELLA,4,2162,0.76287932251235,IVAN CEPEDA,1.0,297.0,0.1047988708539167,1865.0,0.6580804516584333,CONSOLIDADO
27,58,SANTANDER,CURITI,10784.0,7674,7604,92,63,7,3110.0,3272.0,ABELARDO DE LA ESPRIELLA,4,4951,0.6511046817464492,IVAN CEPEDA,1.0,1629.0,0.2142293529721199,3322.0,0.4368753287743293,CONSOLIDADO
27,61,SANTANDER,CHARALA,10354.0,6792,6729,90,52,11,3562.0,3715.0,ABELARDO DE LA ESPRIELLA,4,4201,0.6243126764749591,IVAN CEPEDA,1.0,1387.0,0.20612275226631,2814.0,0.4181899242086491,CONSOLIDADO
27,64,SANTANDER,CHARTA,3469.0,2382,2377,19,3,2,1087.0,1111.0,ABELARDO DE LA ESPRIELLA,4,1587,0.6676482961716449,PALOMA VALENCIA,11.0,411.0,0.1729070256625999,1176.0,0.494741270509045,CONSOLIDADO
27,67,SANTANDER,CHIMA,2594.0,1639,1620,15,9,10,955.0,989.0,ABELARDO DE LA ESPRIELLA,4,1052,0.6493827160493827,PALOMA VALENCIA,11.0,284.0,0.1753086419753086,768.0,0.474074074074074,CONSOLIDADO
27,70,SANTANDER,CHIPATA,4342.0,2201,2169,31,25,7,2141.0,2204.0,ABELARDO DE LA ESPRIELLA,4,1288,0.5938220378054403,IVAN CEPEDA,1.0,558.0,0.2572614107883817,730.0,0.3365606270170586,CONSOLIDADO
27,71,SANTANDER,EL CARMEN,12560.0,7952,7881,78,52,19,4608.0,4757.0,ABELARDO DE LA ESPRIELLA,4,6433,0.8162669711965487,IVAN CEPEDA,1.0,662.0,0.0839994924501966,5771.0,0.732267478746352,CONSOLIDADO
27,73,SANTANDER,EL GUACAMAYO,1635.0,982,976,9,5,1,653.0,668.0,ABELARDO DE LA ESPRIELLA,4,504,0.5163934426229508,PALOMA VALENCIA,11.0,369.0,0.3780737704918033,135.0,0.1383196721311475,VENTAJA_DEFENDIBLE
27,74,SANTANDER,EL PLAYON,13298.0,7564,7470,81,69,25,5734.0,5909.0,ABELARDO DE LA ESPRIELLA,4,5301,0.7096385542168675,IVAN CEPEDA,1.0,1308.0,0.1751004016064257,3993.0,0.5345381526104418,CONSOLIDADO
27,75,SANTANDER,EL PEÑON,3971.0,1945,1927,28,7,11,2026.0,2072.0,ABELARDO DE LA ESPRIELLA,4,1319,0.6844836533471718,IVAN CEPEDA,1.0,327.0,0.1696938245978204,992.0,0.5147898287493513,CONSOLIDADO
27,76,SANTANDER,ENCINO,2186.0,1346,1340,10,4,2,840.0,856.0,ABELARDO DE LA ESPRIELLA,4,1087,0.8111940298507463,PALOMA VALENCIA,11.0,119.0,0.0888059701492537,968.0,0.7223880597014926,CONSOLIDADO
27,79,SANTANDER,ENCISO,3503.0,2219,2203,22,11,5,1284.0,1322.0,ABELARDO DE LA ESPRIELLA,4,1566,0.710848842487517,IVAN CEPEDA,1.0,303.0,0.1375397185655923,1263.0,0.5733091239219246,CONSOLIDADO
27,80,SANTANDER,FLORIAN,6115.0,3150,3129,22,13,8,2965.0,3008.0,ABELARDO DE LA ESPRIELLA,4,1684,0.5381911153723234,IVAN CEPEDA,1.0,888.0,0.2837967401725791,796.0,0.2543943751997443,CONSOLIDADO
27,82,SANTANDER,FLORIDABLANCA,224184.0,157563,156443,2252,1018,102,66621.0,69993.0,ABELARDO DE LA ESPRIELLA,4,90033,0.5755003419775893,IVAN CEPEDA,1.0,42163.0,0.2695103008763575,47870.0,0.3059900411012317,CONSOLIDADO
27,85,SANTANDER,GALAN,2666.0,1765,1758,12,3,4,901.0,920.0,ABELARDO DE LA ESPRIELLA,4,1329,0.7559726962457338,IVAN CEPEDA,1.0,193.0,0.1097838452787258,1136.0,0.646188850967008,CONSOLIDADO
27,88,SANTANDER,GAMBITA,3492.0,2267,2242,21,14,11,1225.0,1271.0,ABELARDO DE LA ESPRIELLA,4,1617,0.7212310437109724,IVAN CEPEDA,1.0,324.0,0.1445138269402319,1293.0,0.5767172167707404,CONSOLIDADO
27,91,SANTANDER,GIRON,133606.0,86634,85826,1648,733,75,46972.0,49428.0,ABELARDO DE LA ESPRIELLA,4,48682,0.5672173933306923,IVAN CEPEDA,1.0,25499.0,0.2971011115512781,23183.0,0.2701162817794141,CONSOLIDADO
27,94,SANTANDER,GUACA,5634.0,3220,3195,37,20,5,2414.0,2476.0,ABELARDO DE LA ESPRIELLA,4,2438,0.7630672926447575,IVAN CEPEDA,1.0,386.0,0.1208137715179968,2052.0,0.6422535211267606,CONSOLIDADO
27,97,SANTANDER,GUADALUPE,4290.0,2862,2846,31,7,9,1428.0,1475.0,ABELARDO DE LA ESPRIELLA,4,1976,0.6943078004216444,PALOMA VALENCIA,11.0,442.0,0.1553056921995783,1534.0,0.5390021082220661,CONSOLIDADO
27,100,SANTANDER,GUAPOTA,2046.0,1353,1345,7,6,2,693.0,708.0,ABELARDO DE LA ESPRIELLA,4,941,0.6996282527881041,PALOMA VALENCIA,11.0,253.0,0.1881040892193308,688.0,0.5115241635687733,VENTAJA_DEFENDIBLE
27,103,SANTANDER,GUAVATA,4587.0,2596,2571,38,17,8,1991.0,2054.0,ABELARDO DE LA ESPRIELLA,4,1264,0.4916374951380786,IVAN CEPEDA,1.0,841.0,0.3271100739012058,423.0,0.1645274212368728,VENTAJA_DEFENDIBLE
27,106,SANTANDER,GUEPSA,4500.0,2384,2337,38,37,10,2116.0,2201.0,ABELARDO DE LA ESPRIELLA,4,1353,0.5789473684210527,IVAN CEPEDA,1.0,722.0,0.3089430894308943,631.0,0.2700042789901583,CONSOLIDADO
27,109,SANTANDER,HATO,2186.0,1434,1417,16,15,2,752.0,785.0,ABELARDO DE LA ESPRIELLA,4,952,0.6718419195483416,IVAN CEPEDA,1.0,263.0,0.1856033874382498,689.0,0.4862385321100917,VENTAJA_DEFENDIBLE
27,112,SANTANDER,JESUS MARIA,3408.0,1817,1786,16,28,3,1591.0,1638.0,ABELARDO DE LA ESPRIELLA,4,898,0.5027995520716685,IVAN CEPEDA,1.0,576.0,0.322508398656215,322.0,0.1802911534154535,VENTAJA_DEFENDIBLE
27,115,SANTANDER,JORDAN,1488.0,1015,996,8,12,7,473.0,500.0,ABELARDO DE LA ESPRIELLA,4,717,0.7198795180722891,PALOMA VALENCIA,11.0,136.0,0.1365461847389558,581.0,0.5833333333333333,VENTAJA_DEFENDIBLE
27,118,SANTANDER,LA PAZ,4063.0,2191,2164,19,18,9,1872.0,1918.0,ABELARDO DE LA ESPRIELLA,4,1317,0.6085951940850277,PALOMA VALENCIA,11.0,475.0,0.2195009242144177,842.0,0.3890942698706099,CONSOLIDADO
27,119,SANTANDER,LA BELLEZA,5754.0,3325,3305,27,16,4,2429.0,2476.0,ABELARDO DE LA ESPRIELLA,4,2304,0.6971255673222391,PALOMA VALENCIA,11.0,500.0,0.151285930408472,1804.0,0.545839636913767,CONSOLIDADO
27,120,SANTANDER,LANDAZURI,10254.0,5505,5438,79,56,11,4749.0,4895.0,ABELARDO DE LA ESPRIELLA,4,3741,0.6879367414490621,IVAN CEPEDA,1.0,1163.0,0.2138653916881206,2578.0,0.4740713497609415,CONSOLIDADO
27,121,SANTANDER,LEBRIJA,37400.0,24407,24148,387,221,38,12993.0,13639.0,ABELARDO DE LA ESPRIELLA,4,16595,0.6872204737452376,IVAN CEPEDA,1.0,4555.0,0.1886284578432996,12040.0,0.498592015901938,CONSOLIDADO
27,124,SANTANDER,LOS SANTOS,10724.0,7145,7060,108,69,16,3579.0,3772.0,ABELARDO DE LA ESPRIELLA,4,4848,0.686685552407932,IVAN CEPEDA,1.0,1129.0,0.1599150141643059,3719.0,0.5267705382436261,CONSOLIDADO
27,127,SANTANDER,MACARAVITA,2302.0,1187,1181,14,5,1,1115.0,1135.0,ABELARDO DE LA ESPRIELLA,4,844,0.7146486028789162,PALOMA VALENCIA,11.0,180.0,0.1524132091447925,664.0,0.5622353937341236,VENTAJA_DEFENDIBLE
27,130,SANTANDER,MALAGA,16429.0,10768,10681,166,69,18,5661.0,5914.0,ABELARDO DE LA ESPRIELLA,4,6427,0.6017226851418407,IVAN CEPEDA,1.0,2551.0,0.2388353150454077,3876.0,0.3628873700964329,CONSOLIDADO
27,133,SANTANDER,MATANZA,5312.0,3453,3417,37,23,13,1859.0,1932.0,ABELARDO DE LA ESPRIELLA,4,2319,0.6786654960491659,IVAN CEPEDA,1.0,506.0,0.1480831138425519,1813.0,0.530582382206614,CONSOLIDADO
27,136,SANTANDER,MOGOTES,8321.0,5349,5254,49,71,24,2972.0,3116.0,ABELARDO DE LA ESPRIELLA,4,3622,0.6893795203654358,IVAN CEPEDA,1.0,743.0,0.1414160639512752,2879.0,0.5479634564141607,CONSOLIDADO
27,139,SANTANDER,MOLAGAVITA,3914.0,2247,2235,24,8,4,1667.0,1703.0,ABELARDO DE LA ESPRIELLA,4,1609,0.719910514541387,PALOMA VALENCIA,11.0,307.0,0.1373601789709172,1302.0,0.5825503355704698,CONSOLIDADO
27,142,SANTANDER,OCAMONTE,4070.0,2638,2619,22,12,7,1432.0,1473.0,ABELARDO DE LA ESPRIELLA,4,1817,0.6937762504772814,PALOMA VALENCIA,11.0,443.0,0.1691485299732722,1374.0,0.5246277205040092,CONSOLIDADO
27,145,SANTANDER,OIBA,9963.0,6418,6354,84,45,19,3545.0,3693.0,ABELARDO DE LA ESPRIELLA,4,4566,0.7186024551463644,IVAN CEPEDA,1.0,1023.0,0.1610009442870632,3543.0,0.5576015108593012,CONSOLIDADO
27,148,SANTANDER,ONZAGA,3561.0,2058,2030,14,12,16,1503.0,1545.0,ABELARDO DE LA ESPRIELLA,4,1478,0.7280788177339902,PALOMA VALENCIA,11.0,265.0,0.1305418719211822,1213.0,0.5975369458128079,CONSOLIDADO
27,151,SANTANDER,PALMAR,1620.0,1047,1036,6,11,0,573.0,590.0,ABELARDO DE LA ESPRIELLA,4,720,0.694980694980695,IVAN CEPEDA,1.0,149.0,0.1438223938223938,571.0,0.5511583011583012,VENTAJA_DEFENDIBLE
27,154,SANTANDER,PALMAS DEL SOCORRO,2671.0,1849,1838,12,9,2,822.0,845.0,ABELARDO DE LA ESPRIELLA,4,1382,0.7519042437431991,PALOMA VALENCIA,11.0,210.0,0.1142546245919477,1172.0,0.6376496191512513,CONSOLIDADO
27,157,SANTANDER,PARAMO,4028.0,2876,2865,31,9,2,1152.0,1194.0,ABELARDO DE LA ESPRIELLA,4,2079,0.7256544502617801,IVAN CEPEDA,1.0,329.0,0.1148342059336823,1750.0,0.6108202443280977,CONSOLIDADO
27,160,SANTANDER,PIEDECUESTA,134577.0,94326,93397,1565,831,98,40251.0,42745.0,ABELARDO DE LA ESPRIELLA,4,54278,0.5811535702431556,IVAN CEPEDA,1.0,26051.0,0.2789275886805786,28227.0,0.302225981562577,CONSOLIDADO
27,163,SANTANDER,PINCHOTE,3985.0,2877,2856,34,18,3,1108.0,1163.0,ABELARDO DE LA ESPRIELLA,4,1856,0.6498599439775911,IVAN CEPEDA,1.0,564.0,0.1974789915966386,1292.0,0.4523809523809524,CONSOLIDADO
27,166,SANTANDER,PUENTE NACIONAL,13225.0,8353,8281,79,58,14,4872.0,5023.0,ABELARDO DE LA ESPRIELLA,4,4615,0.5572998430141287,IVAN CEPEDA,1.0,2470.0,0.2982731554160125,2145.0,0.2590266875981161,CONSOLIDADO
27,167,SANTANDER,PUERTO PARRA,6703.0,3441,3375,59,53,13,3262.0,3387.0,ABELARDO DE LA ESPRIELLA,4,1786,0.5291851851851852,IVAN CEPEDA,1.0,1180.0,0.3496296296296296,606.0,0.1795555555555555,VENTAJA_DEFENDIBLE
27,169,SANTANDER,PUERTO WILCHES,26439.0,15502,15252,219,212,38,10937.0,11406.0,IVAN CEPEDA,1,8480,0.5559926567007606,ABELARDO DE LA ESPRIELLA,4.0,5445.0,0.3570023603461841,3035.0,0.1989902963545765,VENTAJA_DEFENDIBLE
27,172,SANTANDER,RIONEGRO,24677.0,14593,14354,258,196,43,10084.0,10581.0,ABELARDO DE LA ESPRIELLA,4,9499,0.6617667549115229,IVAN CEPEDA,1.0,2849.0,0.1984812595792113,6650.0,0.4632854953323115,CONSOLIDADO
27,174,SANTANDER,SABANA DE TORRES,25598.0,15340,15014,280,284,42,10258.0,10864.0,ABELARDO DE LA ESPRIELLA,4,8005,0.5331690422272546,IVAN CEPEDA,1.0,5200.0,0.3463434128147062,2805.0,0.1868256294125483,VENTAJA_DEFENDIBLE
27,175,SANTANDER,SAN ANDRES,6626.0,3856,3814,51,30,12,2770.0,2863.0,ABELARDO DE LA ESPRIELLA,4,2510,0.6581017304667016,IVAN CEPEDA,1.0,731.0,0.1916622968012585,1779.0,0.4664394336654431,CONSOLIDADO
27,178,SANTANDER,SAN BENITO,2958.0,1345,1331,9,9,5,1613.0,1636.0,ABELARDO DE LA ESPRIELLA,4,842,0.6326070623591284,PALOMA VALENCIA,11.0,257.0,0.1930879038317055,585.0,0.4395191585274229,VENTAJA_DEFENDIBLE
27,181,SANTANDER,SAN GIL,46902.0,32920,32677,448,220,23,13982.0,14673.0,ABELARDO DE LA ESPRIELLA,4,19168,0.5865899562383328,IVAN CEPEDA,1.0,8703.0,0.2663341187991553,10465.0,0.3202558374391774,CONSOLIDADO
27,184,SANTANDER,SAN JOAQUIN,2225.0,1227,1209,17,12,6,998.0,1033.0,ABELARDO DE LA ESPRIELLA,4,757,0.6261373035566584,PALOMA VALENCIA,11.0,204.0,0.1687344913151365,553.0,0.4574028122415219,VENTAJA_DEFENDIBLE
27,187,SANTANDER,SAN JOSE DE MIRANDA,4502.0,2939,2915,36,15,9,1563.0,1623.0,ABELARDO DE LA ESPRIELLA,4,1961,0.6727272727272727,PALOMA VALENCIA,11.0,462.0,0.1584905660377358,1499.0,0.5142367066895369,CONSOLIDADO
27,190,SANTANDER,SAN MIGUEL,2184.0,1311,1305,12,2,4,873.0,891.0,ABELARDO DE LA ESPRIELLA,4,838,0.6421455938697318,IVAN CEPEDA,1.0,225.0,0.1724137931034483,613.0,0.4697318007662835,VENTAJA_DEFENDIBLE
27,193,SANTANDER,SAN VICENTE DE CHUCURI,25189.0,15031,14804,219,187,40,10158.0,10604.0,ABELARDO DE LA ESPRIELLA,4,10055,0.6792083220751148,IVAN CEPEDA,1.0,2998.0,0.2025128343690894,7057.0,0.4766954877060254,CONSOLIDADO
27,194,SANTANDER,SANTA HELENA DEL OPON,3375.0,1904,1895,29,7,2,1471.0,1509.0,ABELARDO DE LA ESPRIELLA,4,1520,0.8021108179419525,IVAN CEPEDA,1.0,218.0,0.1150395778364116,1302.0,0.6870712401055409,CONSOLIDADO
27,195,SANTANDER,SANTA BARBARA,2374.0,1549,1540,7,8,1,825.0,841.0,ABELARDO DE LA ESPRIELLA,4,1065,0.6915584415584416,PALOMA VALENCIA,11.0,236.0,0.1532467532467532,829.0,0.5383116883116883,CONSOLIDADO
27,196,SANTANDER,SIMACOTA,6352.0,4105,4057,50,40,8,2247.0,2345.0,ABELARDO DE LA ESPRIELLA,4,2732,0.6734039930983485,IVAN CEPEDA,1.0,827.0,0.2038452058171062,1905.0,0.4695587872812423,CONSOLIDADO
27,199,SANTANDER,SOCORRO,25555.0,17214,17107,181,97,10,8341.0,8629.0,ABELARDO DE LA ESPRIELLA,4,10882,0.6361138715145847,IVAN CEPEDA,1.0,3380.0,0.1975799380370608,7502.0,0.4385339334775238,CONSOLIDADO
27,202,SANTANDER,SUAITA,8714.0,5272,5208,38,58,6,3442.0,3544.0,ABELARDO DE LA ESPRIELLA,4,3650,0.7008448540706606,IVAN CEPEDA,1.0,812.0,0.1559139784946236,2838.0,0.5449308755760369,CONSOLIDADO
27,205,SANTANDER,SUCRE,5556.0,2982,2948,26,22,12,2574.0,2634.0,ABELARDO DE LA ESPRIELLA,4,1911,0.648236092265943,PALOMA VALENCIA,11.0,518.0,0.1757123473541384,1393.0,0.4725237449118046,CONSOLIDADO
27,208,SANTANDER,SURATA,3675.0,2250,2221,21,26,3,1425.0,1475.0,ABELARDO DE LA ESPRIELLA,4,1492,0.6717694732102657,IVAN CEPEDA,1.0,383.0,0.1724448446645655,1109.0,0.4993246285457002,CONSOLIDADO
27,211,SANTANDER,TONA,5777.0,3769,3717,56,44,8,2008.0,2116.0,ABELARDO DE LA ESPRIELLA,4,2672,0.7188592951304815,IVAN CEPEDA,1.0,567.0,0.1525423728813559,2105.0,0.5663169222491256,CONSOLIDADO
27,217,SANTANDER,VALLE DE SAN JOSE,5349.0,3779,3756,46,17,6,1570.0,1639.0,ABELARDO DE LA ESPRIELLA,4,2510,0.6682641107561236,IVAN CEPEDA,1.0,745.0,0.1983493077742279,1765.0,0.4699148029818957,CONSOLIDADO
27,219,SANTANDER,VETAS,1477.0,966,958,10,6,2,511.0,529.0,ABELARDO DE LA ESPRIELLA,4,765,0.7985386221294363,PALOMA VALENCIA,11.0,106.0,0.1106471816283924,659.0,0.6878914405010438,VENTAJA_DEFENDIBLE
27,220,SANTANDER,VELEZ,16652.0,10327,10180,145,115,32,6325.0,6617.0,ABELARDO DE LA ESPRIELLA,4,5652,0.5552062868369352,IVAN CEPEDA,1.0,3145.0,0.3089390962671905,2507.0,0.2462671905697446,CONSOLIDADO
27,221,SANTANDER,VILLANUEVA,7350.0,5033,4997,73,26,10,2317.0,2426.0,ABELARDO DE LA ESPRIELLA,4,3280,0.656393836301781,IVAN CEPEDA,1.0,757.0,0.151490894536722,2523.0,0.504902941765059,CONSOLIDADO
27,223,SANTANDER,ZAPATOCA,8399.0,5473,5431,105,36,6,2926.0,3073.0,ABELARDO DE LA ESPRIELLA,4,3615,0.6656232737985638,IVAN CEPEDA,1.0,1076.0,0.1981218928374148,2539.0,0.4675013809611489,CONSOLIDADO
28,1,SUCRE,SINCELEJO,221269.0,126701,125329,1888,1106,266,94568.0,97828.0,IVAN CEPEDA,1,71183,0.5679691053148114,ABELARDO DE LA ESPRIELLA,4.0,45664.0,0.3643530228438749,25519.0,0.2036160824709364,CONSOLIDADO
28,10,SUCRE,BUENAVISTA,10426.0,5233,5201,56,20,12,5193.0,5281.0,IVAN CEPEDA,1,2625,0.5047106325706595,ABELARDO DE LA ESPRIELLA,4.0,2188.0,0.4206883291674678,437.0,0.0840223034031917,RESERVA_DEFINIBLE
28,20,SUCRE,CAIMITO,10513.0,5717,5680,60,19,18,4796.0,4893.0,IVAN CEPEDA,1,3843,0.6765845070422535,ABELARDO DE LA ESPRIELLA,4.0,1518.0,0.2672535211267605,2325.0,0.4093309859154929,CONSOLIDADO
28,30,SUCRE,COLOSO (RICAURTE),8785.0,4384,4338,55,29,17,4401.0,4502.0,IVAN CEPEDA,1,2548,0.5873674504379899,ABELARDO DE LA ESPRIELLA,4.0,1440.0,0.3319502074688796,1108.0,0.2554172429691102,CONSOLIDADO
28,40,SUCRE,COROZAL,50627.0,31177,30942,327,184,51,19450.0,20012.0,IVAN CEPEDA,1,17816,0.5757869562407084,ABELARDO DE LA ESPRIELLA,4.0,11441.0,0.3697563182728977,6375.0,0.2060306379678107,CONSOLIDADO
28,41,SUCRE,COVEÑAS,15615.0,8388,8320,152,51,17,7227.0,7447.0,IVAN CEPEDA,1,4328,0.5201923076923077,ABELARDO DE LA ESPRIELLA,4.0,2834.0,0.340625,1494.0,0.1795673076923077,VENTAJA_DEFENDIBLE
28,42,SUCRE,EL ROBLE,10045.0,5660,5621,33,21,18,4385.0,4457.0,IVAN CEPEDA,1,3729,0.6634050880626223,ABELARDO DE LA ESPRIELLA,4.0,1659.0,0.2951432129514321,2070.0,0.3682618751111902,CONSOLIDADO
28,45,SUCRE,CHALAN,5158.0,2535,2516,37,8,11,2623.0,2679.0,IVAN CEPEDA,1,1267,0.503577106518283,ABELARDO DE LA ESPRIELLA,4.0,1025.0,0.4073926868044515,242.0,0.0961844197138315,RESERVA_DEFINIBLE
28,48,SUCRE,GALERAS (NUEVA GRANADA),18668.0,9320,9204,155,79,37,9348.0,9619.0,ABELARDO DE LA ESPRIELLA,4,5446,0.5916992611907866,IVAN CEPEDA,1.0,2842.0,0.3087787918296393,2604.0,0.2829204693611473,CONSOLIDADO
28,49,SUCRE,GUARANDA,15347.0,6063,6020,71,26,17,9284.0,9398.0,ABELARDO DE LA ESPRIELLA,4,3616,0.6006644518272425,IVAN CEPEDA,1.0,1900.0,0.3156146179401993,1716.0,0.2850498338870431,CONSOLIDADO
28,50,SUCRE,LA UNION,11216.0,6012,5971,77,24,17,5204.0,5322.0,IVAN CEPEDA,1,3748,0.6277005526712444,ABELARDO DE LA ESPRIELLA,4.0,1847.0,0.3093284207000502,1901.0,0.3183721319711941,CONSOLIDADO
28,55,SUCRE,LOS PALMITOS,20200.0,11872,11802,91,44,26,8328.0,8489.0,IVAN CEPEDA,1,8203,0.695051686154889,ABELARDO DE LA ESPRIELLA,4.0,3040.0,0.2575834604304355,5163.0,0.4374682257244535,CONSOLIDADO
28,60,SUCRE,MAJAGUAL,30173.0,13842,13738,148,43,61,16331.0,16583.0,ABELARDO DE LA ESPRIELLA,4,7749,0.5640559033338186,IVAN CEPEDA,1.0,4195.0,0.305357402824283,3554.0,0.2586985005095356,CONSOLIDADO
28,80,SUCRE,MORROA,15756.0,9076,9017,87,41,18,6680.0,6826.0,IVAN CEPEDA,1,5547,0.6151713430187423,ABELARDO DE LA ESPRIELLA,4.0,2914.0,0.3231673505600532,2633.0,0.2920039924586891,CONSOLIDADO
28,100,SUCRE,OVEJAS,23345.0,12541,12428,104,64,49,10804.0,11021.0,IVAN CEPEDA,1,7680,0.6179594464113293,ABELARDO DE LA ESPRIELLA,4.0,4075.0,0.3278886385580946,3605.0,0.2900708078532346,CONSOLIDADO
28,120,SUCRE,PALMITO,13448.0,7636,7579,87,26,31,5812.0,5956.0,IVAN CEPEDA,1,4828,0.6370233540044861,ABELARDO DE LA ESPRIELLA,4.0,2262.0,0.2984562607204116,2566.0,0.3385670932840744,CONSOLIDADO
28,160,SUCRE,SAMPUES,36533.0,20259,20014,285,176,69,16274.0,16804.0,IVAN CEPEDA,1,12495,0.6243129809133606,ABELARDO DE LA ESPRIELLA,4.0,6100.0,0.3047866493454582,6395.0,0.3195263315679024,CONSOLIDADO
28,180,SUCRE,SAN BENITO ABAD,21659.0,10662,10610,55,21,31,10997.0,11104.0,IVAN CEPEDA,1,5766,0.5434495758718191,ABELARDO DE LA ESPRIELLA,4.0,4371.0,0.4119698397737983,1395.0,0.1314797360980207,VENTAJA_DEFENDIBLE
28,190,SUCRE,SAN JUAN DE BETULIA (BETULIA),12284.0,7543,7491,74,37,15,4741.0,4867.0,IVAN CEPEDA,1,4229,0.5645441196101989,ABELARDO DE LA ESPRIELLA,4.0,2963.0,0.395541316246162,1266.0,0.1690028033640368,VENTAJA_DEFENDIBLE
28,200,SUCRE,SAN MARCOS,48063.0,22261,22019,294,179,63,25802.0,26338.0,IVAN CEPEDA,1,12422,0.564149143921159,ABELARDO DE LA ESPRIELLA,4.0,8058.0,0.3659566737817339,4364.0,0.198192470139425,VENTAJA_DEFENDIBLE
28,220,SUCRE,SAN ONOFRE,47066.0,18473,18226,198,131,116,28593.0,29038.0,IVAN CEPEDA,1,12645,0.6937890925052124,ABELARDO DE LA ESPRIELLA,4.0,3925.0,0.215351695380226,8720.0,0.4784373971249863,CONSOLIDADO
28,240,SUCRE,SAN PEDRO,17780.0,9265,9196,80,31,38,8515.0,8664.0,IVAN CEPEDA,1,5009,0.5446933449325794,ABELARDO DE LA ESPRIELLA,4.0,3714.0,0.403871248368856,1295.0,0.1408220965637233,VENTAJA_DEFENDIBLE
28,260,SUCRE,SINCE,27811.0,14230,14072,207,116,42,13581.0,13946.0,IVAN CEPEDA,1,6856,0.4872086412734508,ABELARDO DE LA ESPRIELLA,4.0,6093.0,0.4329874928936896,763.0,0.0542211483797612,RESERVA_DEFINIBLE
28,280,SUCRE,SUCRE,21493.0,9694,9626,98,28,40,11799.0,11965.0,ABELARDO DE LA ESPRIELLA,4,4774,0.4959484728859339,IVAN CEPEDA,1.0,3764.0,0.3910243091626844,1010.0,0.1049241637232495,VENTAJA_DEFENDIBLE
28,300,SUCRE,TOLU,26275.0,13953,13801,177,119,33,12322.0,12651.0,IVAN CEPEDA,1,10148,0.7353090355771321,ABELARDO DE LA ESPRIELLA,4.0,2946.0,0.2134627925512644,7202.0,0.5218462430258677,CONSOLIDADO
28,320,SUCRE,TOLUVIEJO,21678.0,11808,11717,137,59,32,9870.0,10098.0,IVAN CEPEDA,1,7028,0.5998122386276351,ABELARDO DE LA ESPRIELLA,4.0,4034.0,0.3442860800546214,2994.0,0.2555261585730136,CONSOLIDADO
29,1,TOLIMA,IBAGUE,474707.0,309213,304909,5363,3928,376,165494.0,175161.0,ABELARDO DE LA ESPRIELLA,4,141360,0.463613733933731,IVAN CEPEDA,1.0,109574.0,0.3593662371396056,31786.0,0.1042474967941254,VENTAJA_DEFENDIBLE
29,4,TOLIMA,ALPUJARRA,3744.0,2135,2114,30,18,3,1609.0,1660.0,ABELARDO DE LA ESPRIELLA,4,1153,0.5454115421002839,PALOMA VALENCIA,11.0,465.0,0.2199621570482497,688.0,0.3254493850520341,CONSOLIDADO
29,7,TOLIMA,ALVARADO,9155.0,4777,4699,61,62,16,4378.0,4517.0,ABELARDO DE LA ESPRIELLA,4,2028,0.4315811874866993,IVAN CEPEDA,1.0,1935.0,0.4117897424984039,93.0,0.0197914449882953,BISAGRA
29,10,TOLIMA,AMBALEMA,6596.0,3432,3372,47,55,5,3164.0,3271.0,IVAN CEPEDA,1,1623,0.4813167259786476,ABELARDO DE LA ESPRIELLA,4.0,1307.0,0.3876037959667853,316.0,0.0937129300118623,RESERVA_DEFINIBLE
29,13,TOLIMA,ANZOATEGUI,8737.0,3893,3838,68,39,16,4844.0,4967.0,ABELARDO DE LA ESPRIELLA,4,2077,0.541167274622199,IVAN CEPEDA,1.0,894.0,0.2329338196977592,1183.0,0.3082334549244397,CONSOLIDADO
29,16,TOLIMA,ARMERO (GUAYABAL),10533.0,5790,5668,90,106,16,4743.0,4955.0,IVAN CEPEDA,1,2853,0.5033521524347212,ABELARDO DE LA ESPRIELLA,4.0,2143.0,0.3780875088214537,710.0,0.1252646436132674,VENTAJA_DEFENDIBLE
29,19,TOLIMA,ATACO,16727.0,7600,7489,86,70,41,9127.0,9324.0,ABELARDO DE LA ESPRIELLA,4,4326,0.5776472159166778,IVAN CEPEDA,1.0,1413.0,0.1886767258646014,2913.0,0.3889704900520764,CONSOLIDADO
29,22,TOLIMA,CAJAMARCA,17085.0,9059,8884,217,135,40,8026.0,8418.0,ABELARDO DE LA ESPRIELLA,4,4531,0.510018009905448,IVAN CEPEDA,1.0,2900.0,0.3264295362449347,1631.0,0.1835884736605132,VENTAJA_DEFENDIBLE
29,25,TOLIMA,CARMEN DE APICALA,10551.0,6242,6174,100,58,10,4309.0,4477.0,ABELARDO DE LA ESPRIELLA,4,3222,0.521865889212828,IVAN CEPEDA,1.0,1592.0,0.2578555231616456,1630.0,0.2640103660511823,CONSOLIDADO
29,28,TOLIMA,CASABIANCA,5738.0,2856,2799,64,35,22,2882.0,3003.0,ABELARDO DE LA ESPRIELLA,4,1462,0.5223294033583422,IVAN CEPEDA,1.0,597.0,0.2132904608788853,865.0,0.3090389424794569,CONSOLIDADO
29,31,TOLIMA,COELLO,8510.0,4984,4917,42,53,14,3526.0,3635.0,IVAN CEPEDA,1,2446,0.4974577994712223,ABELARDO DE LA ESPRIELLA,4.0,1926.0,0.3917022574740695,520.0,0.1057555419971527,VENTAJA_DEFENDIBLE
29,34,TOLIMA,COYAIMA,18820.0,10056,9864,103,103,89,8764.0,9059.0,IVAN CEPEDA,1,5245,0.5317315490673155,ABELARDO DE LA ESPRIELLA,4.0,3302.0,0.3347526358475263,1943.0,0.1969789132197891,VENTAJA_DEFENDIBLE
29,37,TOLIMA,CUNDAY,7130.0,3913,3878,34,25,10,3217.0,3286.0,ABELARDO DE LA ESPRIELLA,4,2312,0.596183599793708,IVAN CEPEDA,1.0,730.0,0.18824136152656,1582.0,0.407942238267148,CONSOLIDADO
29,40,TOLIMA,CHAPARRAL,41788.0,19268,18909,411,261,98,22520.0,23290.0,ABELARDO DE LA ESPRIELLA,4,9146,0.4836850177164313,IVAN CEPEDA,1.0,6450.0,0.3411074091702364,2696.0,0.1425776085461949,VENTAJA_DEFENDIBLE
29,43,TOLIMA,DOLORES,7145.0,3946,3904,34,34,8,3199.0,3275.0,ABELARDO DE LA ESPRIELLA,4,2544,0.6516393442622951,IVAN CEPEDA,1.0,784.0,0.2008196721311475,1760.0,0.4508196721311475,CONSOLIDADO
29,46,TOLIMA,ESPINAL,59928.0,39568,38838,735,631,99,20360.0,21825.0,ABELARDO DE LA ESPRIELLA,4,17320,0.4459549925330861,IVAN CEPEDA,1.0,13830.0,0.3560945465780936,3490.0,0.0898604459549924,RESERVA_DEFINIBLE
29,49,TOLIMA,FALAN,6311.0,3497,3419,56,63,15,2814.0,2948.0,ABELARDO DE LA ESPRIELLA,4,1518,0.4439894706054402,IVAN CEPEDA,1.0,1268.0,0.3708686750511845,250.0,0.0731207955542556,RESERVA_DEFINIBLE
29,52,TOLIMA,FLANDES,20068.0,12153,11934,204,195,24,7915.0,8338.0,ABELARDO DE LA ESPRIELLA,4,5385,0.4512317747611865,IVAN CEPEDA,1.0,4797.0,0.4019607843137255,588.0,0.049270990447461,BISAGRA
29,55,TOLIMA,FRESNO,28491.0,14631,14297,321,263,71,13860.0,14515.0,ABELARDO DE LA ESPRIELLA,4,6891,0.4819892285094775,IVAN CEPEDA,1.0,3561.0,0.2490732321466041,3330.0,0.2329159963628733,VENTAJA_DEFENDIBLE
29,58,TOLIMA,GUAMO,26471.0,15540,15257,246,219,64,10931.0,11460.0,ABELARDO DE LA ESPRIELLA,4,7665,0.5023923444976076,IVAN CEPEDA,1.0,4125.0,0.270367700072098,3540.0,0.2320246444255095,CONSOLIDADO
29,61,TOLIMA,HERVEO,5720.0,2994,2933,52,48,13,2726.0,2839.0,ABELARDO DE LA ESPRIELLA,4,1704,0.5809751108080464,IVAN CEPEDA,1.0,592.0,0.2018411183088987,1112.0,0.3791339924991477,CONSOLIDADO
29,64,TOLIMA,HONDA,22411.0,13122,12907,188,188,27,9289.0,9692.0,IVAN CEPEDA,1,5755,0.4458820794917487,ABELARDO DE LA ESPRIELLA,4.0,5405.0,0.418765011234214,350.0,0.0271170682575346,BISAGRA
29,67,TOLIMA,ICONONZO,9467.0,5450,5384,91,50,16,4017.0,4174.0,IVAN CEPEDA,1,2414,0.4483655274888559,ABELARDO DE LA ESPRIELLA,4.0,2109.0,0.3917161961367013,305.0,0.0566493313521545,RESERVA_DEFINIBLE
29,70,TOLIMA,LERIDA,15583.0,8615,8490,130,112,13,6968.0,7223.0,IVAN CEPEDA,1,4377,0.515547703180212,ABELARDO DE LA ESPRIELLA,4.0,2913.0,0.3431095406360424,1464.0,0.1724381625441696,VENTAJA_DEFENDIBLE
29,73,TOLIMA,LIBANO,34080.0,18381,17897,340,428,56,15699.0,16523.0,IVAN CEPEDA,1,8501,0.4749958093535229,ABELARDO DE LA ESPRIELLA,4.0,6087.0,0.3401128680784489,2414.0,0.134882941275074,VENTAJA_DEFENDIBLE
29,76,TOLIMA,MARIQUITA,30400.0,17208,16746,394,398,64,13192.0,14048.0,ABELARDO DE LA ESPRIELLA,4,7507,0.448286157888451,IVAN CEPEDA,1.0,6437.0,0.3843903021617103,1070.0,0.0638958557267407,RESERVA_DEFINIBLE
29,79,TOLIMA,MELGAR,32868.0,19925,19657,322,245,23,12943.0,13533.0,ABELARDO DE LA ESPRIELLA,4,11627,0.591494124230554,IVAN CEPEDA,1.0,5201.0,0.2645876786895254,6426.0,0.3269064455410286,CONSOLIDADO
29,80,TOLIMA,MURILLO,3744.0,1629,1585,33,38,6,2115.0,2192.0,ABELARDO DE LA ESPRIELLA,4,657,0.4145110410094637,IVAN CEPEDA,1.0,535.0,0.3375394321766561,122.0,0.0769716088328075,RESERVA_DEFINIBLE
29,82,TOLIMA,NATAGAIMA,14847.0,7645,7547,87,70,28,7202.0,7387.0,IVAN CEPEDA,1,3943,0.522459255333245,ABELARDO DE LA ESPRIELLA,4.0,2524.0,0.334437524844309,1419.0,0.188021730488936,VENTAJA_DEFENDIBLE
29,85,TOLIMA,ORTEGA,23599.0,11703,11455,165,166,82,11896.0,12309.0,ABELARDO DE LA ESPRIELLA,4,5056,0.4413793103448276,IVAN CEPEDA,1.0,4172.0,0.364207769532955,884.0,0.0771715408118725,RESERVA_DEFINIBLE
29,87,TOLIMA,PALOCABILDO,8607.0,4304,4237,74,50,17,4303.0,4444.0,ABELARDO DE LA ESPRIELLA,4,2160,0.5097946660372905,IVAN CEPEDA,1.0,1317.0,0.3108331366532924,843.0,0.198961529383998,VENTAJA_DEFENDIBLE
29,88,TOLIMA,PIEDRAS,5682.0,3200,3161,56,30,9,2482.0,2577.0,ABELARDO DE LA ESPRIELLA,4,1421,0.4495412844036697,IVAN CEPEDA,1.0,1374.0,0.4346725719708952,47.0,0.0148687124327744,BISAGRA
29,89,TOLIMA,PLANADAS,24559.0,10538,10293,263,175,70,14021.0,14529.0,ABELARDO DE LA ESPRIELLA,4,4800,0.4663363450888954,IVAN CEPEDA,1.0,3475.0,0.3376080831633148,1325.0,0.1287282619255805,VENTAJA_DEFENDIBLE
29,91,TOLIMA,PRADO,7879.0,4262,4216,45,34,12,3617.0,3708.0,ABELARDO DE LA ESPRIELLA,4,2523,0.5984345351043643,IVAN CEPEDA,1.0,1111.0,0.2635199240986717,1412.0,0.3349146110056925,CONSOLIDADO
29,94,TOLIMA,PURIFICACION,20378.0,12176,11980,192,166,30,8202.0,8590.0,ABELARDO DE LA ESPRIELLA,4,5234,0.4368948247078464,IVAN CEPEDA,1.0,4918.0,0.4105175292153589,316.0,0.0263772954924874,BISAGRA
29,97,TOLIMA,RIOBLANCO,18185.0,6780,6633,174,94,53,11405.0,11726.0,ABELARDO DE LA ESPRIELLA,4,3562,0.5370119101462385,IVAN CEPEDA,1.0,1723.0,0.2597617970752299,1839.0,0.2772501130710086,CONSOLIDADO
29,100,TOLIMA,RONCESVALLES,4407.0,1892,1857,53,28,7,2515.0,2603.0,ABELARDO DE LA ESPRIELLA,4,1114,0.5998922994076468,IVAN CEPEDA,1.0,377.0,0.2030156165858912,737.0,0.3968766828217555,CONSOLIDADO
29,103,TOLIMA,ROVIRA,21600.0,10023,9861,193,132,30,11577.0,11932.0,ABELARDO DE LA ESPRIELLA,4,5659,0.5738768887536762,IVAN CEPEDA,1.0,1952.0,0.1979515262143799,3707.0,0.3759253625392962,CONSOLIDADO
29,105,TOLIMA,SALDAÑA,13007.0,7539,7418,132,92,29,5468.0,5721.0,ABELARDO DE LA ESPRIELLA,4,3730,0.5028309517390133,IVAN CEPEDA,1.0,2234.0,0.3011593421407387,1496.0,0.2016716095982745,CONSOLIDADO
29,106,TOLIMA,SAN ANTONIO,10723.0,5187,5091,63,69,27,5536.0,5695.0,ABELARDO DE LA ESPRIELLA,4,2786,0.547240227853074,IVAN CEPEDA,1.0,1165.0,0.2288351993714397,1621.0,0.3184050284816342,CONSOLIDADO
29,109,TOLIMA,SAN LUIS,12259.0,7344,7240,86,82,22,4915.0,5105.0,ABELARDO DE LA ESPRIELLA,4,4568,0.630939226519337,IVAN CEPEDA,1.0,1553.0,0.2145027624309392,3015.0,0.4164364640883977,CONSOLIDADO
29,112,TOLIMA,SANTA ISABEL,5728.0,2603,2562,40,31,10,3125.0,3206.0,ABELARDO DE LA ESPRIELLA,4,1446,0.5644028103044496,IVAN CEPEDA,1.0,516.0,0.2014051522248243,930.0,0.3629976580796252,CONSOLIDADO
29,115,TOLIMA,SUAREZ,4811.0,2743,2707,37,25,11,2068.0,2141.0,ABELARDO DE LA ESPRIELLA,4,1472,0.5437753971185815,IVAN CEPEDA,1.0,697.0,0.2574806058367196,775.0,0.2862947912818618,CONSOLIDADO
29,118,TOLIMA,VALLE DE SAN JUAN,4824.0,2821,2788,27,19,14,2003.0,2063.0,ABELARDO DE LA ESPRIELLA,4,1674,0.6004304160688666,PALOMA VALENCIA,11.0,525.0,0.1883070301291248,1149.0,0.4121233859397418,CONSOLIDADO
29,121,TOLIMA,VENADILLO,11870.0,6454,6341,89,90,23,5416.0,5618.0,ABELARDO DE LA ESPRIELLA,4,2842,0.4481942911212742,IVAN CEPEDA,1.0,2527.0,0.3985175839772906,315.0,0.0496767071439835,BISAGRA
29,124,TOLIMA,VILLAHERMOSA,7010.0,3357,3286,84,48,23,3653.0,3808.0,ABELARDO DE LA ESPRIELLA,4,1214,0.3694461351186853,PALOMA VALENCIA,11.0,1006.0,0.3061472915398661,208.0,0.0632988435788192,RESERVA_DEFINIBLE
29,127,TOLIMA,VILLARRICA,5150.0,2801,2776,36,20,5,2349.0,2410.0,ABELARDO DE LA ESPRIELLA,4,1769,0.6372478386167147,IVAN CEPEDA,1.0,569.0,0.2049711815561959,1200.0,0.4322766570605187,CONSOLIDADO
31,1,VALLE,CALI,1839148.0,1063418,1053010,20282,9087,1321,775730.0,806420.0,IVAN CEPEDA,1,541270,0.5140217091955442,ABELARDO DE LA ESPRIELLA,4.0,371718.0,0.3530051946325296,169552.0,0.1610165145630146,VENTAJA_DEFENDIBLE
31,4,VALLE,ALCALA,12604.0,6412,6258,108,122,32,6192.0,6454.0,ABELARDO DE LA ESPRIELLA,4,2833,0.4527005433045701,IVAN CEPEDA,1.0,2456.0,0.3924576542026206,377.0,0.0602428891019495,RESERVA_DEFINIBLE
31,7,VALLE,ANDALUCIA,19976.0,10949,10811,177,116,22,9027.0,9342.0,IVAN CEPEDA,1,5969,0.5521228378503377,ABELARDO DE LA ESPRIELLA,4.0,3604.0,0.3333641661270928,2365.0,0.2187586717232448,CONSOLIDADO
31,10,VALLE,ANSERMANUEVO,18690.0,8531,8358,162,131,42,10159.0,10494.0,ABELARDO DE LA ESPRIELLA,4,3422,0.4094280928451783,IVAN CEPEDA,1.0,2708.0,0.3240009571667863,714.0,0.085427135678392,RESERVA_DEFINIBLE
31,13,VALLE,ARGELIA,5755.0,2772,2729,32,36,7,2983.0,3058.0,ABELARDO DE LA ESPRIELLA,4,1357,0.4972517405643092,PALOMA VALENCIA,11.0,621.0,0.2275558812751923,736.0,0.2696958592891169,VENTAJA_DEFENDIBLE
31,16,VALLE,BOLIVAR,13234.0,7251,7165,101,71,15,5983.0,6170.0,ABELARDO DE LA ESPRIELLA,4,3376,0.4711793440334961,IVAN CEPEDA,1.0,2275.0,0.3175157013258897,1101.0,0.1536636427076064,VENTAJA_DEFENDIBLE
31,19,VALLE,BUENAVENTURA,233201.0,91352,89716,1233,1395,241,141849.0,144718.0,IVAN CEPEDA,1,72065,0.8032569441348254,ABELARDO DE LA ESPRIELLA,4.0,10788.0,0.1202461099469437,61277.0,0.6830108341878817,CONSOLIDADO
31,22,VALLE,BUGA,109762.0,65520,64729,1188,695,96,44242.0,46221.0,IVAN CEPEDA,1,36630,0.5658978201424401,ABELARDO DE LA ESPRIELLA,4.0,20612.0,0.3184353226529067,16018.0,0.2474624974895333,CONSOLIDADO
31,25,VALLE,BUGALAGRANDE,20937.0,12077,11935,177,112,30,8860.0,9179.0,IVAN CEPEDA,1,7580,0.6351068286552157,ABELARDO DE LA ESPRIELLA,4.0,3123.0,0.2616673648931713,4457.0,0.3734394637620444,CONSOLIDADO
31,28,VALLE,CAICEDONIA,27415.0,14286,13933,267,297,56,13129.0,13749.0,ABELARDO DE LA ESPRIELLA,4,6695,0.4805138878920548,IVAN CEPEDA,1.0,4478.0,0.32139524869016,2217.0,0.1591186392018947,VENTAJA_DEFENDIBLE
31,31,VALLE,CANDELARIA,89247.0,54990,54085,1127,809,96,34257.0,36289.0,IVAN CEPEDA,1,36468,0.6742719792918555,ABELARDO DE LA ESPRIELLA,4.0,11821.0,0.2185633724692613,24647.0,0.455708606822594,CONSOLIDADO
31,34,VALLE,CARTAGO,122213.0,66940,65738,1346,1040,162,55273.0,57821.0,ABELARDO DE LA ESPRIELLA,4,30265,0.4603882077337308,IVAN CEPEDA,1.0,24806.0,0.3773464358514101,5459.0,0.0830417718823207,RESERVA_DEFINIBLE
31,37,VALLE,DAGUA,38323.0,19601,19279,407,255,67,18722.0,19451.0,IVAN CEPEDA,1,9228,0.4786555319259297,ABELARDO DE LA ESPRIELLA,4.0,7193.0,0.3731002645365423,2035.0,0.1055552673893874,VENTAJA_DEFENDIBLE
31,40,VALLE,CALIMA (DARIEN),15587.0,8513,8344,206,138,31,7074.0,7449.0,IVAN CEPEDA,1,3637,0.435882070949185,ABELARDO DE LA ESPRIELLA,4.0,3579.0,0.4289309683604985,58.0,0.0069511025886864,BISAGRA
31,43,VALLE,EL AGUILA,7643.0,3765,3696,82,52,17,3878.0,4029.0,ABELARDO DE LA ESPRIELLA,4,1927,0.5213744588744589,PALOMA VALENCIA,11.0,762.0,0.2061688311688311,1165.0,0.3152056277056277,CONSOLIDADO
31,46,VALLE,EL CAIRO,6468.0,2842,2784,55,38,20,3626.0,3739.0,ABELARDO DE LA ESPRIELLA,4,1311,0.4709051724137931,IVAN CEPEDA,1.0,739.0,0.2654454022988505,572.0,0.2054597701149425,VENTAJA_DEFENDIBLE
31,49,VALLE,EL CERRITO,56109.0,31582,31177,500,354,51,24527.0,25432.0,IVAN CEPEDA,1,20795,0.6669981075793052,ABELARDO DE LA ESPRIELLA,4.0,7562.0,0.2425505981973891,13233.0,0.4244475093819161,CONSOLIDADO
31,52,VALLE,EL DOVIO,10555.0,5289,5161,130,98,30,5266.0,5524.0,ABELARDO DE LA ESPRIELLA,4,2646,0.5126913388878125,IVAN CEPEDA,1.0,1627.0,0.3152489827552799,1019.0,0.1974423561325325,VENTAJA_DEFENDIBLE
31,55,VALLE,FLORIDA,54892.0,31818,31380,475,387,51,23074.0,23987.0,IVAN CEPEDA,1,22399,0.7137985978330147,ABELARDO DE LA ESPRIELLA,4.0,6025.0,0.1920012746972594,16374.0,0.5217973231357553,CONSOLIDADO
31,58,VALLE,GINEBRA,19287.0,11195,11030,220,141,24,8092.0,8477.0,IVAN CEPEDA,1,5636,0.5109700815956483,ABELARDO DE LA ESPRIELLA,4.0,3920.0,0.3553943789664551,1716.0,0.1555757026291931,VENTAJA_DEFENDIBLE
31,61,VALLE,GUACARI,30395.0,17813,17574,286,218,21,12582.0,13107.0,IVAN CEPEDA,1,11944,0.6796403778308865,ABELARDO DE LA ESPRIELLA,4.0,3866.0,0.2199840673722544,8078.0,0.459656310458632,CONSOLIDADO
31,64,VALLE,JAMUNDI,132159.0,82296,80922,1807,1175,199,49863.0,53044.0,IVAN CEPEDA,1,45076,0.5570302266379971,ABELARDO DE LA ESPRIELLA,4.0,25922.0,0.3203331603272287,19154.0,0.2366970663107683,CONSOLIDADO
31,67,VALLE,LA CUMBRE,14324.0,8090,7990,160,78,22,6234.0,6494.0,IVAN CEPEDA,1,3864,0.48360450563204,ABELARDO DE LA ESPRIELLA,4.0,2973.0,0.372090112640801,891.0,0.111514392991239,VENTAJA_DEFENDIBLE
31,70,VALLE,LA UNION,28211.0,16524,16123,337,344,57,11687.0,12425.0,ABELARDO DE LA ESPRIELLA,4,9339,0.5792346337530236,IVAN CEPEDA,1.0,3996.0,0.2478446939155244,5343.0,0.3313899398374992,CONSOLIDADO
31,73,VALLE,LA VICTORIA,11566.0,6236,6134,130,85,17,5330.0,5562.0,ABELARDO DE LA ESPRIELLA,4,3343,0.5449951092272579,IVAN CEPEDA,1.0,1816.0,0.2960547766547114,1527.0,0.2489403325725464,CONSOLIDADO
31,76,VALLE,OBANDO,10871.0,5402,5265,79,111,26,5469.0,5685.0,IVAN CEPEDA,1,2772,0.5264957264957265,ABELARDO DE LA ESPRIELLA,4.0,1783.0,0.3386514719848053,989.0,0.1878442545109211,VENTAJA_DEFENDIBLE
31,79,VALLE,PALMIRA,289345.0,165881,163830,3436,1780,271,123464.0,128951.0,IVAN CEPEDA,1,90115,0.5500518830495026,ABELARDO DE LA ESPRIELLA,4.0,52511.0,0.320521272050296,37604.0,0.2295306109992065,CONSOLIDADO
31,82,VALLE,PRADERA,42523.0,23537,23144,430,333,60,18986.0,19809.0,IVAN CEPEDA,1,16082,0.6948669201520913,ABELARDO DE LA ESPRIELLA,4.0,4855.0,0.2097735914275838,11227.0,0.4850933287245075,CONSOLIDADO
31,85,VALLE,RESTREPO,16292.0,8048,7879,149,148,21,8244.0,8562.0,ABELARDO DE LA ESPRIELLA,4,3543,0.4496763548673689,IVAN CEPEDA,1.0,3354.0,0.425688539154715,189.0,0.0239878157126539,BISAGRA
31,88,VALLE,RIOFRIO,15993.0,8419,8259,114,123,37,7574.0,7848.0,ABELARDO DE LA ESPRIELLA,4,3460,0.4189369173023368,IVAN CEPEDA,1.0,3432.0,0.4155466763530693,28.0,0.0033902409492674,BISAGRA
31,91,VALLE,ROLDANILLO,31529.0,19494,19202,333,254,38,12035.0,12660.0,ABELARDO DE LA ESPRIELLA,4,8798,0.4581814394333923,IVAN CEPEDA,1.0,7297.0,0.3800124986980522,1501.0,0.07816894073534,RESERVA_DEFINIBLE
31,94,VALLE,SAN PEDRO,15255.0,8368,8239,140,103,26,6887.0,7156.0,IVAN CEPEDA,1,4290,0.520694259012016,ABELARDO DE LA ESPRIELLA,4.0,2897.0,0.3516203422745478,1393.0,0.1690739167374682,VENTAJA_DEFENDIBLE
31,97,VALLE,SEVILLA,37664.0,19252,18725,362,425,102,18412.0,19301.0,IVAN CEPEDA,1,7716,0.4120694259012016,ABELARDO DE LA ESPRIELLA,4.0,7471.0,0.3989853137516689,245.0,0.0130841121495327,BISAGRA
31,100,VALLE,TORO,12816.0,6250,6109,118,114,27,6566.0,6825.0,ABELARDO DE LA ESPRIELLA,4,3042,0.4979538385987886,IVAN CEPEDA,1.0,1608.0,0.2632182026518251,1434.0,0.2347356359469635,VENTAJA_DEFENDIBLE
31,103,VALLE,TRUJILLO,16797.0,8816,8643,151,136,37,7981.0,8305.0,ABELARDO DE LA ESPRIELLA,4,4086,0.4727525164873308,IVAN CEPEDA,1.0,2863.0,0.3312507231285433,1223.0,0.1415017933587875,VENTAJA_DEFENDIBLE
31,106,VALLE,TULUA,173667.0,99660,98087,1960,1404,169,74007.0,77540.0,IVAN CEPEDA,1,43107,0.4394771988132984,ABELARDO DE LA ESPRIELLA,4.0,41369.0,0.4217582350362433,1738.0,0.017718963777055,BISAGRA
31,109,VALLE,ULLOA,5383.0,2622,2558,44,46,18,2761.0,2869.0,IVAN CEPEDA,1,1081,0.4225957779515246,ABELARDO DE LA ESPRIELLA,4.0,992.0,0.3878029710711493,89.0,0.0347928068803752,BISAGRA
31,112,VALLE,VERSALLES,7419.0,3802,3739,61,46,17,3617.0,3741.0,ABELARDO DE LA ESPRIELLA,4,2086,0.5579031826691628,IVAN CEPEDA,1.0,788.0,0.2107515378443434,1298.0,0.3471516448248194,CONSOLIDADO
31,115,VALLE,VIJES,11456.0,6494,6415,98,65,14,4962.0,5139.0,IVAN CEPEDA,1,3828,0.5967264224473889,ABELARDO DE LA ESPRIELLA,4.0,1591.0,0.248012470771629,2237.0,0.3487139516757599,CONSOLIDADO
31,118,VALLE,YOTOCO,15667.0,8483,8325,156,129,29,7184.0,7498.0,IVAN CEPEDA,1,4636,0.5568768768768769,ABELARDO DE LA ESPRIELLA,4.0,2680.0,0.3219219219219219,1956.0,0.234954954954955,CONSOLIDADO
31,121,VALLE,YUMBO,112799.0,66046,65405,1035,536,105,46753.0,48429.0,IVAN CEPEDA,1,44723,0.6837856432994419,ABELARDO DE LA ESPRIELLA,4.0,14169.0,0.2166348138521519,30554.0,0.4671508294472899,CONSOLIDADO
31,124,VALLE,ZARZAL,40013.0,22601,22316,336,248,37,17412.0,18033.0,IVAN CEPEDA,1,13457,0.6030202545259007,ABELARDO DE LA ESPRIELLA,4.0,6356.0,0.2848180677540778,7101.0,0.3182021867718229,CONSOLIDADO
40,1,ARAUCA,ARAUCA,81993.0,35855,35371,680,419,65,46138.0,47302.0,ABELARDO DE LA ESPRIELLA,4,22710,0.6420513980379406,IVAN CEPEDA,1.0,7194.0,0.2033869554154533,15516.0,0.4386644426224872,CONSOLIDADO
40,5,ARAUCA,TAME,39412.0,20113,19696,598,311,106,19299.0,20314.0,ABELARDO DE LA ESPRIELLA,4,10658,0.5411251015434606,IVAN CEPEDA,1.0,5972.0,0.3032087733549959,4686.0,0.2379163281884646,CONSOLIDADO
40,10,ARAUCA,ARAUQUITA,36419.0,14684,14270,485,331,83,21735.0,22634.0,IVAN CEPEDA,1,7671,0.5375613174491941,ABELARDO DE LA ESPRIELLA,4.0,4931.0,0.3455501051156271,2740.0,0.1920112123335669,VENTAJA_DEFENDIBLE
40,15,ARAUCA,CRAVO NORTE,3703.0,1350,1333,26,16,1,2353.0,2396.0,ABELARDO DE LA ESPRIELLA,4,976,0.7321830457614403,IVAN CEPEDA,1.0,242.0,0.1815453863465866,734.0,0.5506376594148537,VENTAJA_DEFENDIBLE
40,17,ARAUCA,FORTUL,13973.0,6393,6189,183,163,41,7580.0,7967.0,IVAN CEPEDA,1,3869,0.6251413798675068,ABELARDO DE LA ESPRIELLA,4.0,1628.0,0.2630473420584909,2241.0,0.3620940378090159,CONSOLIDADO
40,20,ARAUCA,PUERTO RONDON,3906.0,1591,1575,24,11,5,2315.0,2355.0,ABELARDO DE LA ESPRIELLA,4,1146,0.7276190476190476,IVAN CEPEDA,1.0,225.0,0.1428571428571428,921.0,0.5847619047619048,CONSOLIDADO
40,25,ARAUCA,SARAVENA,41399.0,20743,20253,583,409,81,20656.0,21729.0,IVAN CEPEDA,1,8924,0.4406260800869007,ABELARDO DE LA ESPRIELLA,4.0,8564.0,0.4228509356638523,360.0,0.0177751444230483,BISAGRA
44,1,CAQUETA,FLORENCIA,137546.0,79329,78308,1525,877,144,58217.0,60763.0,ABELARDO DE LA ESPRIELLA,4,41108,0.5249527506768147,IVAN CEPEDA,1.0,26756.0,0.3416764570669663,14352.0,0.1832762936098483,VENTAJA_DEFENDIBLE
44,2,CAQUETA,ALBANIA,4517.0,2336,2295,48,34,7,2181.0,2270.0,ABELARDO DE LA ESPRIELLA,4,1420,0.6187363834422658,IVAN CEPEDA,1.0,594.0,0.2588235294117647,826.0,0.359912854030501,CONSOLIDADO
44,3,CAQUETA,CARTAGENA DEL CHAIRA,24852.0,13436,12795,747,450,191,11416.0,12804.0,IVAN CEPEDA,1,6593,0.5152794060179757,ABELARDO DE LA ESPRIELLA,4.0,3953.0,0.308948808128175,2640.0,0.2063305978898006,CONSOLIDADO
44,4,CAQUETA,BELEN DE LOS ANDAQUIES,8465.0,4336,4239,91,76,21,4129.0,4317.0,ABELARDO DE LA ESPRIELLA,4,2490,0.5874026893135174,IVAN CEPEDA,1.0,1287.0,0.3036093418259023,1203.0,0.283793347487615,CONSOLIDADO
44,5,CAQUETA,EL DONCELLO,15988.0,8280,8099,269,140,41,7708.0,8158.0,ABELARDO DE LA ESPRIELLA,4,4301,0.5310532164464749,IVAN CEPEDA,1.0,2624.0,0.3239906161254476,1677.0,0.2070626003210272,CONSOLIDADO
44,6,CAQUETA,EL PAUJIL,11590.0,5899,5764,201,96,39,5691.0,6027.0,ABELARDO DE LA ESPRIELLA,4,2531,0.4391047883414296,IVAN CEPEDA,1.0,2492.0,0.4323386537126995,39.0,0.00676613462873,BISAGRA
44,7,CAQUETA,LA MONTAÑITA,12574.0,6259,6151,140,74,34,6315.0,6563.0,IVAN CEPEDA,1,3482,0.5660868151520078,ABELARDO DE LA ESPRIELLA,4.0,2032.0,0.330352788164526,1450.0,0.2357340269874817,CONSOLIDADO
44,9,CAQUETA,PUERTO RICO,19878.0,10168,9917,369,182,69,9710.0,10330.0,ABELARDO DE LA ESPRIELLA,4,4853,0.4893617021276595,IVAN CEPEDA,1.0,3682.0,0.3712816375920137,1171.0,0.1180800645356458,VENTAJA_DEFENDIBLE
44,10,CAQUETA,SAN VICENTE DEL CAGUAN,42016.0,24447,23742,996,509,196,17569.0,19270.0,IVAN CEPEDA,1,11114,0.4681155757728919,ABELARDO DE LA ESPRIELLA,4.0,9241.0,0.3892258444949877,1873.0,0.0788897312779041,RESERVA_DEFINIBLE
44,12,CAQUETA,CURILLO,7736.0,2910,2851,82,42,17,4826.0,4967.0,ABELARDO DE LA ESPRIELLA,4,1475,0.5173623290073658,IVAN CEPEDA,1.0,988.0,0.3465450719045949,487.0,0.1708172571027709,VENTAJA_DEFENDIBLE
44,16,CAQUETA,MILAN,6745.0,2571,2538,64,26,7,4174.0,4271.0,IVAN CEPEDA,1,1204,0.4743892828999212,ABELARDO DE LA ESPRIELLA,4.0,1123.0,0.4424743892828999,81.0,0.0319148936170213,BISAGRA
44,17,CAQUETA,MORELIA,3975.0,1981,1840,24,14,127,1994.0,2159.0,ABELARDO DE LA ESPRIELLA,4,1234,0.6706521739130434,IVAN CEPEDA,1.0,386.0,0.2097826086956521,848.0,0.4608695652173912,CONSOLIDADO
44,20,CAQUETA,SAN JOSE DEL FRAGUA,10807.0,5241,5130,134,77,34,5566.0,5811.0,ABELARDO DE LA ESPRIELLA,4,2568,0.5005847953216375,IVAN CEPEDA,1.0,1930.0,0.3762183235867446,638.0,0.1243664717348928,VENTAJA_DEFENDIBLE
44,22,CAQUETA,SOLANO,8884.0,3076,3003,102,44,29,5808.0,5983.0,IVAN CEPEDA,1,2005,0.6676656676656677,ABELARDO DE LA ESPRIELLA,4.0,729.0,0.2427572427572427,1276.0,0.4249084249084249,CONSOLIDADO
44,24,CAQUETA,SOLITA,6175.0,2341,2282,107,37,22,3834.0,4000.0,ABELARDO DE LA ESPRIELLA,4,1227,0.5376862401402279,IVAN CEPEDA,1.0,744.0,0.3260297984224364,483.0,0.2116564417177914,CONSOLIDADO
44,40,CAQUETA,VALPARAISO,5670.0,2383,2342,46,29,12,3287.0,3374.0,ABELARDO DE LA ESPRIELLA,4,1498,0.6396242527754057,IVAN CEPEDA,1.0,587.0,0.2506404782237404,911.0,0.3889837745516653,CONSOLIDADO
46,1,CASANARE,YOPAL,135269.0,94609,93390,1671,1074,145,40660.0,43550.0,ABELARDO DE LA ESPRIELLA,4,54089,0.5791733590320163,IVAN CEPEDA,1.0,25755.0,0.2757789913266945,28334.0,0.3033943677053217,CONSOLIDADO
46,40,CASANARE,AGUAZUL,29666.0,21094,20581,404,471,42,8572.0,9489.0,ABELARDO DE LA ESPRIELLA,4,11764,0.5715951605850056,IVAN CEPEDA,1.0,5718.0,0.2778290656430688,6046.0,0.2937660949419367,CONSOLIDADO
46,120,CASANARE,CHAMEZA,1858.0,1269,1261,13,5,3,589.0,610.0,ABELARDO DE LA ESPRIELLA,4,835,0.662172878667724,IVAN CEPEDA,1.0,267.0,0.211736716891356,568.0,0.4504361617763679,VENTAJA_DEFENDIBLE
46,320,CASANARE,HATO COROZAL,7903.0,4808,4761,62,34,13,3095.0,3204.0,ABELARDO DE LA ESPRIELLA,4,3410,0.7162360848561227,IVAN CEPEDA,1.0,806.0,0.1692921655114471,2604.0,0.5469439193446755,CONSOLIDADO
46,480,CASANARE,LA SALINA,980.0,389,378,19,8,3,591.0,621.0,IVAN CEPEDA,1,229,0.6058201058201058,ABELARDO DE LA ESPRIELLA,4.0,109.0,0.2883597883597883,120.0,0.3174603174603174,VENTAJA_DEFENDIBLE
46,520,CASANARE,MANI,12056.0,7649,7516,145,114,19,4407.0,4685.0,ABELARDO DE LA ESPRIELLA,4,4699,0.6251995742416179,IVAN CEPEDA,1.0,1830.0,0.2434805747738158,2869.0,0.381718999467802,CONSOLIDADO
46,540,CASANARE,MONTERREY,12634.0,8832,8686,156,132,14,3802.0,4104.0,ABELARDO DE LA ESPRIELLA,4,5339,0.6146672806815565,IVAN CEPEDA,1.0,2032.0,0.2339396730370711,3307.0,0.3807276076444854,CONSOLIDADO
46,560,CASANARE,NUNCHIA,6567.0,4194,4152,42,22,20,2373.0,2457.0,ABELARDO DE LA ESPRIELLA,4,2990,0.7201348747591522,IVAN CEPEDA,1.0,566.0,0.1363198458574181,2424.0,0.5838150289017341,CONSOLIDADO
46,640,CASANARE,OROCUE,8906.0,5074,4985,86,61,28,3832.0,4007.0,ABELARDO DE LA ESPRIELLA,4,3199,0.6417251755265797,IVAN CEPEDA,1.0,1241.0,0.2489468405215646,1958.0,0.392778335005015,CONSOLIDADO
46,680,CASANARE,PAZ DE ARIPORO (MORENO),28280.0,17613,17374,267,183,56,10667.0,11173.0,ABELARDO DE LA ESPRIELLA,4,11987,0.6899389892943478,IVAN CEPEDA,1.0,3152.0,0.1814205134108437,8835.0,0.5085184758835041,CONSOLIDADO
46,700,CASANARE,PORE,8570.0,5200,5132,72,47,21,3370.0,3510.0,ABELARDO DE LA ESPRIELLA,4,3622,0.70576773187841,IVAN CEPEDA,1.0,847.0,0.1650428682774746,2775.0,0.5407248636009354,CONSOLIDADO
46,760,CASANARE,RECETOR,1216.0,793,781,11,8,4,423.0,446.0,ABELARDO DE LA ESPRIELLA,4,477,0.6107554417413572,IVAN CEPEDA,1.0,187.0,0.2394366197183098,290.0,0.3713188220230473,VENTAJA_DEFENDIBLE
46,800,CASANARE,SABANALARGA,2812.0,2002,1982,19,19,1,810.0,849.0,ABELARDO DE LA ESPRIELLA,4,1371,0.6917255297679112,IVAN CEPEDA,1.0,393.0,0.198284561049445,978.0,0.4934409687184662,CONSOLIDADO
46,815,CASANARE,SACAMA,1926.0,1102,1087,42,9,6,824.0,881.0,IVAN CEPEDA,1,621,0.5712971481140754,ABELARDO DE LA ESPRIELLA,4.0,312.0,0.2870285188592456,309.0,0.2842686292548297,VENTAJA_DEFENDIBLE
46,830,CASANARE,SAN LUIS DE PALENQUE,6647.0,4243,4201,63,23,19,2404.0,2509.0,ABELARDO DE LA ESPRIELLA,4,3127,0.7443465841466318,IVAN CEPEDA,1.0,533.0,0.1268745536776958,2594.0,0.6174720304689361,CONSOLIDADO
46,840,CASANARE,TAMARA,4612.0,2669,2627,43,20,22,1943.0,2028.0,ABELARDO DE LA ESPRIELLA,4,1684,0.6410354015987819,IVAN CEPEDA,1.0,469.0,0.1785306433193757,1215.0,0.4625047582794062,CONSOLIDADO
46,850,CASANARE,TAURAMENA,20292.0,14757,14514,261,215,28,5535.0,6039.0,ABELARDO DE LA ESPRIELLA,4,9652,0.6650130908088742,IVAN CEPEDA,1.0,3174.0,0.218685407193055,6478.0,0.4463276836158192,CONSOLIDADO
46,865,CASANARE,TRINIDAD,9930.0,5949,5887,74,49,13,3981.0,4117.0,ABELARDO DE LA ESPRIELLA,4,4167,0.7078308136572108,IVAN CEPEDA,1.0,946.0,0.160693052488534,3221.0,0.5471377611686767,CONSOLIDADO
46,880,CASANARE,VILLANUEVA,28649.0,20257,19647,455,569,41,8392.0,9457.0,ABELARDO DE LA ESPRIELLA,4,11281,0.5741843538453708,IVAN CEPEDA,1.0,5436.0,0.2766834631241411,5845.0,0.2975008907212297,CONSOLIDADO
48,1,LA GUAJIRA,RIOHACHA,155852.0,70779,69900,1277,717,162,85073.0,87229.0,IVAN CEPEDA,1,37453,0.5358082975679542,ABELARDO DE LA ESPRIELLA,4.0,26917.0,0.3850786838340486,10536.0,0.1507296137339056,VENTAJA_DEFENDIBLE
48,2,LA GUAJIRA,ALBANIA,22201.0,10030,9887,118,109,34,12171.0,12432.0,IVAN CEPEDA,1,7040,0.7120461211692121,ABELARDO DE LA ESPRIELLA,4.0,2387.0,0.2414281379589359,4653.0,0.4706179832102761,CONSOLIDADO
48,4,LA GUAJIRA,BARRANCAS,27356.0,12260,12190,120,61,9,15096.0,15286.0,IVAN CEPEDA,1,8124,0.666447908121411,ABELARDO DE LA ESPRIELLA,4.0,3419.0,0.280475799835931,4705.0,0.3859721082854799,CONSOLIDADO
48,5,LA GUAJIRA,DIBULLA,24486.0,8879,8789,124,48,42,15607.0,15821.0,IVAN CEPEDA,1,5527,0.6288542496302196,ABELARDO DE LA ESPRIELLA,4.0,2752.0,0.3131186710661053,2775.0,0.3157355785641142,CONSOLIDADO
48,6,LA GUAJIRA,EL MOLINO,9208.0,4285,4233,49,43,9,4923.0,5024.0,IVAN CEPEDA,1,2114,0.4994094023151429,ABELARDO DE LA ESPRIELLA,4.0,1926.0,0.4549964564138908,188.0,0.044412945901252,BISAGRA
48,7,LA GUAJIRA,FONSECA,32395.0,15163,15065,215,78,20,17232.0,17545.0,IVAN CEPEDA,1,9393,0.6234981745768338,ABELARDO DE LA ESPRIELLA,4.0,4835.0,0.3209425821440425,4558.0,0.3025555924327913,CONSOLIDADO
48,8,LA GUAJIRA,DISTRACCION,11585.0,4985,4948,59,25,12,6600.0,6696.0,IVAN CEPEDA,1,2764,0.5586095392077607,ABELARDO DE LA ESPRIELLA,4.0,1959.0,0.3959175424413904,805.0,0.1626919967663702,VENTAJA_DEFENDIBLE
48,9,LA GUAJIRA,HATONUEVO,16408.0,7266,7214,87,32,20,9142.0,9281.0,IVAN CEPEDA,1,5031,0.697393956196285,ABELARDO DE LA ESPRIELLA,4.0,1844.0,0.2556140837260882,3187.0,0.4417798724701968,CONSOLIDADO
48,10,LA GUAJIRA,MAICAO,141996.0,50548,49978,836,455,115,91448.0,92854.0,IVAN CEPEDA,1,25692,0.5140661891232142,ABELARDO DE LA ESPRIELLA,4.0,20966.0,0.4195045820160871,4726.0,0.0945616071071271,RESERVA_DEFINIBLE
48,11,LA GUAJIRA,MANAURE,63985.0,13466,13180,165,212,74,50519.0,50970.0,IVAN CEPEDA,1,7997,0.606752655538695,ABELARDO DE LA ESPRIELLA,4.0,3967.0,0.3009863429438543,4030.0,0.3057663125948406,CONSOLIDADO
48,12,LA GUAJIRA,LA JAGUA DEL PILAR,5367.0,2586,2556,40,23,7,2781.0,2851.0,IVAN CEPEDA,1,1435,0.5614241001564946,ABELARDO DE LA ESPRIELLA,4.0,992.0,0.3881064162754303,443.0,0.1733176838810642,VENTAJA_DEFENDIBLE
48,13,LA GUAJIRA,SAN JUAN DEL CESAR,36558.0,18906,18711,239,156,39,17652.0,18086.0,ABELARDO DE LA ESPRIELLA,4,10232,0.546844102399658,IVAN CEPEDA,1.0,7360.0,0.3933515044626156,2872.0,0.1534925979370424,VENTAJA_DEFENDIBLE
48,16,LA GUAJIRA,URIBIA,131218.0,22886,22269,295,445,172,108332.0,109244.0,IVAN CEPEDA,1,12551,0.5636086038888141,ABELARDO DE LA ESPRIELLA,4.0,8026.0,0.3604113341416318,4525.0,0.2031972697471822,CONSOLIDADO
48,18,LA GUAJIRA,URUMITA,9383.0,5345,5310,68,28,7,4038.0,4141.0,IVAN CEPEDA,1,3036,0.5717514124293785,ABELARDO DE LA ESPRIELLA,4.0,2087.0,0.3930320150659134,949.0,0.1787193973634651,VENTAJA_DEFENDIBLE
48,20,LA GUAJIRA,VILLANUEVA,20312.0,10080,9962,124,102,16,10232.0,10474.0,IVAN CEPEDA,1,5027,0.504617546677374,ABELARDO DE LA ESPRIELLA,4.0,4316.0,0.4332463360770929,711.0,0.071371210600281,RESERVA_DEFINIBLE
50,1,GUAINIA,INIRIDA,27879.0,9623,9524,200,71,28,18256.0,18555.0,IVAN CEPEDA,1,4926,0.5172196556068879,ABELARDO DE LA ESPRIELLA,4.0,3351.0,0.3518479630407392,1575.0,0.1653716925661487,VENTAJA_DEFENDIBLE
50,70,GUAINIA,BARRANCOMINAS,5484.0,1724,1700,25,10,14,3760.0,3809.0,IVAN CEPEDA,1,1457,0.8570588235294118,ABELARDO DE LA ESPRIELLA,4.0,124.0,0.0729411764705882,1333.0,0.7841176470588236,CONSOLIDADO
50,73,GUAINIA,CACAHUAL,265.0,41,41,3,0,0,224.0,227.0,IVAN CEPEDA,1,31,0.7560975609756098,ABELARDO DE LA ESPRIELLA,4.0,4.0,0.0975609756097561,27.0,0.6585365853658537,VENTAJA_DEFENDIBLE
50,78,GUAINIA,LA GUADALUPE,211.0,63,63,0,0,0,148.0,148.0,IVAN CEPEDA,1,25,0.3968253968253968,ABELARDO DE LA ESPRIELLA,4.0,24.0,0.3809523809523809,1.0,0.0158730158730158,BISAGRA
50,83,GUAINIA,MORICHAL (MORICHAL NUEVO),238.0,56,56,0,0,0,182.0,182.0,IVAN CEPEDA,1,43,0.7678571428571429,PALOMA VALENCIA,11.0,7.0,0.125,36.0,0.6428571428571429,VENTAJA_DEFENDIBLE
50,87,GUAINIA,PANA PANA (CAMPO ALEGRE),624.0,247,246,14,0,1,377.0,392.0,IVAN CEPEDA,1,144,0.5853658536585366,PALOMA VALENCIA,11.0,39.0,0.1585365853658536,105.0,0.4268292682926828,VENTAJA_DEFENDIBLE
50,90,GUAINIA,PUERTO COLOMBIA,1274.0,226,226,1,0,0,1048.0,1049.0,ABELARDO DE LA ESPRIELLA,4,115,0.5088495575221239,IVAN CEPEDA,1.0,88.0,0.3893805309734513,27.0,0.1194690265486725,VENTAJA_DEFENDIBLE
50,92,GUAINIA,SAN FELIPE,925.0,154,153,4,1,0,771.0,776.0,IVAN CEPEDA,1,64,0.4183006535947712,ABELARDO DE LA ESPRIELLA,4.0,64.0,0.4183006535947712,0.0,0.0,BISAGRA
52,1,META,VILLAVICENCIO,405049.0,260921,258018,3746,2703,200,144128.0,150777.0,ABELARDO DE LA ESPRIELLA,4,136730,0.5299242688494601,IVAN CEPEDA,1.0,78547.0,0.3044244975156772,58183.0,0.2254997713337829,CONSOLIDADO
52,5,META,ACACIAS,78857.0,59158,57447,1128,1629,82,19699.0,22538.0,ABELARDO DE LA ESPRIELLA,4,30711,0.5345971068985326,IVAN CEPEDA,1.0,17424.0,0.3033056556478145,13287.0,0.231291451250718,CONSOLIDADO
52,6,META,BARRANCA DE UPIA,5885.0,3711,3611,82,94,6,2174.0,2356.0,ABELARDO DE LA ESPRIELLA,4,1818,0.5034616449736915,IVAN CEPEDA,1.0,1226.0,0.3395181390196621,592.0,0.1639435059540293,VENTAJA_DEFENDIBLE
52,8,META,CABUYARO,6452.0,4255,4160,100,84,11,2197.0,2392.0,ABELARDO DE LA ESPRIELLA,4,2468,0.5932692307692308,IVAN CEPEDA,1.0,1065.0,0.2560096153846153,1403.0,0.3372596153846154,CONSOLIDADO
52,10,META,CASTILLA LA NUEVA,13442.0,10159,9888,204,254,17,3283.0,3758.0,ABELARDO DE LA ESPRIELLA,4,5026,0.5082928802588996,IVAN CEPEDA,1.0,3122.0,0.3157362459546926,1904.0,0.192556634304207,VENTAJA_DEFENDIBLE
52,15,META,CUBARRAL,5858.0,3933,3904,49,26,3,1925.0,2003.0,ABELARDO DE LA ESPRIELLA,4,2654,0.6798155737704918,IVAN CEPEDA,1.0,740.0,0.1895491803278688,1914.0,0.490266393442623,CONSOLIDADO
52,20,META,CUMARAL,19932.0,13359,13168,235,167,24,6573.0,6999.0,ABELARDO DE LA ESPRIELLA,4,7338,0.5572600243013366,IVAN CEPEDA,1.0,3842.0,0.2917679222357229,3496.0,0.2654921020656136,CONSOLIDADO
52,25,META,EL CALVARIO,1484.0,774,769,7,4,1,710.0,722.0,ABELARDO DE LA ESPRIELLA,4,527,0.6853055916775033,PALOMA VALENCIA,11.0,111.0,0.1443433029908972,416.0,0.540962288686606,VENTAJA_DEFENDIBLE
52,27,META,EL CASTILLO,6339.0,3468,3401,80,57,10,2871.0,3018.0,IVAN CEPEDA,1,1529,0.4495736548074096,ABELARDO DE LA ESPRIELLA,4.0,1496.0,0.4398706262863863,33.0,0.0097030285210232,BISAGRA
52,28,META,EL DORADO,3930.0,2601,2564,31,27,10,1329.0,1397.0,ABELARDO DE LA ESPRIELLA,4,1652,0.6443057722308893,IVAN CEPEDA,1.0,547.0,0.2133385335413416,1105.0,0.4309672386895475,CONSOLIDADO
52,30,META,FUENTE DE ORO,10056.0,5889,5758,100,112,19,4167.0,4398.0,ABELARDO DE LA ESPRIELLA,4,3214,0.558179923584578,IVAN CEPEDA,1.0,1842.0,0.3199027440083362,1372.0,0.2382771795762417,CONSOLIDADO
52,35,META,GRANADA,60539.0,36192,35468,703,647,77,24347.0,25774.0,ABELARDO DE LA ESPRIELLA,4,19393,0.5467745573474682,IVAN CEPEDA,1.0,11123.0,0.3136066313296493,8270.0,0.2331679260178188,CONSOLIDADO
52,40,META,GUAMAL,13923.0,10453,10270,158,153,30,3470.0,3811.0,ABELARDO DE LA ESPRIELLA,4,6331,0.6164556962025316,IVAN CEPEDA,1.0,2443.0,0.2378773125608568,3888.0,0.3785783836416747,CONSOLIDADO
52,41,META,LA MACARENA,12044.0,7367,7112,311,193,62,4677.0,5243.0,IVAN CEPEDA,1,4053,0.5698818897637795,ABELARDO DE LA ESPRIELLA,4.0,2132.0,0.2997750281214848,1921.0,0.2701068616422947,CONSOLIDADO
52,42,META,LEJANIAS,9032.0,5201,5082,99,101,18,3831.0,4049.0,ABELARDO DE LA ESPRIELLA,4,3018,0.5938606847697757,IVAN CEPEDA,1.0,1358.0,0.2672176308539944,1660.0,0.3266430539157812,CONSOLIDADO
52,43,META,PUERTO GAITAN,57552.0,35895,34430,1021,1342,123,21657.0,24143.0,IVAN CEPEDA,1,15043,0.4369154806854487,ABELARDO DE LA ESPRIELLA,4.0,14580.0,0.4234679058960209,463.0,0.0134475747894278,BISAGRA
52,44,META,MESETAS,9371.0,5332,5224,134,81,27,4039.0,4281.0,IVAN CEPEDA,1,2625,0.502488514548239,ABELARDO DE LA ESPRIELLA,4.0,2060.0,0.3943338437978561,565.0,0.1081546707503828,VENTAJA_DEFENDIBLE
52,45,META,PUERTO LOPEZ,26354.0,16159,15806,305,306,47,10195.0,10853.0,ABELARDO DE LA ESPRIELLA,4,8631,0.546058458813109,IVAN CEPEDA,1.0,4893.0,0.3095659875996457,3738.0,0.2364924712134632,CONSOLIDADO
52,46,META,MAPIRIPAN,6175.0,2751,2670,36,61,20,3424.0,3541.0,ABELARDO DE LA ESPRIELLA,4,1260,0.4719101123595505,IVAN CEPEDA,1.0,1211.0,0.4535580524344569,49.0,0.0183520599250936,BISAGRA
52,47,META,PUERTO CONCORDIA,7459.0,3651,3555,69,78,18,3808.0,3973.0,ABELARDO DE LA ESPRIELLA,4,1726,0.4855133614627285,IVAN CEPEDA,1.0,1359.0,0.3822784810126582,367.0,0.1032348804500703,VENTAJA_DEFENDIBLE
52,48,META,PUERTO LLERAS,7290.0,3868,3813,46,43,12,3422.0,3523.0,ABELARDO DE LA ESPRIELLA,4,2259,0.5924468922108576,IVAN CEPEDA,1.0,1079.0,0.2829792814057172,1180.0,0.3094676108051403,CONSOLIDADO
52,49,META,PUERTO RICO,9737.0,5049,4892,109,131,26,4688.0,4954.0,IVAN CEPEDA,1,2214,0.4525756336876533,ABELARDO DE LA ESPRIELLA,4.0,1987.0,0.4061733442354865,227.0,0.0464022894521667,BISAGRA
52,50,META,RESTREPO,18511.0,11725,11625,124,87,13,6786.0,7010.0,ABELARDO DE LA ESPRIELLA,4,6950,0.5978494623655914,IVAN CEPEDA,1.0,3030.0,0.2606451612903225,3920.0,0.3372043010752689,CONSOLIDADO
52,55,META,SAN CARLOS DE GUAROA,9898.0,6174,6038,107,121,15,3724.0,3967.0,ABELARDO DE LA ESPRIELLA,4,3223,0.5337860218615436,IVAN CEPEDA,1.0,1974.0,0.3269294468367009,1249.0,0.2068565750248426,CONSOLIDADO
52,58,META,SAN JUAN DE ARAMA,6385.0,3620,3570,68,40,10,2765.0,2883.0,ABELARDO DE LA ESPRIELLA,4,1682,0.4711484593837535,IVAN CEPEDA,1.0,1376.0,0.3854341736694678,306.0,0.0857142857142856,RESERVA_DEFINIBLE
52,59,META,SAN JUANITO,1358.0,737,728,18,9,0,621.0,648.0,ABELARDO DE LA ESPRIELLA,4,522,0.717032967032967,IVAN CEPEDA,1.0,112.0,0.1538461538461538,410.0,0.5631868131868132,VENTAJA_DEFENDIBLE
52,60,META,SAN MARTIN DE LOS LLANOS,19060.0,11784,11565,217,191,28,7276.0,7712.0,ABELARDO DE LA ESPRIELLA,4,6590,0.5698227410289667,IVAN CEPEDA,1.0,3202.0,0.2768698659749243,3388.0,0.2929528750540423,CONSOLIDADO
52,74,META,URIBE,7620.0,5040,4962,68,58,20,2580.0,2726.0,IVAN CEPEDA,1,4282,0.8629584844820637,ABELARDO DE LA ESPRIELLA,4.0,442.0,0.0890769850866586,3840.0,0.7738814993954051,CONSOLIDADO
52,80,META,VISTA HERMOSA,14441.0,7729,7495,194,201,33,6712.0,7140.0,ABELARDO DE LA ESPRIELLA,4,3670,0.4896597731821214,IVAN CEPEDA,1.0,2894.0,0.3861240827218145,776.0,0.1035356904603068,VENTAJA_DEFENDIBLE
54,1,GUAVIARE,SAN JOSE DEL GUAVIARE,48325.0,25927,25271,835,554,102,22398.0,23889.0,ABELARDO DE LA ESPRIELLA,4,12040,0.4764354398322187,IVAN CEPEDA,1.0,9150.0,0.3620751058525582,2890.0,0.1143603339796605,VENTAJA_DEFENDIBLE
54,3,GUAVIARE,CALAMAR,7262.0,3161,3080,113,65,16,4101.0,4295.0,IVAN CEPEDA,1,1434,0.4655844155844156,ABELARDO DE LA ESPRIELLA,4.0,1198.0,0.3889610389610389,236.0,0.0766233766233766,RESERVA_DEFINIBLE
54,7,GUAVIARE,EL RETORNO,10051.0,4703,4593,135,82,28,5348.0,5593.0,ABELARDO DE LA ESPRIELLA,4,2609,0.5680383191813629,IVAN CEPEDA,1.0,1305.0,0.2841280209013716,1304.0,0.2839102982799913,CONSOLIDADO
54,12,GUAVIARE,MIRAFLORES,3666.0,1160,1130,30,24,6,2506.0,2566.0,IVAN CEPEDA,1,788,0.6973451327433628,ABELARDO DE LA ESPRIELLA,4.0,213.0,0.1884955752212389,575.0,0.5088495575221239,VENTAJA_DEFENDIBLE
56,1,SAN ANDRES,SAN ANDRES,48943.0,16896,16787,618,79,30,32047.0,32774.0,ABELARDO DE LA ESPRIELLA,4,7404,0.4410555787216298,IVAN CEPEDA,1.0,7346.0,0.4376005242151665,58.0,0.0034550545064633,BISAGRA
56,4,SAN ANDRES,PROVIDENCIA,4847.0,1221,1213,51,7,1,3626.0,3685.0,IVAN CEPEDA,1,590,0.4863973619126133,ABELARDO DE LA ESPRIELLA,4.0,389.0,0.3206924979389942,201.0,0.1657048639736191,VENTAJA_DEFENDIBLE
60,1,AMAZONAS,LETICIA,45224.0,20991,20715,401,203,73,24233.0,24910.0,IVAN CEPEDA,1,10415,0.5027757663528843,ABELARDO DE LA ESPRIELLA,4.0,7328.0,0.3537533188510741,3087.0,0.1490224475018102,VENTAJA_DEFENDIBLE
60,7,AMAZONAS,PUERTO NARIÑO,5172.0,2243,2204,43,15,24,2929.0,3011.0,IVAN CEPEDA,1,1629,0.7391107078039928,ABELARDO DE LA ESPRIELLA,4.0,327.0,0.1483666061705989,1302.0,0.5907441016333939,CONSOLIDADO
60,10,AMAZONAS,EL ENCANTO,760.0,271,270,0,0,1,489.0,490.0,IVAN CEPEDA,1,216,0.8,ABELARDO DE LA ESPRIELLA,4.0,37.0,0.137037037037037,179.0,0.662962962962963,VENTAJA_DEFENDIBLE
60,13,AMAZONAS,LA CHORRERA,1132.0,587,585,2,2,0,545.0,549.0,IVAN CEPEDA,1,544,0.92991452991453,ABELARDO DE LA ESPRIELLA,4.0,25.0,0.0427350427350427,519.0,0.8871794871794872,VENTAJA_DEFENDIBLE
60,16,AMAZONAS,LA PEDRERA,1348.0,405,400,3,3,2,943.0,951.0,IVAN CEPEDA,1,327,0.8175,ABELARDO DE LA ESPRIELLA,4.0,49.0,0.1225,278.0,0.6950000000000001,VENTAJA_DEFENDIBLE
60,17,AMAZONAS,LA VICTORIA,75.0,29,29,1,0,0,46.0,47.0,IVAN CEPEDA,1,28,0.9655172413793104,,,,,,,COMPETITIVO
60,19,AMAZONAS,MIRITI PARANA,560.0,96,96,2,0,0,464.0,466.0,IVAN CEPEDA,1,89,0.9270833333333334,ABELARDO DE LA ESPRIELLA,4.0,4.0,0.0416666666666666,85.0,0.8854166666666667,VENTAJA_DEFENDIBLE
60,21,AMAZONAS,PUERTO SANTANDER,572.0,133,132,2,1,0,439.0,442.0,IVAN CEPEDA,1,93,0.7045454545454546,ABELARDO DE LA ESPRIELLA,4.0,19.0,0.1439393939393939,74.0,0.5606060606060607,VENTAJA_DEFENDIBLE
60,22,AMAZONAS,TARAPACA,1607.0,500,494,25,5,1,1107.0,1138.0,IVAN CEPEDA,1,356,0.7206477732793523,ABELARDO DE LA ESPRIELLA,4.0,69.0,0.1396761133603239,287.0,0.5809716599190283,VENTAJA_DEFENDIBLE
60,30,AMAZONAS,PUERTO ALEGRIA,289.0,112,112,0,0,0,177.0,177.0,IVAN CEPEDA,1,94,0.8392857142857143,ABELARDO DE LA ESPRIELLA,4.0,14.0,0.125,80.0,0.7142857142857143,VENTAJA_DEFENDIBLE
60,40,AMAZONAS,PUERTO ARICA,535.0,190,190,0,0,0,345.0,345.0,IVAN CEPEDA,1,163,0.8578947368421053,ABELARDO DE LA ESPRIELLA,4.0,15.0,0.0789473684210526,148.0,0.7789473684210526,VENTAJA_DEFENDIBLE
64,1,PUTUMAYO,MOCOA,43380.0,25252,25001,406,214,37,18128.0,18785.0,IVAN CEPEDA,1,17187,0.687452501899924,ABELARDO DE LA ESPRIELLA,4.0,5426.0,0.2170313187472501,11761.0,0.4704211831526739,CONSOLIDADO
64,2,PUTUMAYO,PUERTO ASIS,53588.0,26863,26197,837,535,131,26725.0,28228.0,IVAN CEPEDA,1,18004,0.6872542657556209,ABELARDO DE LA ESPRIELLA,4.0,5145.0,0.1963965339542695,12859.0,0.4908577318013513,CONSOLIDADO
64,4,PUTUMAYO,PUERTO LEGUIZAMO,15722.0,5532,5422,128,69,41,10190.0,10428.0,IVAN CEPEDA,1,2867,0.5287716709701217,ABELARDO DE LA ESPRIELLA,4.0,1978.0,0.3648100331980818,889.0,0.1639616377720398,VENTAJA_DEFENDIBLE
64,7,PUTUMAYO,COLON,4734.0,2870,2848,46,19,3,1864.0,1932.0,IVAN CEPEDA,1,1878,0.6594101123595506,ABELARDO DE LA ESPRIELLA,4.0,663.0,0.2327949438202247,1215.0,0.4266151685393259,CONSOLIDADO
64,13,PUTUMAYO,SAN FRANCISCO,4843.0,2933,2903,58,24,6,1910.0,1998.0,IVAN CEPEDA,1,1851,0.63761625904237,ABELARDO DE LA ESPRIELLA,4.0,698.0,0.2404409231829142,1153.0,0.3971753358594557,CONSOLIDADO
64,16,PUTUMAYO,SANTIAGO,6715.0,3702,3655,62,32,15,3013.0,3122.0,IVAN CEPEDA,1,2767,0.7570451436388509,ABELARDO DE LA ESPRIELLA,4.0,646.0,0.1767441860465116,2121.0,0.5803009575923392,CONSOLIDADO
64,18,PUTUMAYO,SAN MIGUEL (LA DORADA),15922.0,7353,7211,193,113,29,8569.0,8904.0,IVAN CEPEDA,1,5752,0.7976702260435445,ABELARDO DE LA ESPRIELLA,4.0,698.0,0.0967965608098738,5054.0,0.7008736652336707,CONSOLIDADO
64,19,PUTUMAYO,SIBUNDOY,11358.0,7266,7196,131,50,20,4092.0,4293.0,IVAN CEPEDA,1,5006,0.6956642579210672,ABELARDO DE LA ESPRIELLA,4.0,1467.0,0.2038632573652029,3539.0,0.4918010005558643,CONSOLIDADO
64,23,PUTUMAYO,ORITO,31867.0,16064,15852,223,155,57,15803.0,16238.0,IVAN CEPEDA,1,12783,0.8063966691900075,ABELARDO DE LA ESPRIELLA,4.0,1925.0,0.1214357809740095,10858.0,0.6849608882159979,CONSOLIDADO
64,25,PUTUMAYO,PUERTO GUZMAN,12863.0,5417,5297,174,89,31,7446.0,7740.0,IVAN CEPEDA,1,3573,0.674532754389277,ABELARDO DE LA ESPRIELLA,4.0,1159.0,0.2188030960921276,2414.0,0.4557296582971493,CONSOLIDADO
64,26,PUTUMAYO,PUERTO CAICEDO,10806.0,4914,4806,123,84,24,5892.0,6123.0,IVAN CEPEDA,1,3513,0.7309612983770287,ABELARDO DE LA ESPRIELLA,4.0,795.0,0.16541822721598,2718.0,0.5655430711610487,CONSOLIDADO
64,28,PUTUMAYO,VALLE DEL GUAMUEZ (LA HORMIGA),30448.0,15293,15068,322,162,63,15155.0,15702.0,IVAN CEPEDA,1,12120,0.8043535970268118,ABELARDO DE LA ESPRIELLA,4.0,1768.0,0.1173347491372445,10352.0,0.6870188478895672,CONSOLIDADO
64,30,PUTUMAYO,VILLAGARZON,21204.0,11035,10845,234,156,34,10169.0,10593.0,IVAN CEPEDA,1,7115,0.6560627017058552,ABELARDO DE LA ESPRIELLA,4.0,2719.0,0.2507146150299677,4396.0,0.4053480866758875,CONSOLIDADO
68,1,VAUPES,MITU,19993.0,7511,7450,121,38,23,12482.0,12664.0,IVAN CEPEDA,1,5531,0.7424161073825504,ABELARDO DE LA ESPRIELLA,4.0,1206.0,0.1618791946308724,4325.0,0.580536912751678,CONSOLIDADO
68,4,VAUPES,CARURU,1743.0,541,535,7,4,2,1202.0,1215.0,IVAN CEPEDA,1,413,0.77196261682243,ABELARDO DE LA ESPRIELLA,4.0,57.0,0.1065420560747663,356.0,0.6654205607476635,VENTAJA_DEFENDIBLE
68,10,VAUPES,MORICHAL (PAPUNAGUA),186.0,85,85,1,0,0,101.0,102.0,IVAN CEPEDA,1,61,0.7176470588235294,ABELARDO DE LA ESPRIELLA,4.0,17.0,0.2,44.0,0.5176470588235293,VENTAJA_DEFENDIBLE
68,13,VAUPES,BUENOS AIRES (PACOA),1253.0,356,353,2,1,2,897.0,902.0,IVAN CEPEDA,1,330,0.9348441926345608,ABELARDO DE LA ESPRIELLA,4.0,7.0,0.0198300283286118,323.0,0.915014164305949,VENTAJA_DEFENDIBLE
68,17,VAUPES,TARAIRA,1876.0,406,402,8,3,1,1470.0,1482.0,IVAN CEPEDA,1,278,0.6915422885572139,ABELARDO DE LA ESPRIELLA,4.0,85.0,0.2114427860696517,193.0,0.4800995024875621,VENTAJA_DEFENDIBLE
68,22,VAUPES,YAVARATE,1059.0,355,353,2,0,2,704.0,708.0,IVAN CEPEDA,1,319,0.9036827195467422,PALOMA VALENCIA,11.0,12.0,0.0339943342776204,307.0,0.8696883852691217,VENTAJA_DEFENDIBLE
72,1,VICHADA,PUERTO CARREÑO,21237.0,8568,8443,190,92,33,12669.0,12984.0,ABELARDO DE LA ESPRIELLA,4,4399,0.521023332938529,IVAN CEPEDA,1.0,2767.0,0.3277271112163922,1632.0,0.1932962217221367,VENTAJA_DEFENDIBLE
72,2,VICHADA,SANTA ROSALIA,3457.0,1658,1640,24,9,9,1799.0,1841.0,ABELARDO DE LA ESPRIELLA,4,1206,0.7353658536585366,IVAN CEPEDA,1.0,289.0,0.1762195121951219,917.0,0.5591463414634146,CONSOLIDADO
72,6,VICHADA,CUMARIBO,25298.0,7857,7756,72,56,45,17441.0,17614.0,IVAN CEPEDA,1,6066,0.7821041774110367,ABELARDO DE LA ESPRIELLA,4.0,1230.0,0.1585869004641567,4836.0,0.6235172769468799,CONSOLIDADO
72,8,VICHADA,LA PRIMAVERA,7363.0,3488,3468,48,12,8,3875.0,3943.0,ABELARDO DE LA ESPRIELLA,4,2499,0.7205882352941176,IVAN CEPEDA,1.0,647.0,0.1865628604382929,1852.0,0.5340253748558247,CONSOLIDADO
88,115,CONSULADOS,GHANA,76.0,45,45,0,0,0,31.0,31.0,IVAN CEPEDA,1,21,0.4666666666666667,ABELARDO DE LA ESPRIELLA,4.0,16.0,0.3555555555555555,5.0,0.1111111111111111,VENTAJA_DEFENDIBLE
88,120,CONSULADOS,ALEMANIA,20898.0,12005,11994,133,11,0,8893.0,9037.0,IVAN CEPEDA,1,5649,0.4709854927463732,ABELARDO DE LA ESPRIELLA,4.0,2500.0,0.208437552109388,3149.0,0.2625479406369851,VENTAJA_DEFENDIBLE
88,130,CONSULADOS,ARGELIA,22.0,8,8,0,0,0,14.0,14.0,SERGIO FAJARDO,12,4,0.5,IVAN CEPEDA,1.0,2.0,0.25,2.0,0.25,VENTAJA_DEFENDIBLE
88,135,CONSULADOS,AZERBAIYAN,34.0,22,22,0,0,0,12.0,12.0,IVAN CEPEDA,1,11,0.5,PALOMA VALENCIA,11.0,4.0,0.1818181818181818,7.0,0.3181818181818182,VENTAJA_DEFENDIBLE
88,140,CONSULADOS,CURAZAO,2934.0,1191,1184,12,4,3,1743.0,1762.0,ABELARDO DE LA ESPRIELLA,4,801,0.6765202702702703,IVAN CEPEDA,1.0,293.0,0.2474662162162162,508.0,0.429054054054054,VENTAJA_DEFENDIBLE
88,155,CONSULADOS,ARGENTINA,21438.0,10374,10356,138,18,0,11064.0,11220.0,IVAN CEPEDA,1,4499,0.4344341444573194,ABELARDO DE LA ESPRIELLA,4.0,3817.0,0.3685786017767478,682.0,0.0658555426805716,RESERVA_DEFINIBLE
88,160,CONSULADOS,ARUBA,7084.0,3515,3505,22,8,2,3569.0,3601.0,ABELARDO DE LA ESPRIELLA,4,2377,0.6781740370898716,IVAN CEPEDA,1.0,773.0,0.2205420827389443,1604.0,0.4576319543509272,CONSOLIDADO
88,165,CONSULADOS,AUSTRALIA,32121.0,20296,20274,296,22,0,11825.0,12143.0,IVAN CEPEDA,1,8565,0.4224622669428825,ABELARDO DE LA ESPRIELLA,4.0,6933.0,0.3419650784255696,1632.0,0.0804971885173128,RESERVA_DEFINIBLE
88,170,CONSULADOS,AUSTRIA,2853.0,1640,1640,22,0,0,1213.0,1235.0,IVAN CEPEDA,1,802,0.4890243902439024,ABELARDO DE LA ESPRIELLA,4.0,416.0,0.2536585365853658,386.0,0.2353658536585365,VENTAJA_DEFENDIBLE
88,190,CONSULADOS,BELGICA,5054.0,2656,2655,27,0,1,2398.0,2426.0,IVAN CEPEDA,1,1161,0.4372881355932203,ABELARDO DE LA ESPRIELLA,4.0,801.0,0.3016949152542373,360.0,0.135593220338983,VENTAJA_DEFENDIBLE
88,215,CONSULADOS,BOLIVIA,1818.0,645,644,2,1,0,1173.0,1176.0,ABELARDO DE LA ESPRIELLA,4,439,0.6816770186335404,IVAN CEPEDA,1.0,125.0,0.1940993788819875,314.0,0.4875776397515527,VENTAJA_DEFENDIBLE
88,220,CONSULADOS,BRASIL,9264.0,4170,4159,46,10,1,5094.0,5151.0,IVAN CEPEDA,1,1895,0.4556383746092811,ABELARDO DE LA ESPRIELLA,4.0,1418.0,0.3409473431113248,477.0,0.1146910314979562,VENTAJA_DEFENDIBLE
88,250,CONSULADOS,CANADA,73237.0,42038,42006,372,24,8,31199.0,31603.0,ABELARDO DE LA ESPRIELLA,4,21109,0.5025234490310908,IVAN CEPEDA,1.0,11879.0,0.2827929343427129,9230.0,0.2197305146883778,CONSOLIDADO
88,275,CONSULADOS,COREA DEL SUR,428.0,252,252,1,0,0,176.0,177.0,ABELARDO DE LA ESPRIELLA,4,96,0.3809523809523809,IVAN CEPEDA,1.0,82.0,0.3253968253968254,14.0,0.0555555555555555,RESERVA_DEFINIBLE
88,285,CONSULADOS,COSTA RICA,11848.0,5712,5702,22,8,2,6136.0,6168.0,ABELARDO DE LA ESPRIELLA,4,3788,0.6643283058575938,IVAN CEPEDA,1.0,1060.0,0.1858996843212907,2728.0,0.478428621536303,CONSOLIDADO
88,290,CONSULADOS,CUBA,916.0,608,606,8,1,1,308.0,318.0,IVAN CEPEDA,1,449,0.740924092409241,ABELARDO DE LA ESPRIELLA,4.0,120.0,0.198019801980198,329.0,0.5429042904290429,VENTAJA_DEFENDIBLE
88,305,CONSULADOS,CHILE,45253.0,18348,18233,226,100,15,26905.0,27246.0,ABELARDO DE LA ESPRIELLA,4,7897,0.4331157790818845,IVAN CEPEDA,1.0,7341.0,0.4026216201393078,556.0,0.0304941589425766,BISAGRA
88,315,CONSULADOS,CHINA REPUBLICA POPULAR,1288.0,720,720,17,0,0,568.0,585.0,ABELARDO DE LA ESPRIELLA,4,300,0.4166666666666667,IVAN CEPEDA,1.0,226.0,0.3138888888888889,74.0,0.1027777777777778,VENTAJA_DEFENDIBLE
88,325,CONSULADOS,DINAMARCA,1078.0,665,664,10,0,1,413.0,424.0,IVAN CEPEDA,1,304,0.4578313253012048,ABELARDO DE LA ESPRIELLA,4.0,123.0,0.1852409638554217,181.0,0.2725903614457831,VENTAJA_DEFENDIBLE
88,330,CONSULADOS,ECUADOR,43357.0,9367,9228,115,92,47,33990.0,34244.0,ABELARDO DE LA ESPRIELLA,4,5035,0.5456220199393151,IVAN CEPEDA,1.0,2505.0,0.2714564369310793,2530.0,0.2741655830082358,CONSOLIDADO
88,335,CONSULADOS,EGIPTO,453.0,161,161,3,0,0,292.0,295.0,ABELARDO DE LA ESPRIELLA,4,91,0.5652173913043478,IVAN CEPEDA,1.0,38.0,0.2360248447204969,53.0,0.3291925465838509,VENTAJA_DEFENDIBLE
88,340,CONSULADOS,EL SALVADOR,848.0,441,441,4,0,0,407.0,411.0,ABELARDO DE LA ESPRIELLA,4,279,0.6326530612244898,IVAN CEPEDA,1.0,60.0,0.1360544217687075,219.0,0.4965986394557823,VENTAJA_DEFENDIBLE
88,350,CONSULADOS,EMIRATOS ARABES UNIDOS,4530.0,2542,2539,24,3,0,1988.0,2015.0,ABELARDO DE LA ESPRIELLA,4,1664,0.6553761323355651,IVAN CEPEDA,1.0,446.0,0.1756597085466719,1218.0,0.4797164237888932,CONSOLIDADO
88,355,CONSULADOS,ESPAÑA,307996.0,127637,127207,1455,384,46,180359.0,182244.0,IVAN CEPEDA,1,54162,0.4257784555881359,ABELARDO DE LA ESPRIELLA,4.0,51858.0,0.4076662447821267,2304.0,0.0181122108060091,BISAGRA
88,360,CONSULADOS,ESTADOS UNIDOS,454262.0,216105,215917,723,155,33,238157.0,239068.0,ABELARDO DE LA ESPRIELLA,4,155816,0.7216476701695559,IVAN CEPEDA,1.0,32324.0,0.149705673939523,123492.0,0.5719419962300328,CONSOLIDADO
88,370,CONSULADOS,REPUBLICA DE FILIPINAS,185.0,91,91,1,0,0,94.0,95.0,ABELARDO DE LA ESPRIELLA,4,37,0.4065934065934066,IVAN CEPEDA,1.0,29.0,0.3186813186813186,8.0,0.0879120879120879,RESERVA_DEFINIBLE
88,375,CONSULADOS,FINLANDIA,554.0,302,302,4,0,0,252.0,256.0,IVAN CEPEDA,1,141,0.466887417218543,ABELARDO DE LA ESPRIELLA,4.0,70.0,0.2317880794701986,71.0,0.2350993377483443,VENTAJA_DEFENDIBLE
88,380,CONSULADOS,FRANCIA,26881.0,14271,14259,156,11,1,12610.0,12778.0,IVAN CEPEDA,1,6699,0.4698085419734904,ABELARDO DE LA ESPRIELLA,4.0,3607.0,0.2529630408864576,3092.0,0.2168455010870327,VENTAJA_DEFENDIBLE
88,410,CONSULADOS,GUATEMALA,2307.0,1308,1307,6,1,0,999.0,1006.0,ABELARDO DE LA ESPRIELLA,4,932,0.7130833970925784,IVAN CEPEDA,1.0,138.0,0.1055853098699311,794.0,0.6074980872226472,VENTAJA_DEFENDIBLE
88,430,CONSULADOS,HAITI,24.0,14,14,1,0,0,10.0,11.0,IVAN CEPEDA,1,8,0.5714285714285714,ABELARDO DE LA ESPRIELLA,4.0,3.0,0.2142857142857142,5.0,0.3571428571428571,VENTAJA_DEFENDIBLE
88,435,CONSULADOS,PAISES BAJOS,6554.0,3139,3137,33,2,0,3415.0,3450.0,IVAN CEPEDA,1,1121,0.3573477845074912,ABELARDO DE LA ESPRIELLA,4.0,986.0,0.3143130379343322,135.0,0.043034746573159,BISAGRA
88,440,CONSULADOS,HONDURAS,780.0,313,313,0,0,0,467.0,467.0,ABELARDO DE LA ESPRIELLA,4,200,0.6389776357827476,IVAN CEPEDA,1.0,47.0,0.1501597444089457,153.0,0.4888178913738019,VENTAJA_DEFENDIBLE
88,445,CONSULADOS,HUNGRIA,390.0,246,246,10,0,0,144.0,154.0,IVAN CEPEDA,1,106,0.4308943089430894,ABELARDO DE LA ESPRIELLA,4.0,54.0,0.2195121951219512,52.0,0.2113821138211382,VENTAJA_DEFENDIBLE
88,455,CONSULADOS,INDIA,95.0,32,32,1,0,0,63.0,64.0,ABELARDO DE LA ESPRIELLA,4,12,0.375,IVAN CEPEDA,1.0,9.0,0.28125,3.0,0.09375,RESERVA_DEFINIBLE
88,460,CONSULADOS,INDONESIA,101.0,35,35,0,0,0,66.0,66.0,PALOMA VALENCIA,11,13,0.3714285714285714,ABELARDO DE LA ESPRIELLA,4.0,11.0,0.3142857142857143,2.0,0.0571428571428571,RESERVA_DEFINIBLE
88,465,CONSULADOS,INGLATERRA,23331.0,11654,11638,77,11,5,11677.0,11770.0,ABELARDO DE LA ESPRIELLA,4,5175,0.4446640316205533,IVAN CEPEDA,1.0,3788.0,0.3254854786045712,1387.0,0.1191785530159821,VENTAJA_DEFENDIBLE
88,470,CONSULADOS,IRLANDA,921.0,603,603,3,0,0,318.0,321.0,IVAN CEPEDA,1,247,0.4096185737976783,ABELARDO DE LA ESPRIELLA,4.0,171.0,0.2835820895522388,76.0,0.1260364842454395,VENTAJA_DEFENDIBLE
88,490,CONSULADOS,ISRAEL,2311.0,897,895,2,2,0,1414.0,1418.0,ABELARDO DE LA ESPRIELLA,4,728,0.8134078212290503,IVAN CEPEDA,1.0,92.0,0.1027932960893854,636.0,0.7106145251396648,VENTAJA_DEFENDIBLE
88,495,CONSULADOS,ITALIA,19729.0,8452,8437,103,15,0,11277.0,11395.0,IVAN CEPEDA,1,3313,0.3926751214886808,ABELARDO DE LA ESPRIELLA,4.0,3087.0,0.3658883489391964,226.0,0.0267867725494844,BISAGRA
88,500,CONSULADOS,JAMAICA,346.0,140,140,1,0,0,206.0,207.0,ABELARDO DE LA ESPRIELLA,4,82,0.5857142857142857,IVAN CEPEDA,1.0,39.0,0.2785714285714286,43.0,0.3071428571428571,VENTAJA_DEFENDIBLE
88,505,CONSULADOS,JAPON,1459.0,526,525,10,0,1,933.0,944.0,ABELARDO DE LA ESPRIELLA,4,227,0.4323809523809523,IVAN CEPEDA,1.0,182.0,0.3466666666666667,45.0,0.0857142857142856,RESERVA_DEFINIBLE
88,515,CONSULADOS,KENIA,123.0,68,68,0,0,0,55.0,55.0,IVAN CEPEDA,1,25,0.3676470588235294,ABELARDO DE LA ESPRIELLA,4.0,16.0,0.2352941176470588,9.0,0.1323529411764706,RESERVA_DEFINIBLE
88,535,CONSULADOS,LIBANO,1450.0,123,123,3,0,0,1327.0,1330.0,ABELARDO DE LA ESPRIELLA,4,58,0.4715447154471545,PALOMA VALENCIA,11.0,36.0,0.2926829268292683,22.0,0.1788617886178862,VENTAJA_DEFENDIBLE
88,560,CONSULADOS,MALASIA,163.0,101,101,2,0,0,62.0,64.0,ABELARDO DE LA ESPRIELLA,4,46,0.4554455445544554,PALOMA VALENCIA,11.0,28.0,0.2772277227722772,18.0,0.1782178217821782,VENTAJA_DEFENDIBLE
88,580,CONSULADOS,MARRUECOS,72.0,34,34,0,0,0,38.0,38.0,ABELARDO DE LA ESPRIELLA,4,12,0.3529411764705882,PALOMA VALENCIA,11.0,8.0,0.2352941176470588,4.0,0.1176470588235294,RESERVA_DEFINIBLE
88,590,CONSULADOS,MEXICO,22026.0,12324,12319,78,5,0,9702.0,9785.0,ABELARDO DE LA ESPRIELLA,4,6119,0.4967123954866466,IVAN CEPEDA,1.0,3081.0,0.2501014692751035,3038.0,0.2466109262115431,VENTAJA_DEFENDIBLE
88,620,CONSULADOS,NICARAGUA,287.0,112,112,0,0,0,175.0,175.0,ABELARDO DE LA ESPRIELLA,4,76,0.6785714285714286,IVAN CEPEDA,1.0,24.0,0.2142857142857142,52.0,0.4642857142857143,VENTAJA_DEFENDIBLE
88,625,CONSULADOS,NUEVA ZELANDIA,2334.0,1299,1297,28,2,0,1035.0,1065.0,IVAN CEPEDA,1,494,0.3808789514263685,ABELARDO DE LA ESPRIELLA,4.0,448.0,0.3454124903623747,46.0,0.0354664610639938,BISAGRA
88,635,CONSULADOS,NORUEGA,1184.0,568,567,8,1,0,616.0,625.0,IVAN CEPEDA,1,258,0.455026455026455,ABELARDO DE LA ESPRIELLA,4.0,145.0,0.255731922398589,113.0,0.1992945326278659,VENTAJA_DEFENDIBLE
88,655,CONSULADOS,PANAMA,29196.0,11042,11028,62,11,3,18154.0,18230.0,ABELARDO DE LA ESPRIELLA,4,7161,0.6493471164309031,IVAN CEPEDA,1.0,2052.0,0.1860718171926006,5109.0,0.4632752992383024,CONSOLIDADO
88,665,CONSULADOS,PARAGUAY,805.0,371,371,0,0,0,434.0,434.0,ABELARDO DE LA ESPRIELLA,4,248,0.6684636118598383,IVAN CEPEDA,1.0,77.0,0.2075471698113207,171.0,0.4609164420485175,VENTAJA_DEFENDIBLE
88,670,CONSULADOS,PERU,9154.0,3468,3464,29,4,0,5686.0,5719.0,ABELARDO DE LA ESPRIELLA,4,1964,0.5669745958429562,IVAN CEPEDA,1.0,654.0,0.1887990762124711,1310.0,0.378175519630485,CONSOLIDADO
88,675,CONSULADOS,POLONIA,3567.0,1065,1063,17,2,0,2502.0,2521.0,IVAN CEPEDA,1,622,0.5851364063969896,ABELARDO DE LA ESPRIELLA,4.0,282.0,0.2652869238005644,340.0,0.3198494825964251,VENTAJA_DEFENDIBLE
88,680,CONSULADOS,PORTUGAL,5340.0,3190,3178,49,11,1,2150.0,2211.0,IVAN CEPEDA,1,1329,0.4181875393329138,ABELARDO DE LA ESPRIELLA,4.0,1176.0,0.3700440528634361,153.0,0.0481434864694776,BISAGRA
88,683,CONSULADOS,PUERTO RICO,2341.0,1193,1191,4,2,0,1148.0,1154.0,ABELARDO DE LA ESPRIELLA,4,699,0.5869017632241813,IVAN CEPEDA,1.0,274.0,0.2300587741393786,425.0,0.3568429890848026,VENTAJA_DEFENDIBLE
88,685,CONSULADOS,REPUBLICA DOMINICANA,4022.0,2105,2101,15,3,1,1917.0,1936.0,ABELARDO DE LA ESPRIELLA,4,1399,0.6658733936220848,IVAN CEPEDA,1.0,328.0,0.1561161351737268,1071.0,0.509757258448358,CONSOLIDADO
88,688,CONSULADOS,REPUBLICA DE SINGAPUR,338.0,196,196,3,0,0,142.0,145.0,ABELARDO DE LA ESPRIELLA,4,86,0.4387755102040816,PALOMA VALENCIA,11.0,52.0,0.2653061224489796,34.0,0.173469387755102,VENTAJA_DEFENDIBLE
88,690,CONSULADOS,REPUBLICA SOCIALISTA DE VIETNA,84.0,33,33,1,0,0,51.0,52.0,IVAN CEPEDA,1,17,0.5151515151515151,ABELARDO DE LA ESPRIELLA,4.0,8.0,0.2424242424242424,9.0,0.2727272727272727,VENTAJA_DEFENDIBLE
88,700,CONSULADOS,RUSIA,821.0,175,175,7,0,0,646.0,653.0,IVAN CEPEDA,1,111,0.6342857142857142,ABELARDO DE LA ESPRIELLA,4.0,31.0,0.1771428571428571,80.0,0.4571428571428571,VENTAJA_DEFENDIBLE
88,745,CONSULADOS,SUDAFRICA,216.0,110,110,1,0,0,106.0,107.0,ABELARDO DE LA ESPRIELLA,4,53,0.4818181818181818,PALOMA VALENCIA,11.0,22.0,0.2,31.0,0.2818181818181818,VENTAJA_DEFENDIBLE
88,755,CONSULADOS,SUECIA,3748.0,1518,1515,15,1,2,2230.0,2248.0,IVAN CEPEDA,1,815,0.5379537953795379,ABELARDO DE LA ESPRIELLA,4.0,384.0,0.2534653465346534,431.0,0.2844884488448844,VENTAJA_DEFENDIBLE
88,760,CONSULADOS,SUIZA,9072.0,4515,4510,30,3,2,4557.0,4592.0,IVAN CEPEDA,1,1766,0.3915742793791574,ABELARDO DE LA ESPRIELLA,4.0,1672.0,0.3707317073170731,94.0,0.0208425720620842,BISAGRA
88,765,CONSULADOS,TAILANDIA,188.0,114,114,0,0,0,74.0,74.0,ABELARDO DE LA ESPRIELLA,4,46,0.4035087719298245,IVAN CEPEDA,1.0,43.0,0.3771929824561403,3.0,0.0263157894736841,BISAGRA
88,770,CONSULADOS,TURQUIA,441.0,225,225,3,0,0,216.0,219.0,IVAN CEPEDA,1,119,0.5288888888888889,ABELARDO DE LA ESPRIELLA,4.0,57.0,0.2533333333333333,62.0,0.2755555555555555,VENTAJA_DEFENDIBLE
88,785,CONSULADOS,TRINIDAD Y TOBAGO,318.0,160,160,5,0,0,158.0,163.0,ABELARDO DE LA ESPRIELLA,4,91,0.56875,IVAN CEPEDA,1.0,31.0,0.19375,60.0,0.375,VENTAJA_DEFENDIBLE
88,805,CONSULADOS,URUGUAY,1531.0,783,781,12,2,0,748.0,762.0,ABELARDO DE LA ESPRIELLA,4,317,0.4058898847631242,IVAN CEPEDA,1.0,313.0,0.4007682458386684,4.0,0.0051216389244558,BISAGRA
88,815,CONSULADOS,VENEZUELA,180782.0,21751,21601,71,81,69,159031.0,159252.0,ABELARDO DE LA ESPRIELLA,4,14313,0.6626082125827508,IVAN CEPEDA,1.0,4352.0,0.2014721540669413,9961.0,0.4611360585158094,CONSOLIDADO
16,160001,BOGOTA D.C.,ZONA 01 - LOCALIDAD 1 USAQUÉN,444338.0,329418,328335,3826,1007,76,114920.0,119829.0,ABELARDO DE LA ESPRIELLA,4,172062,0.5240440403855818,IVAN CEPEDA,1.0,71061.0,0.21642834300333502,101001.0,0.3076156973822468,CONSOLIDADO
16,160002,BOGOTA D.C.,ZONA 02 - LOCALIDAD 2 CHAPINERO,168171.0,110683,110421,1130,241,21,57488.0,58880.0,ABELARDO DE LA ESPRIELLA,4,48915,0.4429863884587171,IVAN CEPEDA,1.0,27739.0,0.2512112732179567,21176.0,0.19177511524076035,VENTAJA_DEFENDIBLE
16,160003,BOGOTA D.C.,ZONA 03 - LOCALIDAD 3 SANTA FE,99051.0,56798,56136,991,612,50,42253.0,43906.0,IVAN CEPEDA,1,30310,0.5399387202508195,ABELARDO DE LA ESPRIELLA,4.0,15041.0,0.2679385777397748,15269.0,0.27200014251104465,CONSOLIDADO
16,160004,BOGOTA D.C.,ZONA 04 - LOCALIDAD 4 SAN CRISTÓBAL,286675.0,187491,184625,3674,2704,162,99184.0,105724.0,IVAN CEPEDA,1,104832,0.5678104265402844,ABELARDO DE LA ESPRIELLA,4.0,47615.0,0.25790115098171973,57217.0,0.3099092755585646,CONSOLIDADO
16,160005,BOGOTA D.C.,ZONA 05 - LOCALIDAD 5 USME,258308.0,168288,165493,3347,2583,212,90020.0,96162.0,IVAN CEPEDA,1,99723,0.602581378064329,ABELARDO DE LA ESPRIELLA,4.0,39667.0,0.2396898962493882,60056.0,0.3628914818149408,CONSOLIDADO
16,160006,BOGOTA D.C.,ZONA 06 - LOCALIDAD 6 TUNJUELITO,157398.0,104808,103665,1944,1080,63,52590.0,55677.0,IVAN CEPEDA,1,49472,0.4772295374523706,ABELARDO DE LA ESPRIELLA,4.0,35501.0,0.3424588819755945,13971.0,0.13477065547677614,VENTAJA_DEFENDIBLE
16,160007,BOGOTA D.C.,ZONA 07 - LOCALIDAD 7 BOSA,490771.0,337313,332995,6506,4068,250,153458.0,164282.0,IVAN CEPEDA,1,186265,0.5593627531944924,ABELARDO DE LA ESPRIELLA,4.0,91586.0,0.275037162720161,94679.0,0.28432559047433137,CONSOLIDADO
16,160008,BOGOTA D.C.,ZONA 08 - LOCALIDAD 8 KENNEDY,674718.0,519099,514678,9335,4188,233,155619.0,169375.0,IVAN CEPEDA,1,228376,0.4437259801273806,ABELARDO DE LA ESPRIELLA,4.0,187029.0,0.36339031394386395,41347.0,0.08033566618351667,RESERVA_DEFINIBLE
16,160009,BOGOTA D.C.,ZONA 09 - LOCALIDAD 9 FONTIBÓN,304477.0,230338,228840,3719,1409,89,74139.0,79356.0,ABELARDO DE LA ESPRIELLA,4,96185,0.4203155042824681,IVAN CEPEDA,1.0,81178.0,0.3547369341024296,15007.0,0.06557857018003849,RESERVA_DEFINIBLE
16,160010,BOGOTA D.C.,ZONA 10 - LOCALIDAD 10 ENGATIVÁ,602448.0,451064,448247,8200,2635,182,151384.0,162401.0,ABELARDO DE LA ESPRIELLA,4,178219,0.3975910602859584,IVAN CEPEDA,1.0,170758.0,0.38094621938350953,7461.0,0.016644840902448887,BISAGRA
16,160011,BOGOTA D.C.,ZONA 11 - LOCALIDAD 11 SUBA,785333.0,620631,617285,9502,3109,237,164702.0,177550.0,ABELARDO DE LA ESPRIELLA,4,273433,0.4429607069667982,IVAN CEPEDA,1.0,203006.0,0.3288691609224264,70427.0,0.11409154604437177,VENTAJA_DEFENDIBLE
16,160012,BOGOTA D.C.,ZONA 12 - LOCALIDAD 12 BARRIOS UNIDOS,145779.0,102677,102234,1563,398,45,43102.0,45108.0,ABELARDO DE LA ESPRIELLA,4,46645,0.4562572138427529,IVAN CEPEDA,1.0,31881.0,0.3118434180409648,14764.0,0.1444137958017881,VENTAJA_DEFENDIBLE
16,160013,BOGOTA D.C.,ZONA 13 - LOCALIDAD 13 TEUSAQUILLO,150125.0,107416,107144,1518,244,28,42709.0,44499.0,ABELARDO DE LA ESPRIELLA,4,42087,0.39280781005002613,IVAN CEPEDA,1.0,38360.0,0.3580228477562906,3727.0,0.03478496229373551,BISAGRA
16,160014,BOGOTA D.C.,ZONA 14 - LOCALIDAD 14 LOS MÁRTIRES,81143.0,49774,49441,765,303,30,31369.0,32467.0,ABELARDO DE LA ESPRIELLA,4,21952,0.44400396432111,IVAN CEPEDA,1.0,18545.0,0.37509354584251936,3407.0,0.06891041847859064,RESERVA_DEFINIBLE
16,160015,BOGOTA D.C.,ZONA 15 - LOCALIDAD 15 ANTONIO NARIÑO,102227.0,68407,67902,1141,468,37,33820.0,35466.0,ABELARDO DE LA ESPRIELLA,4,27401,0.40353745103237015,IVAN CEPEDA,1.0,27228.0,0.40098966157108773,173.0,0.0025477894612824237,BISAGRA
16,160016,BOGOTA D.C.,ZONA 16 - LOCALIDAD 16 PUENTE ARANDA,211288.0,151121,150229,2617,828,64,60167.0,63676.0,ABELARDO DE LA ESPRIELLA,4,64689,0.4306026133436287,IVAN CEPEDA,1.0,54928.0,0.36562847386323544,9761.0,0.06497413948039327,RESERVA_DEFINIBLE
16,160017,BOGOTA D.C.,ZONA 17 - LOCALIDAD 17 LA CANDELARIA,41609.0,24792,24569,417,200,23,16817.0,17457.0,IVAN CEPEDA,1,13172,0.5361227563189385,ABELARDO DE LA ESPRIELLA,4.0,6830.0,0.2779925922910985,6342.0,0.25813016402783995,CONSOLIDADO
16,160018,BOGOTA D.C.,ZONA 18 - LOCALIDAD 18 RAFAEL URIBE URIBE,264397.0,175713,173353,3322,2190,170,88684.0,94366.0,IVAN CEPEDA,1,88776,0.5121111258530282,ABELARDO DE LA ESPRIELLA,4.0,53684.0,0.30968024781803605,35092.0,0.20243087803499216,CONSOLIDADO
16,160019,BOGOTA D.C.,ZONA 19 - LOCALIDAD 19 CIUDAD BOLÍVAR,447949.0,287753,282823,5792,4625,305,160196.0,170918.0,IVAN CEPEDA,1,161835,0.5722130095501426,ABELARDO DE LA ESPRIELLA,4.0,74692.0,0.26409450433663456,87143.0,0.3081185052135081,CONSOLIDADO
16,160020,BOGOTA D.C.,ZONA 20 - LOCALIDAD 20 SUMAPAZ,4335.0,2197,2185,24,11,1,2138.0,2174.0,IVAN CEPEDA,1,1664,0.7615560640732265,ABELARDO DE LA ESPRIELLA,4.0,339.0,0.1551487414187643,1325.0,0.6064073226544622,CONSOLIDADO
16,160090,BOGOTA D.C.,ZONA 90 - PUESTO CENSO / CORFERIAS,271574.0,43758,43371,801,370,17,227816.0,229004.0,ABELARDO DE LA ESPRIELLA,4,19823,0.45705655852989324,IVAN CEPEDA,1.0,16825.0,0.38793202831385026,2998.0,0.06912453021604298,RESERVA_DEFINIBLE
16,160098,BOGOTA D.C.,ZONA 98 - ESTABLECIMIENTOS CARCELARIOS,1361.0,545,537,10,6,2,816.0,834.0,IVAN CEPEDA,1,315,0.5865921787709497,ABELARDO DE LA ESPRIELLA,4.0,122.0,0.2271880819366853,193.0,0.35940409683426444,VENTAJA_DEFENDIBLE
