departamento,municipio,departamento_nombre,municipio_nombre,total_votos_mmv,votos_validos,ABELARDO DE LA ESPRIELLA,CARLOS CAICEDO,CLAUDIA LOPEZ,GUSTAVO MATAMORROS,IVAN CEPEDA,LUIS GILBERTO MURILLO,MAURICIO LIZCANO,MIGUEL URIBE,NO MARCADOS,PALOMA VALENCIA,ROY BARRERAS,SANTIAGO BOTERO,SERGIO FAJARDO,SONDRA MACOLLINS,VOTO EN BLANCO,VOTO NULO,votos_abelardo,votos_cepeda,margen_abelardo_vs_cepeda,ganador_2v_base,margen_abs,margen_pp_validos,voto_blanco,voto_nulo,no_marcados,abstencion_estimada,bolsa_indefinida,score_disputa,score_oportunidad,potencial
1,1,ANTIOQUIA,MEDELLIN,1241123,1227731,676358,359,5056,222,300729,621,1504,1340,2292,101941,528,9253,105609,757,23454,11100,676358,300729,375629,ABELARDO DE LA ESPRIELLA,375629,0.3059538286481322,23454,11100,2292,650739.0,687585.0,0.44375721550262415,5.964515080680033,1891862.0
1,4,ANTIOQUIA,ABEJORRAL,7590,7472,4191,3,45,6,924,3,15,29,53,1635,11,132,343,22,113,65,4191,924,3267,ABELARDO DE LA ESPRIELLA,3267,0.4372323340471092,113,65,53,7808.0,8039.0,0.19942770513079233,1.7932906914611613,15398.0
1,7,ANTIOQUIA,ABRIAQUI,1097,1077,592,0,4,0,102,1,1,2,2,319,3,8,26,3,16,18,592,102,490,ABELARDO DE LA ESPRIELLA,490,0.4549675023212627,16,18,2,932.0,968.0,0.15017958710250318,1.0326745802213095,2029.0
1,10,ANTIOQUIA,ALEJANDRIA,2760,2724,1811,2,2,0,389,1,8,3,22,312,1,48,114,3,30,14,1811,389,1422,ABELARDO DE LA ESPRIELLA,1422,0.5220264317180616,30,14,22,1983.0,2049.0,0.14868102852621493,1.1337813184490892,4743.0
1,13,ANTIOQUIA,AMAGA,13229,12966,6531,14,52,2,3882,14,40,21,52,1067,10,325,659,18,331,211,6531,3882,2649,ABELARDO DE LA ESPRIELLA,2649,0.2043035631652013,331,211,52,11543.0,12137.0,0.44190412924905825,4.155708989652121,24772.0
1,16,ANTIOQUIA,AMALFI,6760,6657,4087,4,41,3,1140,11,19,27,37,572,27,153,327,14,232,66,4087,1140,2947,ABELARDO DE LA ESPRIELLA,2947,0.4426919032597266,232,66,37,12244.0,12579.0,0.194471656213476,1.8357858951577697,19004.0
1,19,ANTIOQUIA,ANDES,17719,17551,10148,13,52,13,2566,9,19,45,51,3583,13,243,584,17,246,117,10148,2566,7582,ABELARDO DE LA ESPRIELLA,7582,0.431998176742066,246,117,51,18604.0,19018.0,0.2211077714064448,2.1786177131737716,36323.0
1,22,ANTIOQUIA,ANGELOPOLIS,2955,2899,1619,3,19,0,544,1,4,5,17,410,7,85,131,6,65,39,1619,544,1075,ABELARDO DE LA ESPRIELLA,1075,0.370817523283891,65,39,17,3031.0,3152.0,0.2093513435838211,1.6865573812843582,5986.0
1,25,ANTIOQUIA,ANGOSTURA,3667,3478,1816,3,33,2,559,0,21,31,73,600,11,76,178,20,128,116,1816,559,1257,ABELARDO DE LA ESPRIELLA,1257,0.3614146060954571,128,116,73,5795.0,6112.0,0.21955249043318875,1.9140965788150168,9462.0
1,28,ANTIOQUIA,ANORI,3813,3758,1811,5,10,2,1275,0,14,14,29,215,8,99,152,10,143,26,1811,1275,536,ABELARDO DE LA ESPRIELLA,536,0.1426290580095795,143,26,29,9890.0,10088.0,0.5393408274227517,4.972291495736916,13703.0
1,31,ANTIOQUIA,ANTIOQUIA,12290,12060,5907,9,57,2,3261,9,19,38,70,1673,5,174,574,14,318,160,5907,3261,2646,ABELARDO DE LA ESPRIELLA,2646,0.2194029850746268,318,160,70,12148.0,12696.0,0.4096604227938045,3.8709309137502577,24438.0
1,34,ANTIOQUIA,ANZA,2953,2901,1811,1,11,0,400,5,10,12,29,463,7,60,65,9,47,23,1811,400,1411,ABELARDO DE LA ESPRIELLA,1411,0.4863840055153395,47,23,29,3736.0,3835.0,0.1606247450533082,1.3255051817906576,6689.0
1,35,ANTIOQUIA,APARTADO,54916,54380,16661,26,164,7,32102,32,101,38,133,2067,25,340,1385,43,1389,403,16661,32102,-15441,IVAN CEPEDA,15441,0.2839463037881574,1389,403,133,54897.0,56822.0,0.3709442835855221,4.060985417419404,109813.0
1,37,ANTIOQUIA,ARBOLETES,9852,9773,4837,6,18,11,4120,3,27,9,37,414,6,59,157,13,93,42,4837,4120,717,ABELARDO DE LA ESPRIELLA,717,0.0733653944541082,93,42,37,13599.0,13771.0,1.1020737247141217,10.503195518039622,23451.0
1,39,ANTIOQUIA,ARGELIA,3202,3164,1946,2,8,2,334,10,8,9,20,670,15,52,56,11,41,18,1946,334,1612,ABELARDO DE LA ESPRIELLA,1612,0.5094816687737042,41,18,20,3625.0,3704.0,0.15515289218202077,1.2749593554568341,6827.0
1,40,ANTIOQUIA,ARMENIA,2305,2256,1311,0,9,0,400,1,4,6,25,399,1,32,55,5,33,24,1311,400,911,ABELARDO DE LA ESPRIELLA,911,0.4038120567375886,33,24,25,2281.0,2363.0,0.18660142088885945,1.4495404342544453,4586.0
1,43,ANTIOQUIA,BARBOSA,24555,23983,11617,10,141,8,6929,15,36,51,105,2731,28,332,1365,36,684,467,11617,6929,4688,ABELARDO DE LA ESPRIELLA,4688,0.1954717925197014,684,467,105,22427.0,23683.0,0.4908285510467515,4.9438975728727685,46982.0
1,46,ANTIOQUIA,BELMIRA,2771,2729,1611,2,25,0,351,1,3,16,16,448,6,34,159,4,69,26,1611,351,1260,ABELARDO DE LA ESPRIELLA,1260,0.4617075851960425,69,26,16,2648.0,2759.0,0.16773223786280098,1.3289401654101785,5419.0
1,49,ANTIOQUIA,BELLO,228294,225626,116690,77,1154,31,63055,119,293,270,345,18571,93,2176,18325,145,4627,2323,116690,63055,53635,ABELARDO DE LA ESPRIELLA,53635,0.2377163979328623,4627,2323,345,151301.0,158596.0,0.4976109201957945,5.9584537039857794,379595.0
1,52,ANTIOQUIA,BETANIA,3661,3617,2365,1,10,2,494,3,5,10,18,477,7,70,117,3,53,26,2365,494,1871,ABELARDO DE LA ESPRIELLA,1871,0.5172795134089024,53,26,18,4745.0,4842.0,0.15539531610061036,1.3185742661864848,8406.0
1,55,ANTIOQUIA,BETULIA,5703,5591,3581,3,12,2,605,4,17,16,52,960,10,132,147,12,90,60,3581,605,2976,ABELARDO DE LA ESPRIELLA,2976,0.5322840279019854,90,60,52,8108.0,8310.0,0.1591249574009822,1.4361560820227097,13811.0
1,58,ANTIOQUIA,BOLIVAR,11908,11749,7523,7,31,2,1642,8,13,18,48,1791,7,179,333,16,179,111,7523,1642,5881,ABELARDO DE LA ESPRIELLA,5881,0.5005532385734957,179,111,48,11979.0,12317.0,0.18355790956799964,1.7288983382432725,23887.0
1,61,ANTIOQUIA,BURITICA,3527,3470,1749,1,13,0,1075,1,2,7,22,360,3,53,97,2,107,35,1749,1075,674,ABELARDO DE LA ESPRIELLA,674,0.194236311239193,107,35,22,5029.0,5193.0,0.3991551730639257,3.4148760433094245,8556.0
1,62,ANTIOQUIA,BRICEÑO,1888,1816,1022,2,16,4,437,1,10,6,22,131,4,52,62,11,58,50,1022,437,585,ABELARDO DE LA ESPRIELLA,585,0.3221365638766519,58,50,22,4945.0,5075.0,0.22595952643092132,1.9279496835399694,6833.0
1,64,ANTIOQUIA,CACERES,6491,6365,2099,8,42,0,3635,7,21,14,37,197,15,95,68,12,152,89,2099,3635,-1536,IVAN CEPEDA,1536,0.2413197172034564,152,89,37,14590.0,14868.0,0.34850932928399697,3.3481409017590558,21081.0
1,67,ANTIOQUIA,CAICEDO,3096,3008,1363,2,4,0,493,4,5,21,30,832,6,59,133,15,71,58,1363,493,870,ABELARDO DE LA ESPRIELLA,870,0.2892287234042553,71,58,30,4199.0,4358.0,0.2676669199904806,2.243048241402185,7295.0
1,70,ANTIOQUIA,CALDAS,47528,46595,22385,19,228,8,13435,29,71,55,121,4339,34,512,4322,34,1124,812,22385,13435,8950,ABELARDO DE LA ESPRIELLA,8950,0.1920806953535787,1124,812,121,25698.0,27755.0,0.5319295819282377,5.442281828103629,73226.0
1,73,ANTIOQUIA,CAMPAMENTO,2074,2031,1131,1,20,3,426,4,9,8,14,220,2,45,91,7,64,29,1131,426,705,ABELARDO DE LA ESPRIELLA,705,0.3471196454948301,64,29,14,5122.0,5229.0,0.21328358450133594,1.8261695743869992,7196.0
1,76,ANTIOQUIA,CAÑASGORDAS,7586,7497,4258,3,12,3,1044,4,13,8,39,1777,6,86,168,5,110,50,4258,1044,3214,ABELARDO DE LA ESPRIELLA,3214,0.4287048152594371,110,50,39,7362.0,7561.0,0.20338029779817707,1.8163672680206744,14948.0
1,78,ANTIOQUIA,CARACOLI,1991,1965,1129,1,13,0,445,2,3,6,11,248,4,43,41,1,29,15,1129,445,684,ABELARDO DE LA ESPRIELLA,684,0.3480916030534351,29,15,11,2864.0,2919.0,0.21178257842520393,1.689884965367174,4855.0
1,79,ANTIOQUIA,CARAMANTA,2420,2385,1168,2,4,0,387,1,0,4,9,659,2,33,92,5,28,26,1168,387,781,ABELARDO DE LA ESPRIELLA,781,0.3274633123689727,28,26,9,2546.0,2609.0,0.2304657519082935,1.8130983844723687,4966.0
1,80,ANTIOQUIA,CAREPA,22386,22103,7089,7,67,0,12538,9,47,23,87,1009,13,199,502,18,582,196,7089,12538,-5449,IVAN CEPEDA,5449,0.2465276206849748,582,196,87,27054.0,27919.0,0.389958548708793,3.9920440962283643,49440.0
1,82,ANTIOQUIA,CARMEN DE VIBORAL,34724,34268,19259,11,167,3,7719,12,51,62,78,3180,23,364,2804,39,574,378,19259,7719,11540,ABELARDO DE LA ESPRIELLA,11540,0.3367573246177192,574,378,78,12861.0,13891.0,0.30113268539932886,2.872525287674772,47585.0
1,85,ANTIOQUIA,CAROLINA,2402,2365,1350,2,10,0,483,7,5,4,12,322,2,12,120,5,43,25,1350,483,867,ABELARDO DE LA ESPRIELLA,867,0.3665961945031712,43,25,12,1907.0,1987.0,0.2062940666404666,1.566779585903084,4309.0
1,88,ANTIOQUIA,CAUCASIA,37632,37015,14390,29,276,10,18877,13,76,55,140,1065,39,395,771,47,972,477,14390,18877,-4487,IVAN CEPEDA,4487,0.1212211265703093,972,477,140,40088.0,41677.0,0.8016320089243113,8.52754382066234,77720.0
1,91,ANTIOQUIA,CISNEROS,6693,6579,3523,5,24,3,1639,0,8,4,28,758,5,140,306,7,157,86,3523,1639,1884,ABELARDO DE LA ESPRIELLA,1884,0.2863657090743274,157,86,28,6127.0,6398.0,0.29665341688077734,2.599839992359139,12820.0
1,94,ANTIOQUIA,COCORNA,8811,8669,5912,8,28,6,1017,6,30,28,74,1115,12,127,251,24,105,68,5912,1017,4895,ABELARDO DE LA ESPRIELLA,4895,0.564655669627408,105,68,74,5991.0,6238.0,0.1577923015299545,1.3788798916557252,14802.0
1,97,ANTIOQUIA,CONCEPCION,2761,2720,1902,3,16,1,278,0,5,4,17,342,4,17,101,5,42,24,1902,278,1624,ABELARDO DE LA ESPRIELLA,1624,0.5970588235294118,42,24,17,1804.0,1887.0,0.13027987457297985,0.9827367054784875,4565.0
1,100,ANTIOQUIA,CONCORDIA,6872,6764,4234,5,30,3,901,4,14,29,42,1054,14,133,154,26,163,66,4234,901,3333,ABELARDO DE LA ESPRIELLA,3333,0.492755765819042,163,66,42,9459.0,9730.0,0.17542349864922913,1.6109266089082541,16331.0
1,103,ANTIOQUIA,COPACABANA,46373,45747,23129,13,202,9,13240,37,46,61,69,3660,13,430,3929,20,958,557,23129,13240,9889,ABELARDO DE LA ESPRIELLA,9889,0.2161671803615537,958,557,69,31470.0,33054.0,0.474467751543197,4.937277317706298,77843.0
1,106,ANTIOQUIA,CHIGORODO,24689,24344,8393,20,93,6,13171,11,57,32,101,965,24,296,614,25,637,244,8393,13171,-4778,IVAN CEPEDA,4778,0.196270128162997,637,244,101,28932.0,29914.0,0.4896531484498619,5.046421807784098,53621.0
1,109,ANTIOQUIA,DABEIBA,7842,7702,3711,9,25,3,2923,4,14,17,52,511,5,135,187,14,144,88,3711,2923,788,ABELARDO DE LA ESPRIELLA,788,0.1023110880290833,144,88,52,12746.0,13030.0,0.7968371867286602,7.550101201461339,20588.0
1,112,ANTIOQUIA,DON MATIAS,9894,9737,6501,7,41,4,1263,5,19,24,42,999,8,127,496,13,230,115,6501,1263,5238,ABELARDO DE LA ESPRIELLA,5238,0.5379480332751361,230,115,42,9333.0,9720.0,0.16760332146554624,1.5389410341668468,19227.0
1,115,ANTIOQUIA,EBEJICO,5640,5542,3233,4,24,3,946,10,15,21,34,932,8,88,155,11,92,64,3233,946,2287,ABELARDO DE LA ESPRIELLA,2287,0.412666907253699,92,64,34,5713.0,5903.0,0.20394998996800132,1.7709763583411584,11353.0
1,117,ANTIOQUIA,EL BAGRE,13919,13496,5608,9,49,6,6230,12,41,39,130,507,21,248,292,20,414,293,5608,6230,-622,IVAN CEPEDA,622,0.0460877296976882,414,293,130,28678.0,29515.0,1.695597730335887,17.452258018779,42597.0
1,118,ANTIOQUIA,ENTRERRIOS,5842,5771,3765,1,21,0,775,1,8,7,14,542,4,59,436,8,144,57,3765,775,2990,ABELARDO DE LA ESPRIELLA,2990,0.5181077802807139,144,57,14,3980.0,4195.0,0.16399633262911137,1.3680388702072264,9822.0
1,121,ANTIOQUIA,ENVIGADO,164295,163223,106750,28,552,56,23934,48,116,111,169,14875,35,617,14177,67,1857,903,106750,23934,82816,ABELARDO DE LA ESPRIELLA,82816,0.5073794747063833,1857,903,169,80522.0,83451.0,0.23199371749981587,2.6289590462368895,244817.0
1,124,ANTIOQUIA,FREDONIA,8864,8694,4536,2,37,8,2065,6,22,19,53,1355,20,144,300,10,170,117,4536,2065,2471,ABELARDO DE LA ESPRIELLA,2471,0.2842190016103059,170,117,53,9180.0,9520.0,0.30829087778641495,2.824331396222963,18044.0
1,127,ANTIOQUIA,FRONTINO,6669,6547,3173,3,29,2,2033,5,16,17,36,762,11,93,239,16,148,86,3173,2033,1140,ABELARDO DE LA ESPRIELLA,1140,0.1741255536887123,148,86,36,11518.0,11788.0,0.4772240877193191,4.473938681111727,18187.0
1,130,ANTIOQUIA,GIRALDO,2869,2836,1446,0,5,0,876,0,1,6,8,305,2,29,102,1,63,25,1446,876,570,ABELARDO DE LA ESPRIELLA,570,0.2009873060648801,63,25,8,2353.0,2449.0,0.3768237332896233,2.940673367646707,5222.0
1,133,ANTIOQUIA,GIRARDOTA,32202,31629,16081,16,143,5,8511,18,131,50,68,2840,17,393,2631,37,756,505,16081,8511,7570,ABELARDO DE LA ESPRIELLA,7570,0.2393373170191912,756,505,68,24637.0,25966.0,0.4155760333100142,4.224156576420396,56839.0
1,136,ANTIOQUIA,GOMEZ PLATA,4741,4655,2944,2,24,1,691,2,12,15,20,520,4,70,241,11,118,66,2944,691,2253,ABELARDO DE LA ESPRIELLA,2253,0.4839957035445757,118,66,20,4362.0,4566.0,0.17097136531368956,1.4407093266687045,9103.0
1,139,ANTIOQUIA,GRANADA,5971,5906,4553,4,18,3,589,20,9,15,27,410,5,40,178,9,53,38,4553,589,3964,ABELARDO DE LA ESPRIELLA,3964,0.671181848967152,53,38,27,4001.0,4119.0,0.12748274752878785,1.0611164735837726,9972.0
1,140,ANTIOQUIA,GUADALUPE,2303,2252,1028,2,14,1,823,1,6,9,11,168,1,20,77,7,95,40,1028,823,205,ABELARDO DE LA ESPRIELLA,205,0.0910301953818827,95,40,11,3563.0,3709.0,0.7641297644977771,6.280219893667115,5866.0
1,142,ANTIOQUIA,GUARNE,32368,31950,18974,12,166,14,6465,12,37,53,74,2980,32,271,2315,22,597,344,18974,6465,12509,ABELARDO DE LA ESPRIELLA,12509,0.3915179968701095,597,344,74,12776.0,13791.0,0.25831865169360596,2.462253088400623,45144.0
1,145,ANTIOQUIA,GUATAPE,5982,5941,3883,2,22,0,799,4,10,3,13,794,3,39,312,3,67,28,3883,799,3084,ABELARDO DE LA ESPRIELLA,3084,0.5191045278572631,67,28,13,2430.0,2538.0,0.1642359987205932,1.2875323134069072,8412.0
1,148,ANTIOQUIA,HELICONIA,2924,2867,1471,4,7,3,588,5,5,10,22,565,4,45,90,6,64,35,1471,588,883,ABELARDO DE LA ESPRIELLA,883,0.3079874433205441,64,35,22,3166.0,3287.0,0.2503674396254109,2.027484227901392,6090.0
1,150,ANTIOQUIA,HISPANIA,2620,2593,1620,1,14,1,476,2,8,11,15,267,3,42,114,1,33,12,1620,476,1144,ABELARDO DE LA ESPRIELLA,1144,0.4411878133436174,33,12,15,2642.0,2702.0,0.17422802949000776,1.3767703688861608,5262.0
1,151,ANTIOQUIA,ITAGUI,163596,161696,90656,48,697,40,39461,112,194,178,205,12156,75,1432,13637,98,2912,1695,90656,39461,51195,ABELARDO DE LA ESPRIELLA,51195,0.316612655848011,2912,1695,205,104403.0,109215.0,0.36720804530301343,4.260010957373428,267999.0
1,154,ANTIOQUIA,ITUANGO,4928,4736,2001,13,55,11,1547,10,17,29,77,474,12,128,181,20,238,115,2001,1547,454,ABELARDO DE LA ESPRIELLA,454,0.0958614864864864,238,115,77,12733.0,13163.0,0.7994559290459333,7.58303224387028,17661.0
1,157,ANTIOQUIA,JARDIN,8601,8530,4799,0,26,0,1918,2,12,10,22,1129,8,83,405,9,129,49,4799,1918,2881,ABELARDO DE LA ESPRIELLA,2881,0.337749120750293,129,49,22,4779.0,4979.0,0.26028712444705926,2.215872487789516,13380.0
1,160,ANTIOQUIA,JERICO,7001,6894,4143,9,19,3,1228,5,12,14,24,978,8,76,255,13,131,83,4143,1228,2915,ABELARDO DE LA ESPRIELLA,2915,0.4228314476356252,131,83,24,4477.0,4715.0,0.20420308733361836,1.7272959755094957,11478.0
1,163,ANTIOQUIA,LA CEJA,46829,46228,27398,20,240,10,8622,16,70,68,118,4425,26,387,4224,34,688,483,27398,8622,18776,ABELARDO DE LA ESPRIELLA,18776,0.4061607683654927,688,483,118,14730.0,16019.0,0.25810608308804284,2.4988781042265846,61559.0
1,166,ANTIOQUIA,LA ESTRELLA,42562,42053,22579,12,140,16,10269,18,42,43,50,4111,14,401,3600,19,789,459,22579,10269,12310,ABELARDO DE LA ESPRIELLA,12310,0.2927258459562932,789,459,50,24331.0,25629.0,0.35169477360269813,3.5702361128976823,66893.0
1,168,ANTIOQUIA,PUERTO NARE-LA MAGDALENA,5883,5795,2222,5,15,1,2584,3,8,7,23,600,5,98,169,7,71,65,2222,2584,-362,IVAN CEPEDA,362,0.0624676445211389,71,65,23,6375.0,6534.0,1.195695452873869,10.50409801630397,12258.0
1,169,ANTIOQUIA,LA UNION,14120,13913,7448,5,80,7,2392,8,29,35,40,2093,11,200,1276,30,299,167,7448,2392,5056,ABELARDO DE LA ESPRIELLA,5056,0.3634011356285488,299,167,40,6410.0,6916.0,0.25550674318179944,2.2591235344503535,20530.0
1,170,ANTIOQUIA,LA PINTADA,3779,3709,1908,1,9,0,1191,1,4,6,17,347,5,59,89,7,82,53,1908,1191,717,ABELARDO DE LA ESPRIELLA,717,0.1933135616069021,82,53,17,3701.0,3853.0,0.4042419546755148,3.3377719945248345,7480.0
1,172,ANTIOQUIA,LIBORINA,4861,4808,3029,0,21,0,700,3,4,14,20,735,10,58,170,5,59,33,3029,700,2329,ABELARDO DE LA ESPRIELLA,2329,0.4844009983361065,59,33,20,4743.0,4855.0,0.1714851804468634,1.4555611241374278,9604.0
1,175,ANTIOQUIA,MACEO,4441,4379,2517,3,11,0,867,2,11,12,15,653,1,92,132,7,71,47,2517,867,1650,ABELARDO DE LA ESPRIELLA,1650,0.3767983557889929,71,47,15,4298.0,4431.0,0.21677455133611245,1.8201705479132961,8739.0
1,178,ANTIOQUIA,MARINILLA,38613,38218,23357,20,180,3,7013,18,56,54,74,3580,21,323,3051,36,506,321,23357,7013,16344,ABELARDO DE LA ESPRIELLA,16344,0.427651891778743,506,321,74,14962.0,15863.0,0.2410840270850296,2.331718342323605,53575.0
1,181,ANTIOQUIA,MONTEBELLO,3363,3289,1580,6,12,1,610,5,9,12,37,808,5,41,133,10,57,37,1580,610,970,ABELARDO DE LA ESPRIELLA,970,0.2949224688355123,57,37,37,3170.0,3301.0,0.26559678841273443,2.151940509470997,6533.0
1,184,ANTIOQUIA,MURINDO,1634,1620,73,3,5,0,1491,0,1,0,13,29,1,5,9,1,2,1,73,1491,-1418,IVAN CEPEDA,1418,0.8753086419753087,2,1,13,1978.0,1994.0,0.08348273326740897,0.6343351444692117,3612.0
1,187,ANTIOQUIA,MUTATA,5876,5781,2151,8,18,1,3065,0,14,9,39,226,3,102,80,3,101,56,2151,3065,-914,IVAN CEPEDA,914,0.1581041342328316,101,56,39,10596.0,10792.0,0.5153058823989625,4.7854669469497955,16472.0
1,190,ANTIOQUIA,NARIÑO,3797,3750,2383,7,8,2,315,11,13,12,25,810,6,54,60,18,51,22,2383,315,2068,ABELARDO DE LA ESPRIELLA,2068,0.5514666666666667,51,22,25,4996.0,5094.0,0.146576426325372,1.251178565794342,8793.0
1,191,ANTIOQUIA,NECHI,6422,6357,3241,6,28,2,2469,4,18,15,21,341,5,57,58,9,104,44,3241,2469,772,ABELARDO DE LA ESPRIELLA,772,0.1214409312568821,104,44,21,15698.0,15867.0,0.666266516657247,6.444169579610086,22120.0
1,192,ANTIOQUIA,NECOCLI,15610,15373,7488,10,77,3,5919,14,46,28,101,1117,20,138,176,23,314,136,7488,5919,1569,ABELARDO DE LA ESPRIELLA,1569,0.1020620568529239,314,136,101,24815.0,25366.0,0.8602762898205311,8.724237691844284,40425.0
1,193,ANTIOQUIA,OLAYA,1634,1619,938,0,3,0,259,0,2,3,5,310,1,27,43,8,25,10,938,259,679,ABELARDO DE LA ESPRIELLA,679,0.4193946880790611,25,10,5,1369.0,1409.0,0.17210695971315168,1.2480069389194062,3003.0
1,196,ANTIOQUIA,PEÑOL,11862,11750,7725,5,48,4,1624,10,24,26,35,1327,16,115,658,21,147,77,7725,1624,6101,ABELARDO DE LA ESPRIELLA,6101,0.5192340425531915,147,77,35,7041.0,7300.0,0.17708032493756343,1.5752652408149768,18903.0
1,199,ANTIOQUIA,PEQUE,3060,3027,1188,1,10,1,876,6,3,11,22,746,9,35,69,8,64,11,1188,876,312,ABELARDO DE LA ESPRIELLA,312,0.1030723488602576,64,11,22,3696.0,3793.0,0.708896356656005,5.842139747646238,6756.0
1,202,ANTIOQUIA,PUEBLORRICO,3650,3611,2251,3,14,0,569,2,7,12,12,568,5,36,101,5,38,27,2251,569,1682,ABELARDO DE LA ESPRIELLA,1682,0.465798947659928,38,27,12,3781.0,3858.0,0.17217391830786535,1.4218403439823848,7431.0
1,205,ANTIOQUIA,PUERTO BERRIO,15021,14764,7444,9,69,9,5517,7,30,24,56,657,11,271,382,16,318,201,7444,5517,1927,ABELARDO DE LA ESPRIELLA,1927,0.1305201842319154,318,201,56,19885.0,20460.0,0.6831769291117707,6.781402696556445,34906.0
1,206,ANTIOQUIA,PUERTO TRIUNFO,7980,7843,4688,3,26,2,2061,6,14,6,44,469,6,205,206,3,148,93,4688,2061,2627,ABELARDO DE LA ESPRIELLA,2627,0.3349483615963279,148,93,44,7304.0,7589.0,0.2599665684978774,2.322693889641394,15284.0
1,208,ANTIOQUIA,REMEDIOS,8062,7918,3066,12,44,4,3584,7,19,13,41,294,12,222,323,16,302,103,3066,3584,-518,IVAN CEPEDA,518,0.0654205607476635,302,103,41,15848.0,16294.0,1.1902616640898571,11.543887952511515,23910.0
1,211,ANTIOQUIA,RETIRO,17666,17556,11323,6,49,0,2139,5,10,10,29,2825,7,95,916,11,160,81,11323,2139,9184,ABELARDO DE LA ESPRIELLA,9184,0.5231259968102073,160,81,29,5339.0,5609.0,0.1833189165083703,1.5824649826167947,23005.0
1,214,ANTIOQUIA,RIONEGRO,100692,99730,58712,31,400,35,18050,35,80,95,111,12987,29,664,7243,45,1324,851,58712,18050,40662,ABELARDO DE LA ESPRIELLA,40662,0.4077208462849694,1324,851,111,34326.0,36612.0,0.27554841810711195,2.89550649255946,135018.0
1,217,ANTIOQUIA,SABANALARGA,3546,3507,2116,5,10,1,504,3,5,20,18,640,3,62,70,13,55,21,2116,504,1612,ABELARDO DE LA ESPRIELLA,1612,0.459652124322783,55,21,18,4304.0,4398.0,0.17380526842633706,1.458075429737128,7850.0
1,218,ANTIOQUIA,SABANETA,71369,70950,43977,9,240,4,11895,23,43,39,54,6610,12,319,6874,23,882,365,43977,11895,32082,ABELARDO DE LA ESPRIELLA,32082,0.4521775898520084,882,365,54,28177.0,29478.0,0.2416764685734367,2.48719728657375,99546.0
1,220,ANTIOQUIA,SALGAR,5823,5752,4025,5,17,1,454,2,10,12,29,921,6,103,135,5,56,42,4025,454,3571,ABELARDO DE LA ESPRIELLA,3571,0.6208275382475661,56,42,29,8405.0,8532.0,0.1372399936900931,1.2422547401510002,14228.0
1,223,ANTIOQUIA,SAN ANDRES,2335,2237,1202,3,26,1,427,4,12,20,41,265,3,52,100,15,107,57,1202,427,775,ABELARDO DE LA ESPRIELLA,775,0.346446133214126,107,57,41,3416.0,3621.0,0.2163956112896946,1.7733147820365158,5751.0
1,226,ANTIOQUIA,SAN CARLOS,8801,8722,5447,3,32,1,1498,4,9,18,30,1182,8,113,284,10,113,49,5447,1498,3949,ABELARDO DE LA ESPRIELLA,3949,0.4527631277229993,113,49,30,6832.0,7024.0,0.19607695494409755,1.736698784541122,15633.0
1,227,ANTIOQUIA,SAN FRANCISCO,2827,2783,1686,3,7,0,438,6,3,8,23,453,6,48,94,6,25,21,1686,438,1248,ABELARDO DE LA ESPRIELLA,1248,0.4484369385555156,25,21,23,3773.0,3842.0,0.1730149417375932,1.4280668153981702,6600.0
1,229,ANTIOQUIA,SAN JERONIMO,7670,7566,4532,3,34,1,1463,1,6,17,28,983,8,114,249,10,145,76,4532,1463,3069,ABELARDO DE LA ESPRIELLA,3069,0.4056304520222046,145,76,28,6184.0,6433.0,0.21489166453610486,1.884460585391455,13854.0
1,230,ANTIOQUIA,SAN JOSE DE LA MONTAÑA,1602,1569,927,2,10,0,191,1,3,2,15,194,4,44,131,5,55,18,927,191,736,ABELARDO DE LA ESPRIELLA,736,0.4690885914595283,55,18,15,1671.0,1759.0,0.15360062897602939,1.1478681123030678,3273.0
1,231,ANTIOQUIA,SAN JUAN DE URABA,7710,7660,3525,4,24,6,3097,10,15,20,31,665,15,66,81,18,114,19,3525,3097,428,ABELARDO DE LA ESPRIELLA,428,0.0558746736292428,114,19,31,13407.0,13571.0,1.357714172954397,12.919687820231031,21117.0
1,232,ANTIOQUIA,SAN LUIS,6844,6796,4632,3,13,1,1045,4,4,7,15,609,10,134,264,7,63,33,4632,1045,3587,ABELARDO DE LA ESPRIELLA,3587,0.52781047675103,63,33,15,5518.0,5629.0,0.16407706801575878,1.4169473632243517,12362.0
1,235,ANTIOQUIA,SAN PEDRO,14943,14712,9059,3,67,1,2106,7,23,22,31,1740,10,212,1080,18,364,200,9059,2106,6953,ABELARDO DE LA ESPRIELLA,6953,0.4726073953235454,364,200,31,9086.0,9681.0,0.19884665731788786,1.8250193475479708,24029.0
1,237,ANTIOQUIA,SAN PEDRO DE URABA,11554,11431,6831,6,50,15,3017,10,21,30,56,960,11,100,159,22,199,67,6831,3017,3814,ABELARDO DE LA ESPRIELLA,3814,0.3336540985040679,199,67,56,18019.0,18341.0,0.2719063081245077,2.669290302840486,29573.0
1,238,ANTIOQUIA,SAN RAFAEL,7555,7438,4376,5,36,1,1230,7,15,18,40,1118,9,113,389,15,106,77,4376,1230,3146,ABELARDO DE LA ESPRIELLA,3146,0.4229631621403603,106,77,40,6243.0,6466.0,0.20589492339538568,1.8066183346351399,13798.0
1,241,ANTIOQUIA,SAN ROQUE,8576,8453,4664,1,27,3,1201,2,11,13,53,1987,18,147,241,11,127,70,4664,1201,3463,ABELARDO DE LA ESPRIELLA,3463,0.4096770377380812,127,70,53,8099.0,8349.0,0.2154607988529041,1.9456146372280212,16675.0
1,244,ANTIOQUIA,SAN VICENTE,11730,11570,7424,11,65,3,1325,11,22,42,55,1719,16,125,615,23,169,105,7424,1325,6099,ABELARDO DE LA ESPRIELLA,6099,0.5271391529818497,169,105,55,5956.0,6285.0,0.17418684143459737,1.5234520879951219,17686.0
1,247,ANTIOQUIA,SANTA BARBARA,11636,11417,5987,5,46,0,2822,4,19,29,56,1450,16,189,594,18,238,163,5987,2822,3165,ABELARDO DE LA ESPRIELLA,3165,0.2772181834107033,238,163,56,10976.0,11433.0,0.3252909069188144,3.039630996935589,22612.0
1,250,ANTIOQUIA,SANTA ROSA DE OSOS,17437,17012,9396,10,116,6,2427,10,35,47,118,3052,19,224,1183,38,449,307,9396,2427,6969,ABELARDO DE LA ESPRIELLA,6969,0.4096520103456383,449,307,118,12125.0,12999.0,0.2321383621791433,2.1989781397108112,29562.0
1,253,ANTIOQUIA,SANTO DOMINGO,5376,5285,2965,3,23,1,861,6,18,19,23,965,14,85,211,6,108,68,2965,861,2104,ABELARDO DE LA ESPRIELLA,2104,0.3981078524124882,108,68,23,4258.0,4457.0,0.21006253725545576,1.7650411244355522,9634.0
1,256,ANTIOQUIA,SANTUARIO,22139,21930,16197,17,82,2,2126,10,29,30,63,1782,12,169,1197,29,248,146,16197,2126,14071,ABELARDO DE LA ESPRIELLA,14071,0.6416324669402644,248,146,63,9005.0,9462.0,0.15339408251006947,1.404345027103572,31144.0
1,259,ANTIOQUIA,SEGOVIA,12200,11981,3588,7,66,11,6457,19,24,19,53,445,10,347,445,12,531,166,3588,6457,-2869,IVAN CEPEDA,2869,0.239462482263584,531,166,53,21411.0,22161.0,0.37645583886722883,3.7668677154160455,33611.0
1,262,ANTIOQUIA,SONSON,16399,16099,9028,18,108,3,1679,8,23,54,84,4042,15,241,618,31,231,216,9028,1679,7349,ABELARDO DE LA ESPRIELLA,7349,0.4564879806199143,231,216,84,11773.0,12304.0,0.20764896317585932,1.9555882993687261,28172.0
1,265,ANTIOQUIA,SOPETRAN,7446,7357,3047,4,19,1,1713,5,8,18,30,2132,5,94,206,10,95,59,3047,1713,1334,ABELARDO DE LA ESPRIELLA,1334,0.1813239092021204,95,59,30,6313.0,6497.0,0.46536491297900173,4.085554780213855,13759.0
1,268,ANTIOQUIA,TAMESIS,8569,8415,4240,2,36,1,1964,12,12,19,58,1464,13,150,337,12,153,96,4240,1964,2276,ABELARDO DE LA ESPRIELLA,2276,0.2704693998811646,153,96,58,6580.0,6887.0,0.3222415685563866,2.8478214776713093,15149.0
1,270,ANTIOQUIA,TARAZA,6812,6679,2214,9,40,3,3594,4,33,19,31,278,3,136,148,10,188,102,2214,3594,-1380,IVAN CEPEDA,1380,0.2066177571492738,188,102,31,18566.0,18887.0,0.4065628498065269,4.003132501941774,25378.0
1,271,ANTIOQUIA,TARSO,2930,2890,1374,2,7,1,754,0,2,0,14,539,7,52,83,2,67,26,1374,754,620,ABELARDO DE LA ESPRIELLA,620,0.2145328719723183,67,26,14,3138.0,3245.0,0.35493055747306584,2.8696770003234797,6068.0
1,274,ANTIOQUIA,TITIRIBI,4087,4008,1933,2,17,1,858,2,4,9,23,816,1,82,191,5,87,56,1933,858,1075,ABELARDO DE LA ESPRIELLA,1075,0.2682135728542914,87,56,23,4582.0,4748.0,0.29819886310821797,2.5244589391646985,8669.0
1,277,ANTIOQUIA,TOLEDO,1820,1729,822,0,9,1,426,4,7,10,34,218,4,46,80,8,94,57,822,426,396,ABELARDO DE LA ESPRIELLA,396,0.2290341237709658,94,57,34,2874.0,3059.0,0.31191683303910983,2.5034975886405837,4694.0
1,280,ANTIOQUIA,TURBO,44598,43958,13435,22,165,16,26437,26,103,43,162,1683,34,296,554,31,1113,478,13435,26437,-13002,IVAN CEPEDA,13002,0.2957823376859729,1113,478,162,55363.0,57116.0,0.3496281943951062,3.8294276424690783,99961.0
1,282,ANTIOQUIA,URAMITA,2862,2811,1464,1,11,0,610,4,1,1,18,549,3,56,65,7,39,33,1464,610,854,ABELARDO DE LA ESPRIELLA,854,0.303806474564212,39,33,18,3905.0,3995.0,0.25307480554565526,2.0987617984274625,6767.0
1,283,ANTIOQUIA,URRAO,10775,10593,6415,6,61,2,1979,17,26,32,61,1143,12,216,377,28,279,121,6415,1979,4436,ABELARDO DE LA ESPRIELLA,4436,0.4187671103558954,279,121,61,15247.0,15708.0,0.21615564389748995,2.088493469945203,26022.0
1,286,ANTIOQUIA,VALDIVIA,3472,3395,1495,5,16,5,1387,9,4,11,28,183,7,71,99,6,97,49,1495,1387,108,ABELARDO DE LA ESPRIELLA,108,0.0318114874815905,97,49,28,9122.0,9296.0,1.9445262623127229,17.768005752325237,12594.0
1,289,ANTIOQUIA,VALPARAISO,3202,3165,1550,0,4,1,937,1,2,2,9,490,4,42,78,2,52,28,1550,937,613,ABELARDO DE LA ESPRIELLA,613,0.1936808846761453,52,28,9,2475.0,2564.0,0.39572806516707726,3.1063520374123628,5677.0
1,290,ANTIOQUIA,VEGACHI,4892,4822,3100,8,28,3,722,8,9,18,19,449,10,138,177,20,132,51,3100,722,2378,ABELARDO DE LA ESPRIELLA,2378,0.4931563666528411,132,51,19,7428.0,7630.0,0.16855896063659762,1.5069127554419623,12320.0
1,291,ANTIOQUIA,VIGIA DEL FUERTE,2220,2192,266,4,5,1,1663,4,2,9,12,145,2,11,58,2,20,16,266,1663,-1397,IVAN CEPEDA,1397,0.6373175182481752,20,16,12,4686.0,4734.0,0.11884470188969085,1.005751456603785,6906.0
1,292,ANTIOQUIA,VENECIA,5735,5672,3500,3,17,0,1035,2,2,8,17,785,6,78,151,6,79,46,3500,1035,2465,ABELARDO DE LA ESPRIELLA,2465,0.4345909732016925,79,46,17,5663.0,5805.0,0.19441405422789323,1.6849180079412815,11398.0
1,293,ANTIOQUIA,YALI,2427,2393,1418,0,13,0,506,0,5,12,12,272,4,53,66,4,40,22,1418,506,912,ABELARDO DE LA ESPRIELLA,912,0.3811115754283326,40,22,12,4090.0,4164.0,0.1989386501178526,1.6580485205179523,6517.0
1,295,ANTIOQUIA,YARUMAL,16518,16156,9119,13,109,6,3096,9,34,40,83,1732,16,221,1239,26,496,279,9119,3096,6023,ABELARDO DE LA ESPRIELLA,6023,0.3728026739291904,496,279,83,18768.0,19626.0,0.2531358668897197,2.502162344623289,35286.0
1,298,ANTIOQUIA,YOLOMBO,7718,7588,3987,6,53,4,1615,6,20,25,48,1182,11,143,350,17,169,82,3987,1615,2372,ABELARDO DE LA ESPRIELLA,2372,0.312598840274117,169,82,48,9638.0,9937.0,0.2769524869281047,2.5491042209227133,17356.0
1,300,ANTIOQUIA,YONDO-CASABE,9397,9173,4286,7,31,1,3711,5,20,14,35,403,5,246,209,10,225,189,4286,3711,575,ABELARDO DE LA ESPRIELLA,575,0.0626839638068243,225,189,35,6724.0,7173.0,1.2553152301113844,11.144963097762231,16121.0
1,301,ANTIOQUIA,ZARAGOZA,6413,6234,2263,18,28,5,3012,10,25,24,34,399,7,116,115,15,197,145,2263,3012,-749,IVAN CEPEDA,749,0.1201475777991658,197,145,34,15425.0,15801.0,0.671386590966593,6.4908929129259585,21838.0
3,1,ATLANTICO,BARRANQUILLA,601596,598064,272331,359,1625,124,281123,179,1061,267,889,11466,139,1566,20320,256,7248,2643,272331,281123,-8792,IVAN CEPEDA,8792,0.0147007678108028,7248,2643,889,584501.0,595281.0,5.385036944827541,71.60370820768169,1186097.0
3,4,ATLANTICO,BARANOA,29388,29255,9686,18,63,14,17979,12,52,21,51,477,11,84,462,13,363,82,9686,17979,-8293,IVAN CEPEDA,8293,0.2834729106135703,363,82,51,23713.0,24209.0,0.35041871286615744,3.5373090733175405,53101.0
3,7,ATLANTICO,CAMPO DE LA CRUZ,8526,8464,4989,5,10,1,2878,1,20,10,20,355,4,29,71,6,85,42,4989,2878,2111,ABELARDO DE LA ESPRIELLA,2111,0.2494092627599244,85,42,20,15079.0,15226.0,0.3486265370152533,3.3575613241304643,23605.0
3,10,ATLANTICO,CANDELARIA,5753,5710,3401,7,12,6,1964,2,18,1,25,160,2,28,44,7,58,18,3401,1964,1437,ABELARDO DE LA ESPRIELLA,1437,0.2516637478108581,58,18,25,9076.0,9177.0,0.3305826462792074,3.016422709945715,14829.0
3,13,ATLANTICO,GALAPA,22326,22189,6432,7,46,3,14528,1,36,6,36,327,13,108,421,9,252,101,6432,14528,-8096,IVAN CEPEDA,8096,0.3648654738834557,252,101,36,24042.0,24431.0,0.2669596885585121,2.6972669976748116,46368.0
3,16,ATLANTICO,JUAN DE ACOSTA,9398,9355,5145,17,14,2,3605,0,16,50,11,168,1,41,207,6,83,32,5145,3605,1540,ABELARDO DE LA ESPRIELLA,1540,0.1646178514163548,83,32,11,10293.0,10419.0,0.5236448079928475,4.844490680648346,19691.0
3,19,ATLANTICO,LURUACO,10990,10865,5096,7,28,12,5206,6,51,14,52,193,5,47,78,8,114,73,5096,5206,-110,IVAN CEPEDA,110,0.010124252185918,114,73,52,15403.0,15642.0,4.618007089781226,44.59969102333117,26393.0
3,22,ATLANTICO,MALAMBO,43419,43119,11621,27,75,4,29475,12,105,21,68,565,15,199,546,9,445,232,11621,29475,-17854,IVAN CEPEDA,17854,0.4140634059231429,445,232,68,51375.0,52120.0,0.25165440017988777,2.733299779471788,94794.0
3,25,ATLANTICO,MANATI,5938,5900,3508,6,13,2,1944,3,9,4,21,241,5,17,86,8,54,17,3508,1944,1564,ABELARDO DE LA ESPRIELLA,1564,0.2650847457627118,54,17,21,11168.0,11260.0,0.3156437149207474,2.9446720042472623,17106.0
3,28,ATLANTICO,PALMAR DE VARELA,12317,12232,4074,10,23,5,7637,7,20,7,37,136,10,33,147,6,117,48,4074,7637,-3563,IVAN CEPEDA,3563,0.2912851536952256,117,48,37,11344.0,11546.0,0.31239151287779054,2.9221667361889363,23661.0
3,31,ATLANTICO,PIOJO,2854,2840,1167,1,3,0,1431,0,38,3,8,153,1,8,20,3,12,6,1167,1431,-264,IVAN CEPEDA,264,0.0929577464788732,12,6,8,3052.0,3078.0,0.7723470699201744,6.203769824793066,5906.0
3,34,ATLANTICO,POLONUEVO,8298,8239,2281,4,11,2,5660,4,15,7,23,73,6,25,79,6,66,36,2281,5660,-3379,IVAN CEPEDA,3379,0.4101225876926812,66,36,23,6876.0,7001.0,0.21462201478915138,1.9002528242516918,15174.0
3,35,ATLANTICO,PONEDERA,9040,8947,4083,8,27,1,4372,4,13,12,24,196,8,31,81,9,102,69,4083,4372,-289,IVAN CEPEDA,289,0.0323013300547669,102,69,24,12040.0,12235.0,2.1510400053212138,20.245884739629687,21080.0
3,37,ATLANTICO,PUERTO COLOMBIA,21653,21561,8590,5,64,3,11515,7,20,7,17,478,20,58,584,11,199,75,8590,11515,-2925,IVAN CEPEDA,2925,0.1356616112425212,199,75,17,18109.0,18400.0,0.6850595500062756,6.72739458922016,39762.0
3,40,ATLANTICO,REPELON,10238,10110,4475,9,37,2,4942,3,40,13,58,228,2,54,157,21,127,70,4475,4942,-467,IVAN CEPEDA,467,0.0461918892185954,127,70,58,12103.0,12358.0,1.6410516441650085,15.462218045772437,22341.0
3,43,ATLANTICO,SABANAGRANDE,13523,13436,4633,2,96,3,7952,2,18,7,28,197,2,66,251,7,200,59,4633,7952,-3319,IVAN CEPEDA,3319,0.2470229234891336,200,59,28,12903.0,13190.0,0.3698412283944507,3.508791009129304,26426.0
3,46,ATLANTICO,SABANALARGA,39333,39061,12642,10,73,6,24095,8,223,29,77,904,10,151,491,26,393,195,12642,24095,-11453,IVAN CEPEDA,11453,0.2932080591894729,393,195,77,37341.0,38006.0,0.34870133183992613,3.677238832924685,76674.0
3,47,ATLANTICO,SANTA LUCIA,5941,5903,2613,2,78,1,1596,5,10,11,20,1458,10,18,55,10,36,18,2613,1596,1017,ABELARDO DE LA ESPRIELLA,1017,0.1722852786718617,36,18,20,7524.0,7598.0,0.4763624045533366,4.256665807244969,13465.0
3,49,ATLANTICO,SANTO TOMAS,14225,14141,4822,8,28,3,8522,2,16,11,19,279,6,32,242,11,159,65,4822,8522,-3700,IVAN CEPEDA,3700,0.2616505197652217,159,65,19,13315.0,13558.0,0.3518088012650921,3.347392427152496,27540.0
3,52,ATLANTICO,SOLEDAD,169553,168549,54568,103,323,35,104590,46,251,92,203,2486,28,636,3265,67,2059,801,54568,104590,-50022,IVAN CEPEDA,50022,0.2967801648185394,2059,801,203,174192.0,177255.0,0.39230006046123966,4.741083651155079,343745.0
3,55,ATLANTICO,SUAN,5069,5052,3151,0,7,0,1661,1,7,4,4,93,2,12,58,1,55,13,3151,1661,1490,ABELARDO DE LA ESPRIELLA,1490,0.2949326999208234,55,13,4,6801.0,6873.0,0.27965965629485323,2.470933300771893,11870.0
3,58,ATLANTICO,TUBARA,6017,5979,2085,3,16,0,3576,1,13,1,14,125,1,33,67,3,55,24,2085,3576,-1491,IVAN CEPEDA,1491,0.249372804816859,55,24,14,4760.0,4853.0,0.3352770870903361,2.8456838522633072,10777.0
3,61,ATLANTICO,USIACURI,4752,4713,1391,7,12,1,2942,2,12,8,23,182,4,20,76,5,51,16,1391,2942,-1551,IVAN CEPEDA,1551,0.3290897517504774,51,16,23,4358.0,4448.0,0.2494411004706564,2.095413658740071,9110.0
5,1,BOLIVAR,CARTAGENA,420599,418110,142674,276,1268,81,239504,164,1789,277,545,10912,143,1335,11612,170,7905,1944,142674,239504,-96830,IVAN CEPEDA,96830,0.2315897730262371,7905,1944,545,445848.0,456242.0,0.5357636651733686,6.981418903603329,866447.0
5,4,BOLIVAR,ACHI,7992,7919,4658,3,33,0,2215,3,9,20,47,800,10,37,37,19,75,26,4658,2215,2443,ABELARDO DE LA ESPRIELLA,2443,0.3084985477964389,75,26,47,10858.0,11006.0,0.2818583176255488,2.623054316273772,18850.0
5,5,BOLIVAR,ARENAL,3030,3002,1103,3,5,0,1723,1,2,1,6,62,1,27,24,0,50,22,1103,1723,-620,IVAN CEPEDA,620,0.2065289806795469,50,22,6,3967.0,4045.0,0.3698057896385644,3.0714160755062654,6997.0
5,6,BOLIVAR,ALTOS DEL ROSARIO,3221,3193,1954,2,13,0,1104,2,3,4,10,36,4,21,17,4,29,18,1954,1104,850,ABELARDO DE LA ESPRIELLA,850,0.2662073285311619,29,18,10,5349.0,5406.0,0.29213668484775934,2.5110461770317616,8570.0
5,7,BOLIVAR,ARJONA,27341,26981,7380,13,76,13,17814,15,47,33,97,585,12,126,366,29,472,263,7380,17814,-10434,IVAN CEPEDA,10434,0.3867165783329009,472,263,97,32458.0,33290.0,0.25718424218301955,2.67807041053432,59799.0
5,9,BOLIVAR,ARROYO HONDO,3913,3890,2650,2,7,1,982,1,12,9,8,123,6,21,41,2,33,15,2650,982,1668,ABELARDO DE LA ESPRIELLA,1668,0.4287917737789203,33,15,8,7039.0,7095.0,0.18839052979032114,1.6705128060569412,10952.0
5,10,BOLIVAR,BARRANCO DE LOBA,5326,5273,3084,9,13,2,1917,2,14,10,24,107,2,43,19,8,43,29,3084,1917,1167,ABELARDO DE LA ESPRIELLA,1167,0.2213161388204058,43,29,24,7755.0,7851.0,0.370512166190333,3.3229470900389293,13081.0
5,13,BOLIVAR,CALAMAR,8234,8118,4103,5,25,3,3427,6,15,19,43,297,15,39,50,8,106,73,4103,3427,676,ABELARDO DE LA ESPRIELLA,676,0.0832717418083271,106,73,43,12788.0,13010.0,0.9651328578554293,9.143234802959618,21022.0
5,14,BOLIVAR,CANTAGALLO,4571,4539,1781,0,14,0,2519,2,9,3,4,64,0,73,34,2,38,28,1781,2519,-738,IVAN CEPEDA,738,0.1625908790482485,38,28,4,4101.0,4171.0,0.48789845312053576,4.067195088164763,8672.0
5,15,BOLIVAR,CICUCO,4809,4756,1539,0,12,0,2873,2,9,7,15,193,8,32,38,2,41,38,1539,2873,-1334,IVAN CEPEDA,1334,0.2804878048780488,41,38,15,6864.0,6958.0,0.2914880540333531,2.5790253999853143,11673.0
5,16,BOLIVAR,CORDOBA,7321,7269,2778,3,17,3,4175,1,7,3,26,129,6,30,27,11,79,26,2778,4175,-1397,IVAN CEPEDA,1397,0.1921859953226028,79,26,26,8229.0,8360.0,0.4397689145749435,3.9716996496078356,15550.0
5,18,BOLIVAR,CLEMENCIA,5674,5613,1831,1,17,2,3422,2,11,3,24,128,4,55,41,6,90,37,1831,3422,-1591,IVAN CEPEDA,1591,0.2834491359344379,90,37,24,7540.0,7691.0,0.2941913163053446,2.6324051014487444,13214.0
5,22,BOLIVAR,EL CARMEN DE BOLIVAR,27903,27586,14641,17,44,13,10555,13,48,41,73,1390,32,131,228,43,390,244,14641,10555,4086,ABELARDO DE LA ESPRIELLA,4086,0.1481186108895816,390,244,73,34095.0,34802.0,0.646672764750683,6.762553839046255,61998.0
5,25,BOLIVAR,EL GUAMO,3428,3395,1784,3,11,0,1458,1,7,3,18,56,1,19,18,1,33,15,1784,1458,326,ABELARDO DE LA ESPRIELLA,326,0.0960235640648011,33,15,18,5001.0,5067.0,0.7668440142666778,6.541717414549575,8429.0
5,26,BOLIVAR,HATILLO DE LOBA,5187,5159,3349,0,12,1,1534,2,3,4,8,162,5,43,15,6,23,20,3349,1534,1815,ABELARDO DE LA ESPRIELLA,1815,0.3518123667377398,23,20,8,7305.0,7356.0,0.2362741753565361,2.103645269635178,12492.0
5,27,BOLIVAR,EL PEÑON,2762,2736,1343,2,7,0,1257,0,5,2,14,67,0,25,6,2,20,12,1343,1257,86,ABELARDO DE LA ESPRIELLA,86,0.0314327485380116,20,12,14,4085.0,4131.0,1.9102323616739019,15.905581909145946,6847.0
5,28,BOLIVAR,MAGANGUE,45779,45395,15168,25,110,7,27393,15,83,56,117,1185,26,287,468,33,539,267,15168,27393,-12225,IVAN CEPEDA,12225,0.2693027866505121,539,267,117,58737.0,59660.0,0.3839266841200121,4.221824373495592,104516.0
5,31,BOLIVAR,MAHATES,9125,9050,3564,11,39,5,4427,10,27,156,30,539,9,46,66,16,135,45,3564,4427,-863,IVAN CEPEDA,863,0.0953591160220994,135,45,30,13780.0,13990.0,0.8647216180056208,8.254779174477747,22905.0
5,37,BOLIVAR,MARGARITA,4275,4255,2779,3,5,0,1242,2,5,2,13,124,2,33,21,8,29,7,2779,1242,1537,ABELARDO DE LA ESPRIELLA,1537,0.3612220916568742,29,7,13,6242.0,6291.0,0.22509665288845818,1.9689281355671633,10517.0
5,40,BOLIVAR,MARIA LA BAJA,16521,16323,4495,16,56,5,10552,15,46,29,58,599,15,110,143,38,204,140,4495,10552,-6057,IVAN CEPEDA,6057,0.371071494210623,204,140,58,28509.0,28911.0,0.2545556895201446,2.614799100685661,45030.0
5,41,BOLIVAR,MONTECRISTO,3687,3655,1514,2,10,1,1903,0,11,5,5,76,1,53,17,1,61,27,1514,1903,-389,IVAN CEPEDA,389,0.1064295485636114,61,27,5,7120.0,7213.0,0.7046428534498448,6.259891286359044,10807.0
5,43,BOLIVAR,MOMPOS,17182,17047,7404,12,35,6,8271,8,21,18,49,852,20,78,120,16,186,86,7404,8271,-867,IVAN CEPEDA,867,0.0508593887487534,186,86,49,22647.0,22968.0,1.6010328684048833,16.077413177523265,39829.0
5,44,BOLIVAR,MORALES,6874,6806,4284,8,10,1,2066,3,13,9,28,184,5,83,54,4,82,40,4284,2066,2218,ABELARDO DE LA ESPRIELLA,2218,0.3258889215398178,82,40,28,6262.0,6412.0,0.26275670936058876,2.303346980949533,13136.0
5,50,BOLIVAR,NOROSI,2182,2164,710,0,4,0,1304,3,6,4,3,58,2,26,13,2,32,15,710,1304,-594,IVAN CEPEDA,594,0.2744916820702403,32,15,3,3313.0,3363.0,0.26996134243884057,2.192325292047037,5495.0
5,59,BOLIVAR,PINILLOS,7701,7647,4877,0,20,3,2291,1,9,14,20,290,7,43,36,8,48,34,4877,2291,2586,ABELARDO DE LA ESPRIELLA,2586,0.3381718320910161,48,34,20,11306.0,11408.0,0.25683293794983525,2.399373833690805,19007.0
5,63,BOLIVAR,REGIDOR,2509,2496,969,1,4,0,1431,1,4,4,3,31,1,17,6,1,26,10,969,1431,-462,IVAN CEPEDA,462,0.1850961538461538,26,10,3,3155.0,3194.0,0.4009738344943798,3.235595150668416,5664.0
5,65,BOLIVAR,RIOVIEJO,3341,3300,1701,5,13,0,1358,1,5,5,9,100,5,35,24,5,43,32,1701,1358,343,ABELARDO DE LA ESPRIELLA,343,0.1039393939393939,43,32,9,3676.0,3760.0,0.71107809614669,5.853907874526642,7017.0
5,70,BOLIVAR,SAN ESTANISLAO,7319,7230,3494,5,25,1,3101,4,23,10,36,314,6,36,74,16,121,53,3494,3101,393,ABELARDO DE LA ESPRIELLA,393,0.054356846473029,121,53,36,9237.0,9447.0,1.3807594848356963,12.638862522636003,16556.0
5,72,BOLIVAR,SAN CRISTOBAL,3652,3637,1192,0,13,1,2285,0,4,2,7,62,0,12,25,4,37,8,1192,2285,-1093,IVAN CEPEDA,1093,0.3005224085784987,37,8,7,4519.0,4571.0,0.2640450135825012,2.22529375181793,8171.0
5,73,BOLIVAR,SAN FERNANDO,3750,3726,1899,3,6,1,1637,2,5,5,12,107,2,9,20,3,27,12,1899,1637,262,ABELARDO DE LA ESPRIELLA,262,0.0703166935050993,27,12,12,6499.0,6550.0,1.0238667132079036,8.997098699704818,10249.0
5,76,BOLIVAR,SAN JACINTO,11140,11044,5067,4,23,0,5173,2,15,7,30,531,3,29,73,4,113,66,5067,5173,-106,IVAN CEPEDA,106,0.0095979717493661,113,66,30,11072.0,11281.0,4.750355411730473,44.32539445192085,22212.0
5,78,BOLIVAR,SAN JACINTO DEL CAUCA,3033,3012,1589,0,4,1,1134,1,7,6,9,202,5,19,12,7,25,12,1589,1134,455,ABELARDO DE LA ESPRIELLA,455,0.1510624169986719,25,12,9,4434.0,4480.0,0.4973656603698152,4.181652279527868,7467.0
5,79,BOLIVAR,SAN JUAN NEPOMUCENO,14564,14433,7609,8,26,5,5954,3,24,7,56,320,12,82,158,11,214,75,7609,5954,1655,ABELARDO DE LA ESPRIELLA,1655,0.1146677752373034,214,75,56,18243.0,18588.0,0.7682291430485448,7.551942371049115,32807.0
5,82,BOLIVAR,SAN MARTIN DE LOBA,5441,5396,2484,4,15,0,2589,0,9,7,18,174,1,27,33,7,46,27,2484,2589,-105,IVAN CEPEDA,105,0.0194588584136397,46,27,18,7665.0,7756.0,2.917152593611616,26.127042375348783,13106.0
5,84,BOLIVAR,SAN PABLO,9262,9121,3802,7,35,3,4521,5,34,11,39,210,10,190,106,11,176,102,3802,4521,-719,IVAN CEPEDA,719,0.0788290757592369,176,102,39,11875.0,12192.0,1.0265157302757892,9.658093654037467,21137.0
5,91,BOLIVAR,SANTA CATALINA,5635,5595,1288,3,17,1,4011,1,15,9,20,105,3,21,48,3,70,20,1288,4011,-2723,IVAN CEPEDA,2723,0.4866845397676497,70,20,20,8692.0,8802.0,0.17374825759268483,1.5781289881707936,14327.0
5,94,BOLIVAR,SANTA ROSA,7199,7133,1575,4,14,2,5107,1,14,4,12,196,3,30,67,3,113,54,1575,5107,-3532,IVAN CEPEDA,3532,0.4951633253890368,113,54,12,10365.0,10544.0,0.17563878690294552,1.6270135843873583,17564.0
5,95,BOLIVAR,SANTA ROSA DEL SUR,14619,14429,10104,13,49,4,2799,6,19,28,29,440,5,359,281,10,312,161,10104,2799,7305,ABELARDO DE LA ESPRIELLA,7305,0.5062720909279922,312,161,29,13209.0,13711.0,0.18550421028092515,1.7671180491236258,27828.0
5,97,BOLIVAR,SIMITI,6635,6558,3770,6,40,1,2035,2,125,22,19,179,14,172,78,7,107,58,3770,2035,1735,ABELARDO DE LA ESPRIELLA,1735,0.2645623665751753,107,58,19,7258.0,7442.0,0.3200946124161344,2.8536528396145386,13893.0
5,106,BOLIVAR,SOPLAVIENTO,4821,4778,969,0,7,0,3669,1,8,1,10,39,0,15,22,2,45,33,969,3669,-2700,IVAN CEPEDA,2700,0.5650899958141482,45,33,10,4135.0,4223.0,0.14731584030747163,1.2298718650854648,8956.0
5,110,BOLIVAR,TALAIGUA NUEVO,5259,5244,2840,3,9,0,2177,0,1,2,5,107,0,33,21,4,47,10,2840,2177,663,ABELARDO DE LA ESPRIELLA,663,0.1264302059496567,47,10,5,5335.0,5397.0,0.6277957627646571,5.395141051723818,10594.0
5,113,BOLIVAR,TIQUISIO (PTO. RICO),5142,5086,2490,3,16,3,2255,5,10,4,24,152,3,53,24,6,62,32,2490,2255,235,ABELARDO DE LA ESPRIELLA,235,0.0462052693668895,62,32,24,10296.0,10414.0,1.518441890049975,14.047109498801515,15438.0
5,118,BOLIVAR,TURBACO,38023,37755,12311,33,116,14,22333,16,57,23,72,1060,7,146,932,14,693,196,12311,22333,-10022,IVAN CEPEDA,10022,0.2654482849953648,693,196,72,39401.0,40362.0,0.3826090143426445,4.057824487055508,77424.0
5,121,BOLIVAR,TURBANA,8532,8482,2028,5,25,2,5995,2,21,8,25,164,6,19,92,6,109,25,2028,5995,-3967,IVAN CEPEDA,3967,0.4676962980429144,109,25,25,8533.0,8692.0,0.18936339839491687,1.717577792190811,17065.0
5,124,BOLIVAR,VILLANUEVA,7453,7342,2916,7,19,2,3845,4,16,13,47,279,9,34,66,5,127,64,2916,3845,-929,IVAN CEPEDA,929,0.1265322800326886,127,64,47,10294.0,10532.0,0.6519705636879726,6.038726392048813,17747.0
5,127,BOLIVAR,ZAMBRANO,5054,5021,1030,2,4,1,3889,1,4,2,12,32,0,13,17,1,25,21,1030,3889,-2859,IVAN CEPEDA,2859,0.5694084843656642,25,21,12,5048.0,5106.0,0.14707384806501328,1.255770553630034,10102.0
7,1,BOYACA,TUNJA,103635,102433,37018,43,1721,16,44172,46,175,96,78,8612,66,659,7867,76,1866,1124,37018,44172,-7154,IVAN CEPEDA,7154,0.0698407739693263,1866,1124,78,38720.0,41788.0,1.4449977616899998,15.375337459061946,142355.0
7,7,BOYACA,ALMEIDA,1008,990,641,0,13,2,235,0,5,2,5,52,1,8,21,0,10,13,641,235,406,ABELARDO DE LA ESPRIELLA,406,0.4101010101010101,10,13,5,968.0,996.0,0.16421561406556115,1.1338678876589394,1976.0
7,8,BOYACA,AQUITANIA (PUEBLOVIEJO),7555,7441,4882,6,45,2,1210,9,13,24,15,883,12,73,171,12,99,99,4882,1210,3672,ABELARDO DE LA ESPRIELLA,3672,0.493482058863056,99,99,15,5384.0,5597.0,0.17706479807915784,1.5280983646967823,12939.0
7,10,BOYACA,ARCABUCO,3367,3314,1718,1,22,0,1019,0,1,6,8,321,2,30,127,6,61,45,1718,1019,699,ABELARDO DE LA ESPRIELLA,699,0.2109233554616777,61,45,8,1798.0,1912.0,0.3669242161237271,2.7726364093822715,5165.0
7,13,BOYACA,BELEN,4556,4496,2430,2,62,0,1222,3,5,9,6,463,4,61,162,4,69,54,2430,1222,1208,ABELARDO DE LA ESPRIELLA,1208,0.2686832740213523,69,54,6,2452.0,2581.0,0.3018181057441667,2.37117949116276,7008.0
7,16,BOYACA,BERBEO,914,905,460,0,2,0,335,0,0,0,1,58,4,8,16,0,22,8,460,335,125,ABELARDO DE LA ESPRIELLA,125,0.1381215469613259,22,8,1,557.0,588.0,0.45969269466384927,2.93211592007725,1471.0
7,19,BOYACA,BETEITIVA,1225,1216,658,1,15,1,376,0,1,3,3,105,2,12,29,3,10,6,658,376,282,ABELARDO DE LA ESPRIELLA,282,0.2319078947368421,10,6,3,789.0,808.0,0.2936714446924406,1.9663649413426465,2014.0
7,22,BOYACA,BOAVITA,2713,2686,1704,1,28,1,548,1,2,4,10,286,0,23,48,8,32,17,1704,548,1156,ABELARDO DE LA ESPRIELLA,1156,0.430379746835443,32,17,10,2166.0,2225.0,0.17930389999443055,1.3820675636651485,4879.0
7,25,BOYACA,BOYACA,2446,2413,1438,0,31,0,673,0,5,2,12,153,8,15,42,5,41,21,1438,673,765,ABELARDO DE LA ESPRIELLA,765,0.3170327393286365,41,21,12,2104.0,2178.0,0.2381731082229733,1.8307464950767804,4550.0
7,28,BOYACA,BRICEÑO,1439,1431,1048,0,10,0,192,1,3,4,5,118,1,24,13,0,17,3,1048,192,856,ABELARDO DE LA ESPRIELLA,856,0.5981830887491265,17,3,5,1003.0,1028.0,0.11948420602201473,0.8287834044877009,2442.0
7,31,BOYACA,BUENAVISTA,3120,3089,2257,1,23,0,486,1,3,3,5,231,5,19,35,5,20,26,2257,486,1771,ABELARDO DE LA ESPRIELLA,1771,0.5733247005503399,20,26,5,1888.0,1939.0,0.13776077649909677,1.0429101408457713,5008.0
7,34,BOYACA,BUSBANZA,687,682,404,0,12,0,169,2,1,4,0,68,0,4,12,0,6,5,404,169,235,ABELARDO DE LA ESPRIELLA,235,0.344574780058651,6,5,0,293.0,304.0,0.18406539964549165,1.0529114732580556,980.0
7,37,BOYACA,CALDAS,1937,1920,1193,1,13,1,434,1,4,6,4,178,0,18,49,2,20,13,1193,434,759,ABELARDO DE LA ESPRIELLA,759,0.3953125,20,13,4,1282.0,1319.0,0.18653757687632522,1.340344682804981,3219.0
7,40,BOYACA,CAMPOHERMOSO,1404,1395,1060,0,12,0,195,0,3,4,0,81,1,7,15,2,15,9,1060,195,865,ABELARDO DE LA ESPRIELLA,865,0.6200716845878136,15,9,0,979.0,1003.0,0.11492924472648766,0.7943618969582651,2383.0
7,43,BOYACA,CERINZA,2352,2307,974,0,50,0,785,0,2,6,6,316,1,24,92,2,55,39,974,785,189,ABELARDO DE LA ESPRIELLA,189,0.0819245773732119,55,39,6,1306.0,1406.0,0.8424446267712448,6.107062273175219,3658.0
7,46,BOYACA,CIENEGA,2428,2407,1772,0,18,0,280,0,2,7,10,216,0,21,61,6,24,11,1772,280,1492,ABELARDO DE LA ESPRIELLA,1492,0.6198587453261322,24,11,10,1433.0,1478.0,0.12362377857271702,0.9023449754815263,3861.0
7,49,BOYACA,COMBITA,6074,6000,2554,6,116,2,2125,6,14,20,7,748,5,69,233,5,97,67,2554,2125,429,ABELARDO DE LA ESPRIELLA,429,0.0715,97,67,7,3944.0,4115.0,1.0674455706735602,8.88396210546694,10018.0
7,52,BOYACA,COPER,1798,1788,1424,0,9,1,222,0,4,1,5,79,2,16,20,0,10,5,1424,222,1202,ABELARDO DE LA ESPRIELLA,1202,0.6722595078299777,10,5,5,1394.0,1414.0,0.10977365646878043,0.7963952328620031,3192.0
7,55,BOYACA,CORRALES,1735,1722,931,0,21,0,524,0,2,4,5,135,0,16,66,3,20,8,931,524,407,ABELARDO DE LA ESPRIELLA,407,0.2363530778164924,20,8,5,688.0,721.0,0.3024854530974753,1.9909668564369694,2423.0
7,58,BOYACA,COVARACHIA,1879,1869,1467,1,4,2,195,2,3,2,4,155,3,13,10,1,11,6,1467,195,1272,ABELARDO DE LA ESPRIELLA,1272,0.680577849117175,11,6,4,1539.0,1560.0,0.10909260584421583,0.8021668676950197,3418.0
7,59,BOYACA,CUBARA,3042,2979,1051,1,9,0,1679,2,12,2,12,75,1,44,51,2,50,51,1051,1679,-628,IVAN CEPEDA,628,0.2108089963074857,50,51,12,4033.0,4146.0,0.36228952231455125,3.0179226081557777,7075.0
7,60,BOYACA,CUCAITA,2212,2190,985,0,33,0,838,0,5,3,4,210,3,21,58,1,33,18,985,838,147,ABELARDO DE LA ESPRIELLA,147,0.0671232876712328,33,18,4,1235.0,1290.0,0.9973788166793421,7.144396402852759,3447.0
7,61,BOYACA,CUITIVA,1108,1098,573,0,11,0,284,0,2,4,2,175,3,7,25,5,9,8,573,284,289,ABELARDO DE LA ESPRIELLA,289,0.2632058287795992,9,8,2,750.0,769.0,0.2562959943307947,1.7034432657136613,1858.0
7,64,BOYACA,CHINAVITA,1925,1914,1355,0,9,0,353,0,2,0,4,132,1,13,31,3,15,7,1355,353,1002,ABELARDO DE LA ESPRIELLA,1002,0.5235109717868338,15,7,4,1156.0,1182.0,0.1416554354318764,1.002326785659589,3081.0
7,67,BOYACA,CHIQUINQUIRA,29399,29018,15041,12,324,7,9233,11,38,27,22,2278,10,297,1263,25,452,359,15041,9233,5808,ABELARDO DE LA ESPRIELLA,5808,0.2001516300227445,452,359,22,14808.0,15641.0,0.48896627952581323,4.72229691514058,44207.0
7,68,BOYACA,CHIQUIZA,2410,2383,1480,2,10,1,689,1,6,7,5,93,7,15,37,9,26,22,1480,689,791,ABELARDO DE LA ESPRIELLA,791,0.331934536298783,26,22,5,2359.0,2412.0,0.2274275980531575,1.7713485182393152,4769.0
7,70,BOYACA,CHISCAS,1592,1584,1152,1,2,0,209,0,2,1,3,162,2,9,29,2,13,5,1152,209,943,ABELARDO DE LA ESPRIELLA,943,0.5953282828282829,13,5,3,1581.0,1602.0,0.12172468882313238,0.8982834274055803,3173.0
7,73,BOYACA,CHITA,3235,3201,2402,0,7,1,520,2,6,5,21,165,0,27,30,4,32,13,2402,520,1882,ABELARDO DE LA ESPRIELLA,1882,0.5879412683536395,32,13,21,3042.0,3108.0,0.1349886907083812,1.0855866653967756,6277.0
7,76,BOYACA,CHITARAQUE,2922,2905,2043,2,21,0,452,2,3,7,8,267,2,42,41,6,17,9,2043,452,1591,ABELARDO DE LA ESPRIELLA,1591,0.5476764199655766,17,9,8,2874.0,2908.0,0.14299569712168336,1.140471428280582,5796.0
7,77,BOYACA,CHIVATA,2268,2245,1067,1,35,1,659,1,5,10,4,302,1,26,99,3,35,19,1067,659,408,ABELARDO DE LA ESPRIELLA,408,0.1817371937639198,35,19,4,1087.0,1145.0,0.4024730926645344,2.8350337049968632,3355.0
7,78,BOYACA,CHIVOR,1140,1132,936,0,6,0,114,0,4,1,2,41,0,4,18,0,8,6,936,114,822,ABELARDO DE LA ESPRIELLA,822,0.726148409893993,8,6,2,757.0,773.0,0.09553269648494819,0.6354425969474656,1897.0
7,79,BOYACA,DUITAMA,70029,69312,29238,24,1180,10,27239,37,113,73,37,5477,35,599,4134,37,1116,680,29238,27239,1999,ABELARDO DE LA ESPRIELLA,1999,0.0288406048014773,1116,680,37,27563.0,29396.0,2.8697770837360372,29.52612598700955,97592.0
7,82,BOYACA,EL COCUY,1845,1809,1270,1,8,1,271,2,4,3,7,164,2,12,29,2,40,29,1270,271,999,ABELARDO DE LA ESPRIELLA,999,0.5522388059701493,40,29,7,1511.0,1587.0,0.13341452145617505,0.9832957940983296,3356.0
7,85,BOYACA,EL ESPINO,1334,1325,916,1,2,0,154,0,2,1,4,210,0,8,20,1,10,5,916,154,762,ABELARDO DE LA ESPRIELLA,762,0.5750943396226416,10,5,4,850.0,869.0,0.12288483555289512,0.8317451752543288,2184.0
7,88,BOYACA,FIRAVITOBA,3595,3550,1461,2,66,3,1384,1,9,6,6,367,2,25,139,4,81,39,1461,1384,77,ABELARDO DE LA ESPRIELLA,77,0.0216901408450704,81,39,6,2439.0,2565.0,2.5796617859509317,20.250612131247383,6034.0
7,91,BOYACA,FLORESTA,2446,2431,1578,0,32,0,485,1,3,5,6,218,0,14,63,2,30,9,1578,485,1093,ABELARDO DE LA ESPRIELLA,1093,0.4496092143150966,30,9,6,1121.0,1166.0,0.16963257045888974,1.1979777196580308,3567.0
7,94,BOYACA,GACHANTIVA,1847,1813,1176,1,6,0,368,0,5,4,9,186,3,11,30,3,20,25,1176,368,808,ABELARDO DE LA ESPRIELLA,808,0.4456701599558742,20,25,9,1163.0,1217.0,0.16466493288482348,1.1699386586883433,3010.0
7,97,BOYACA,GAMEZA,2543,2520,1791,0,16,0,387,0,9,6,3,202,2,21,50,7,29,20,1791,387,1404,ABELARDO DE LA ESPRIELLA,1404,0.5571428571428572,29,20,3,1474.0,1526.0,0.13810296345167616,1.0124411533936426,4017.0
7,100,BOYACA,GARAGOA,8295,8186,4280,4,115,1,2534,7,15,13,9,601,4,85,362,10,155,100,4280,2534,1746,ABELARDO DE LA ESPRIELLA,1746,0.213290984607867,155,100,9,4316.0,4580.0,0.40352291093166676,3.401566023286072,12611.0
7,103,BOYACA,GUACAMAYAS,885,875,593,0,4,0,151,0,2,1,1,93,1,2,15,2,11,9,593,151,442,ABELARDO DE LA ESPRIELLA,442,0.5051428571428571,11,9,1,668.0,689.0,0.13152402284124998,0.8597319749878055,1553.0
7,106,BOYACA,GUATEQUE,5748,5673,2901,3,60,0,1827,1,14,6,9,519,2,52,176,4,108,66,2901,1827,1074,ABELARDO DE LA ESPRIELLA,1074,0.1893178212585933,108,66,9,3429.0,3612.0,0.4336616545770182,3.5526836542304197,9177.0
7,109,BOYACA,GUAYATA,2454,2432,1748,1,11,0,378,1,3,4,10,199,0,20,33,1,33,12,1748,378,1370,ABELARDO DE LA ESPRIELLA,1370,0.5633223684210527,33,12,10,1437.0,1492.0,0.13599469987986634,0.9939230843105009,3891.0
7,112,BOYACA,GUICAN,1644,1615,812,0,10,0,590,1,2,0,6,118,0,13,35,2,32,23,812,590,222,ABELARDO DE LA ESPRIELLA,222,0.1374613003095975,32,23,6,1432.0,1493.0,0.5009930892763335,3.6618648832651948,3076.0
7,118,BOYACA,IZA,1460,1446,826,1,16,1,373,2,3,2,1,144,2,9,50,1,16,13,826,373,453,ABELARDO DE LA ESPRIELLA,453,0.3132780082987552,16,13,1,815.0,845.0,0.22510803518395428,1.5173450691603627,2275.0
7,121,BOYACA,JENESANO,3885,3843,2441,2,26,1,992,1,10,7,9,195,1,33,90,5,39,33,2441,992,1449,ABELARDO DE LA ESPRIELLA,1449,0.3770491803278688,39,33,9,2584.0,2665.0,0.2132614972365528,1.6822780263302806,6469.0
7,124,BOYACA,JERICO,1808,1779,1422,1,7,1,166,0,12,4,15,132,4,8,12,4,6,14,1422,166,1256,ABELARDO DE LA ESPRIELLA,1256,0.7060146149522204,6,14,15,1561.0,1596.0,0.10452815469116594,0.7709873501724281,3369.0
7,127,BOYACA,LABRANZAGRANDE,1886,1872,1422,1,11,0,299,0,3,3,6,69,0,16,22,13,13,8,1422,299,1123,ABELARDO DE LA ESPRIELLA,1123,0.5998931623931624,13,8,6,1270.0,1297.0,0.12355109332389146,0.885685883886641,3156.0
7,130,BOYACA,LA CAPILLA,1559,1546,1018,1,9,0,315,0,2,2,3,118,3,18,41,3,16,10,1018,315,703,ABELARDO DE LA ESPRIELLA,703,0.4547218628719275,16,10,3,900.0,929.0,0.15803157624622055,1.0801749940827288,2459.0
7,136,BOYACA,LA UVITA,1428,1421,1048,0,17,0,164,0,1,0,1,139,0,8,19,2,23,6,1048,164,884,ABELARDO DE LA ESPRIELLA,884,0.6220971147079521,23,6,1,962.0,992.0,0.11485291486763773,0.7925690314820774,2390.0
7,137,BOYACA,LA VICTORIA,728,719,474,0,3,0,162,0,2,0,2,57,1,4,6,3,7,7,474,162,312,ABELARDO DE LA ESPRIELLA,312,0.4339360222531293,7,7,2,858.0,874.0,0.14820268872568887,1.0039581939879838,1586.0
7,139,BOYACA,VILLA DE LEIVA,10124,10037,5160,1,98,1,3142,2,9,14,17,778,3,72,586,5,166,70,5160,3142,2018,ABELARDO DE LA ESPRIELLA,2018,0.2010560924579057,166,70,17,3980.0,4233.0,0.43657271689764654,3.6457761718836212,14104.0
7,142,BOYACA,MACANAL,2141,2122,1403,2,19,0,394,3,7,2,2,171,3,22,58,2,36,17,1403,394,1009,ABELARDO DE LA ESPRIELLA,1009,0.4754948162111216,36,17,2,1513.0,1568.0,0.15778923287971802,1.1610437476240787,3654.0
7,148,BOYACA,MARIPI,2840,2826,1996,1,4,0,341,3,8,5,6,383,3,37,27,4,14,8,1996,341,1655,ABELARDO DE LA ESPRIELLA,1655,0.5856334041047417,14,8,6,3092.0,3120.0,0.13342051172630542,1.0734892616969218,5932.0
7,151,BOYACA,MIRAFLORES,5073,5026,2562,3,40,1,1900,8,4,3,8,238,1,48,115,3,100,39,2562,1900,662,ABELARDO DE LA ESPRIELLA,662,0.1317150815758058,100,39,8,2556.0,2703.0,0.601388262203674,4.752463186921735,7629.0
7,154,BOYACA,MONGUA,2912,2892,2280,1,10,1,375,1,1,1,5,156,2,16,31,2,15,15,2280,375,1905,ABELARDO DE LA ESPRIELLA,1905,0.6587136929460581,15,15,5,1186.0,1221.0,0.11918477801559,0.8471944998745222,4098.0
7,157,BOYACA,MONGUI,2791,2766,1546,0,28,1,766,1,2,4,2,291,0,22,74,4,27,23,1546,766,780,ABELARDO DE LA ESPRIELLA,780,0.281995661605206,27,23,2,1235.0,1287.0,0.27142591558441226,1.9436391565752482,4026.0
7,160,BOYACA,MONIQUIRA,12702,12501,6697,2,128,2,3719,4,15,20,22,1242,10,113,371,13,165,179,6697,3719,2978,ABELARDO DE LA ESPRIELLA,2978,0.238220942324614,165,179,22,7310.0,7676.0,0.38005028190388523,3.399923788548525,20012.0
7,161,BOYACA,MOTAVITA,3702,3648,1710,0,34,1,1528,1,8,3,3,186,1,15,104,3,54,51,1710,1528,182,ABELARDO DE LA ESPRIELLA,182,0.0498903508771929,54,51,3,2133.0,2241.0,1.3695375492548612,10.566151472316646,5835.0
7,163,BOYACA,MUZO,3994,3934,2318,0,15,5,1160,1,7,7,8,244,4,60,57,4,52,52,2318,1160,1158,ABELARDO DE LA ESPRIELLA,1158,0.2943568886629384,52,52,8,3515.0,3627.0,0.271972361040221,2.2292042716685705,7509.0
7,166,BOYACA,NOBSA,10169,10063,3101,0,143,3,5385,2,12,4,4,690,4,96,454,7,162,102,3101,5385,-2284,IVAN CEPEDA,2284,0.2269700884428103,162,102,4,3572.0,3840.0,0.3889402261486078,3.2101135002596832,13741.0
7,169,BOYACA,NUEVO COLON,3088,3062,1873,0,32,1,850,2,8,2,6,161,1,29,70,2,31,20,1873,850,1023,ABELARDO DE LA ESPRIELLA,1023,0.3340953625081646,31,20,6,1834.0,1891.0,0.23328271698640834,1.7602090215108415,4922.0
7,173,BOYACA,OICATA,1947,1918,877,2,36,0,655,2,2,7,3,209,0,17,79,2,30,26,877,655,222,ABELARDO DE LA ESPRIELLA,222,0.1157455683003128,30,26,3,923.0,982.0,0.601178999641047,4.142489497767549,2870.0
7,176,BOYACA,OTANCHE,4307,4276,3003,0,16,0,643,2,0,3,7,429,3,58,89,5,25,24,3003,643,2360,ABELARDO DE LA ESPRIELLA,2360,0.5519176800748363,25,24,7,3023.0,3079.0,0.14879416335704881,1.1952166256304215,7330.0
7,178,BOYACA,PACHAVITA,1280,1258,831,2,17,1,220,0,3,2,5,137,1,0,20,1,23,17,831,220,611,ABELARDO DE LA ESPRIELLA,611,0.485691573926868,23,17,5,666.0,711.0,0.14400230727136518,0.9458183735814137,1946.0
7,179,BOYACA,PAEZ,1616,1599,1178,0,14,0,252,1,2,5,6,69,1,23,29,2,23,11,1178,252,926,ABELARDO DE LA ESPRIELLA,926,0.5791119449656035,23,11,6,790.0,830.0,0.12523526252143194,0.8419103071931222,2406.0
7,181,BOYACA,PAIPA,21582,21309,9133,7,338,4,7950,12,35,31,22,2120,8,193,1092,19,367,251,9133,7950,1183,ABELARDO DE LA ESPRIELLA,1183,0.0555164484490121,367,251,22,9144.0,9784.0,1.5212869380197531,13.978506103597148,30726.0
7,184,BOYACA,PAJARITO,1079,1073,776,0,1,0,187,0,1,0,2,68,2,11,20,0,7,4,776,187,589,ABELARDO DE LA ESPRIELLA,589,0.548928238583411,7,4,2,703.0,716.0,0.12486657129289569,0.8210071762064285,1782.0
7,187,BOYACA,PANQUEBA,884,880,584,0,0,0,145,1,1,1,3,119,1,6,13,0,9,1,584,145,439,ABELARDO DE LA ESPRIELLA,439,0.4988636363636363,9,1,3,695.0,708.0,0.1332588367758785,0.8746917522305927,1579.0
7,190,BOYACA,PAUNA,3879,3814,2325,1,24,2,844,3,5,2,18,445,3,29,75,20,36,47,2325,844,1481,ABELARDO DE LA ESPRIELLA,1481,0.3883062401678028,36,47,18,2994.0,3095.0,0.20704410606884538,1.664192829266409,6873.0
7,193,BOYACA,PAYA,978,962,755,0,6,1,115,0,4,3,7,47,3,10,7,2,9,9,755,115,640,ABELARDO DE LA ESPRIELLA,640,0.6652806652806653,9,9,7,785.0,810.0,0.10173626708152146,0.6814567877371087,1763.0
7,199,BOYACA,PAZ DE RIO,2381,2351,854,1,26,0,1103,1,4,4,8,170,1,22,102,3,60,22,854,1103,-249,IVAN CEPEDA,249,0.105912377711612,60,22,8,1666.0,1756.0,0.669731866628841,5.003809947313366,4047.0
7,202,BOYACA,PESCA,3590,3552,2246,2,26,1,659,0,5,5,3,441,1,37,79,4,46,35,2246,659,1587,ABELARDO DE LA ESPRIELLA,1587,0.4467905405405405,46,35,3,2826.0,2910.0,0.17897804070869194,1.4275739450904874,6416.0
7,205,BOYACA,PISBA,713,704,492,0,8,0,126,1,2,2,4,47,3,5,10,1,7,5,492,126,366,ABELARDO DE LA ESPRIELLA,366,0.5198863636363636,7,5,4,538.0,554.0,0.12376611765976402,0.7820741510542383,1251.0
7,214,BOYACA,PUERTO BOYACA,24642,23846,12009,11,181,10,8243,19,45,38,82,1663,12,502,591,33,489,714,12009,8243,3766,ABELARDO DE LA ESPRIELLA,3766,0.1579300511616204,489,714,82,15182.0,16467.0,0.600215008125051,5.827592181113736,39824.0
7,215,BOYACA,QUIPAMA,2445,2410,1681,2,11,0,445,2,3,2,10,187,0,26,18,5,28,25,1681,445,1236,ABELARDO DE LA ESPRIELLA,1236,0.512863070539419,28,25,10,2520.0,2583.0,0.14894524622186037,1.1702767802961702,4965.0
7,217,BOYACA,RAMIRIQUI,5865,5806,3528,2,36,2,1504,1,11,7,11,436,4,49,163,1,62,48,3528,1504,2024,ABELARDO DE LA ESPRIELLA,2024,0.3486048914915604,62,48,11,3585.0,3706.0,0.24168157130606288,1.9861338850964443,9450.0
7,220,BOYACA,RAQUIRA,3786,3735,2248,0,23,0,884,2,9,10,11,302,0,44,143,7,63,40,2248,884,1364,ABELARDO DE LA ESPRIELLA,1364,0.365194109772423,63,40,11,1760.0,1874.0,0.2192404034364543,1.6522754702997506,5546.0
7,223,BOYACA,RONDON,1359,1347,917,2,6,0,276,1,5,1,3,97,0,14,18,1,9,9,917,276,641,ABELARDO DE LA ESPRIELLA,641,0.4758723088344469,9,9,3,900.0,921.0,0.14831833715240003,1.012501836053573,2259.0
7,226,BOYACA,SABOYA,6565,6447,3777,4,66,1,1767,1,12,13,19,550,2,46,114,10,84,99,3777,1767,2010,ABELARDO DE LA ESPRIELLA,2010,0.3117729176361098,84,99,19,3949.0,4151.0,0.2725998616858771,2.2711236104702093,10514.0
7,232,BOYACA,SACHICA,3142,3111,1648,0,25,2,837,4,1,4,8,244,6,34,265,6,35,23,1648,837,811,ABELARDO DE LA ESPRIELLA,811,0.2606878817100611,35,23,8,1293.0,1359.0,0.2971326545720031,2.143883408254117,4435.0
7,235,BOYACA,SAMACA,10612,10466,5988,5,133,3,2519,4,18,17,18,913,10,163,516,7,170,128,5988,2519,3469,ABELARDO DE LA ESPRIELLA,3469,0.3314542327536786,170,128,18,5745.0,6061.0,0.2710753548201597,2.3610107856546048,16357.0
7,237,BOYACA,SAN EDUARDO,949,942,556,0,10,0,267,0,1,0,0,50,0,15,17,0,26,7,556,267,289,ABELARDO DE LA ESPRIELLA,289,0.3067940552016985,26,7,0,600.0,633.0,0.21619933108507197,1.3949286680774662,1549.0
7,238,BOYACA,SAN JOSE DE PARE,3004,2959,1943,3,23,0,528,1,7,2,12,354,7,20,47,1,23,33,1943,528,1415,ABELARDO DE LA ESPRIELLA,1415,0.478202095302467,23,33,12,2500.0,2568.0,0.16372204511670632,1.2854263081343573,5504.0
7,241,BOYACA,SAN LUIS DE GACENO,2650,2632,2132,1,4,0,298,0,1,2,5,108,0,15,51,0,20,13,2132,298,1834,ABELARDO DE LA ESPRIELLA,1834,0.6968085106382979,20,13,5,1541.0,1579.0,0.11142875391219945,0.8206928437814175,4191.0
7,247,BOYACA,SAN MATEO,2022,2014,1600,2,5,0,219,0,3,2,2,107,0,30,30,0,16,6,1600,219,1381,ABELARDO DE LA ESPRIELLA,1381,0.685700099304866,16,6,2,1502.0,1526.0,0.10936284876174328,0.8017456394228448,3524.0
7,248,BOYACA,SAN MIGUEL DE SEMA,1845,1816,1105,1,21,1,389,1,4,2,6,207,2,20,40,3,20,23,1105,389,716,ABELARDO DE LA ESPRIELLA,716,0.394273127753304,20,23,6,1036.0,1085.0,0.1856403889643599,1.2976739357123293,2881.0
7,249,BOYACA,SAN PABLO DE BORBUR,3485,3446,2415,1,11,0,500,1,4,5,6,326,5,70,74,3,31,33,2415,500,1915,ABELARDO DE LA ESPRIELLA,1915,0.5557167730702264,31,33,6,2579.0,2649.0,0.14398122796167714,1.1349053812154266,6064.0
7,250,BOYACA,SANTANA,3903,3868,2392,0,14,3,935,2,3,6,10,376,3,28,65,5,36,25,2392,935,1457,ABELARDO DE LA ESPRIELLA,1457,0.3766804550155119,36,25,10,3356.0,3427.0,0.2136325032091195,1.7389113823681588,7259.0
7,251,BOYACA,SANTA MARIA,1951,1908,1072,0,10,1,625,0,4,1,3,67,0,22,48,1,57,40,1072,625,447,ABELARDO DE LA ESPRIELLA,447,0.2342767295597484,57,40,3,1183.0,1283.0,0.30925315061081204,2.21355224974309,3134.0
7,253,BOYACA,SANTA ROSA DE VITERBO,6325,6258,3449,3,92,2,1649,3,13,7,10,533,4,53,359,5,86,57,3449,1649,1800,ABELARDO DE LA ESPRIELLA,1800,0.2876318312559923,86,57,10,2642.0,2795.0,0.2937110479761126,2.3308747529869147,8967.0
7,256,BOYACA,SANTA SOFIA,2127,2113,1505,0,16,1,300,2,3,1,2,195,2,11,59,0,18,12,1505,300,1205,ABELARDO DE LA ESPRIELLA,1205,0.5702792238523426,18,12,2,1146.0,1178.0,0.1319422934979731,0.9331515661421945,3273.0
7,259,BOYACA,SATIVANORTE,1351,1341,937,0,9,0,175,0,4,1,2,159,2,10,33,1,10,8,937,175,762,ABELARDO DE LA ESPRIELLA,762,0.5682326621923938,10,8,2,1128.0,1148.0,0.12455049305283543,0.8776633928254831,2479.0
7,262,BOYACA,SATIVASUR,612,606,371,0,6,0,134,0,3,2,1,61,0,2,16,1,10,5,371,134,237,ABELARDO DE LA ESPRIELLA,237,0.3910891089108911,10,5,1,642.0,658.0,0.15977818017699563,1.0370759943748076,1254.0
7,265,BOYACA,SIACHOQUE,3740,3668,1880,2,44,0,854,2,12,13,13,615,2,60,94,5,85,59,1880,854,1026,ABELARDO DE LA ESPRIELLA,1026,0.2797164667393675,85,59,13,2558.0,2715.0,0.28330023891044503,2.240031046987342,6298.0
7,268,BOYACA,SOATA,4952,4898,2807,1,50,0,1301,1,5,8,9,500,6,27,133,4,55,45,2807,1301,1506,ABELARDO DE LA ESPRIELLA,1506,0.3074724377296856,55,45,9,2709.0,2818.0,0.267638552889849,2.1261574620797767,7661.0
7,271,BOYACA,SOCOTA,3157,3112,1997,2,12,1,562,1,5,10,14,356,0,47,64,8,47,31,1997,562,1435,ABELARDO DE LA ESPRIELLA,1435,0.4611182519280206,47,31,14,2663.0,2755.0,0.1707287318528789,1.3524337328015543,5820.0
7,274,BOYACA,SOCHA,3964,3903,1879,0,25,0,1120,2,7,8,5,641,7,53,93,9,59,56,1879,1120,759,ABELARDO DE LA ESPRIELLA,759,0.1944657955418908,59,56,5,2870.0,2990.0,0.40445674180445895,3.2370141461716373,6834.0
7,277,BOYACA,SOGAMOSO,71271,70423,29674,19,1111,15,27481,30,115,72,76,6297,30,500,3867,45,1167,772,29674,27481,2193,ABELARDO DE LA ESPRIELLA,2193,0.0311403944733964,1167,772,76,30182.0,32197.0,2.7132188536400355,28.16228816938716,101453.0
7,280,BOYACA,SOMONDOCO,1728,1704,1009,0,11,1,436,0,2,3,5,141,1,18,58,1,23,19,1009,436,573,ABELARDO DE LA ESPRIELLA,573,0.3362676056338028,23,19,5,1152.0,1199.0,0.2149008532316253,1.5236635614860643,2880.0
7,281,BOYACA,SORA,1851,1820,910,0,19,1,612,1,1,6,6,146,2,8,80,2,32,25,910,612,298,ABELARDO DE LA ESPRIELLA,298,0.1637362637362637,32,25,6,1117.0,1180.0,0.4320998344435246,3.0567247051130337,2968.0
7,282,BOYACA,SORACA,4033,3961,1921,4,37,1,1207,3,8,12,10,516,6,69,110,6,61,62,1921,1207,714,ABELARDO DE LA ESPRIELLA,714,0.1802575107296137,61,62,10,2383.0,2516.0,0.43543638279973607,3.409825239346717,6416.0
7,283,BOYACA,SOTAQUIRA,4207,4128,2145,9,51,2,1132,2,12,15,15,529,7,54,105,11,54,64,2145,1132,1013,ABELARDO DE LA ESPRIELLA,1013,0.2453972868217054,54,64,15,2063.0,2196.0,0.32599369513656506,2.508471956631134,6270.0
7,286,BOYACA,SUSACON,1400,1380,892,2,11,0,219,0,3,3,10,198,3,9,19,1,20,10,892,219,673,ABELARDO DE LA ESPRIELLA,673,0.4876811594202898,20,10,10,1101.0,1141.0,0.14528504880175924,1.022884673043087,2501.0
7,289,BOYACA,SUTAMARCHAN,4207,4183,2519,0,21,0,1006,1,4,4,2,392,3,31,157,3,42,22,2519,1006,1513,ABELARDO DE LA ESPRIELLA,1513,0.3617021276595745,42,22,2,2053.0,2119.0,0.2243469268860925,1.7183115588298303,6260.0
7,292,BOYACA,SUTATENZA,2395,2371,1349,4,17,1,614,0,4,3,2,264,2,16,67,2,28,22,1349,614,735,ABELARDO DE LA ESPRIELLA,735,0.3099957823703079,28,22,2,1543.0,1595.0,0.24286222470033167,1.7911710259814244,3938.0
7,298,BOYACA,TASCO,2894,2855,1626,2,19,0,787,1,3,4,8,283,1,31,60,4,34,31,1626,787,839,ABELARDO DE LA ESPRIELLA,839,0.2938704028021016,34,31,8,2040.0,2113.0,0.26186088707828714,2.0048952421718673,4934.0
7,301,BOYACA,TENZA,2238,2206,1331,2,30,0,513,0,11,8,3,193,3,20,60,3,32,29,1331,513,818,ABELARDO DE LA ESPRIELLA,818,0.370806890299184,32,29,3,1355.0,1419.0,0.20218618944125852,1.4675506941229954,3593.0
7,304,BOYACA,TIBANA,4212,4164,2736,1,48,1,944,0,16,6,13,255,8,25,77,7,40,35,2736,944,1792,ABELARDO DE LA ESPRIELLA,1792,0.4303554274735831,40,35,13,3330.0,3418.0,0.18926692018803218,1.5400844978086279,7542.0
7,307,BOYACA,TIBASOSA,7010,6912,2825,3,112,1,2906,3,10,11,12,615,2,54,262,3,105,86,2825,2906,-81,IVAN CEPEDA,81,0.01171875,105,86,12,3325.0,3528.0,4.070749456550337,33.253015320410896,10335.0
7,310,BOYACA,TINJACA,2289,2278,1237,1,17,0,732,0,3,0,4,162,2,15,88,0,21,7,1237,732,505,ABELARDO DE LA ESPRIELLA,505,0.2216856892010535,21,7,4,827.0,859.0,0.33370606772938866,2.2548293375291437,3116.0
7,311,BOYACA,TIPACOQUE,1981,1960,1268,2,7,0,394,0,3,4,10,215,0,12,31,3,21,11,1268,394,874,ABELARDO DE LA ESPRIELLA,874,0.4459183673469388,21,11,10,1638.0,1680.0,0.1662843695092305,1.2350179794780318,3619.0
7,313,BOYACA,TOCA,4950,4866,2430,2,80,1,1443,2,13,12,8,514,5,57,128,11,168,76,2430,1443,987,ABELARDO DE LA ESPRIELLA,987,0.2028360049321824,168,76,8,3065.0,3317.0,0.3989096211676574,3.2340071590187347,8015.0
7,316,BOYACA,TOGUI,2326,2288,1471,2,19,1,440,2,4,5,8,262,2,14,30,4,32,30,1471,440,1031,ABELARDO DE LA ESPRIELLA,1031,0.4506118881118881,32,30,8,2143.0,2213.0,0.16794769131259224,1.293626516429152,4469.0
7,319,BOYACA,TOPAGA,2471,2440,1460,0,35,0,580,1,2,5,5,235,0,20,62,3,37,26,1460,580,880,ABELARDO DE LA ESPRIELLA,880,0.360655737704918,37,26,5,1005.0,1073.0,0.21044225886509096,1.468707096633107,3476.0
7,322,BOYACA,TOTA,2180,2153,1410,1,10,1,411,3,4,10,6,210,3,18,40,2,30,21,1410,411,999,ABELARDO DE LA ESPRIELLA,999,0.4640037157454714,30,21,6,2311.0,2368.0,0.1619202888662094,1.2581567857723137,4491.0
7,324,BOYACA,TUNUNGUA,957,950,645,0,1,0,230,1,0,5,6,40,2,10,9,2,5,1,645,230,415,ABELARDO DE LA ESPRIELLA,415,0.4368421052631579,5,1,6,621.0,633.0,0.15346615687675194,0.9901711570181466,1578.0
7,325,BOYACA,TURMEQUE,3602,3561,2076,1,48,2,909,1,9,3,6,261,0,33,163,2,53,35,2076,909,1167,ABELARDO DE LA ESPRIELLA,1167,0.3277169334456613,53,35,6,2114.0,2208.0,0.24215775562126093,1.8646862040813763,5716.0
7,328,BOYACA,TUTA,5751,5685,2750,1,92,0,1947,2,21,12,8,485,3,58,209,7,98,58,2750,1947,803,ABELARDO DE LA ESPRIELLA,803,0.1412489006156552,98,58,8,2873.0,3037.0,0.5716248023634266,4.583833385920161,8624.0
7,331,BOYACA,TUTAZA,1322,1306,727,0,16,0,336,1,4,4,2,129,1,12,53,0,23,14,727,336,391,ABELARDO DE LA ESPRIELLA,391,0.2993874425727412,23,14,2,773.0,812.0,0.23192569336220445,1.5540717086155693,2095.0
7,334,BOYACA,UMBITA,3802,3780,2703,0,30,3,632,3,13,5,5,240,1,18,87,5,40,17,2703,632,2071,ABELARDO DE LA ESPRIELLA,2071,0.5478835978835979,40,17,5,1944.0,2006.0,0.14766062015699793,1.122869880782878,5746.0
7,337,BOYACA,VENTAQUEMADA,7035,6924,3623,2,106,1,2205,2,10,12,19,516,4,57,236,5,145,92,3623,2205,1418,ABELARDO DE LA ESPRIELLA,1418,0.2047949162333911,145,92,19,4940.0,5196.0,0.41169006632573457,3.522353025842987,11975.0
7,340,BOYACA,VIRACACHA,1521,1504,1073,0,15,9,221,3,5,4,4,109,2,10,33,5,15,13,1073,221,852,ABELARDO DE LA ESPRIELLA,852,0.5664893617021277,15,13,4,964.0,996.0,0.12691558011721712,0.8763204495345083,2485.0
7,346,BOYACA,ZETAQUIRA,2831,2815,1889,0,23,2,632,3,6,3,3,141,1,29,52,3,31,13,1889,632,1257,ABELARDO DE LA ESPRIELLA,1257,0.4465364120781527,31,13,3,1808.0,1855.0,0.17398552464021622,1.3094461867746616,4639.0
9,1,CALDAS,MANIZALES,234757,230488,98540,109,2928,66,73993,170,3994,407,469,25176,138,2145,18129,163,4530,3800,98540,73993,24547,ABELARDO DE LA ESPRIELLA,24547,0.1065001214813786,4530,3800,469,113876.0,122675.0,1.0599094885846156,12.419279583708073,348633.0
9,4,CALDAS,AGUADAS,11026,10770,5965,8,57,2,1608,9,108,42,67,2250,15,154,349,25,178,189,5965,1608,4357,ABELARDO DE LA ESPRIELLA,4357,0.4045496750232126,178,189,67,7933.0,8367.0,0.2239686381573181,2.0229228562317947,18959.0
9,7,CALDAS,ANSERMA,15704,15264,7569,13,119,3,3630,12,334,43,75,2440,17,236,507,30,311,365,7569,3630,3939,ABELARDO DE LA ESPRIELLA,3939,0.2580581761006289,311,365,75,13746.0,14497.0,0.3593741494962882,3.4434390025599453,29450.0
9,13,CALDAS,ARANZAZU,6021,5859,2967,4,36,0,679,5,507,13,36,1190,6,92,193,25,142,126,2967,679,2288,ABELARDO DE LA ESPRIELLA,2288,0.3905103259941969,142,126,36,5157.0,5461.0,0.21662125342298333,1.8641494252461304,11178.0
9,22,CALDAS,BELALCAZAR,5331,5229,1930,3,19,2,1331,3,509,12,31,1158,4,77,81,7,93,71,1930,1331,599,ABELARDO DE LA ESPRIELLA,599,0.1145534519028494,93,71,31,4997.0,5192.0,0.6874290857661162,5.881001779131913,10328.0
9,34,CALDAS,CHINCHINA,27154,26429,11936,15,268,7,8441,20,461,86,110,2991,41,373,1138,38,614,615,11936,8441,3495,ABELARDO DE LA ESPRIELLA,3495,0.1322410987929925,614,615,110,20569.0,21908.0,0.7158447940856291,7.1546201686212285,47723.0
9,37,CALDAS,FILADELFIA,4715,4588,2313,5,21,3,744,7,447,9,36,757,4,63,135,11,69,91,2313,744,1569,ABELARDO DE LA ESPRIELLA,1569,0.3419790758500436,69,91,36,4467.0,4663.0,0.2395431431266936,2.023571537479737,9182.0
9,49,CALDAS,LA DORADA,31577,30571,13888,18,158,7,11685,20,586,41,108,2119,45,577,800,32,595,898,13888,11685,2203,ABELARDO DE LA ESPRIELLA,2203,0.0720617578751104,595,898,108,25699.0,27300.0,1.2585447964788534,12.855630612997473,57276.0
9,52,CALDAS,LA MERCED,2862,2808,1233,4,13,2,657,7,140,11,22,534,8,65,82,5,47,32,1233,657,576,ABELARDO DE LA ESPRIELLA,576,0.2051282051282051,47,32,22,2785.0,2886.0,0.3691093793290412,2.941053634855833,5647.0
9,55,CALDAS,MANZANARES,7956,7793,3948,5,39,3,1188,3,366,25,41,1728,8,116,211,13,140,122,3948,1188,2760,ABELARDO DE LA ESPRIELLA,2760,0.354163993327345,140,122,41,7432.0,7735.0,0.24607346278311384,2.2032532084508776,15388.0
9,58,CALDAS,MARMATO,3203,3090,1261,2,18,0,1092,5,90,10,23,340,14,81,87,5,85,90,1261,1092,169,ABELARDO DE LA ESPRIELLA,169,0.0546925566343042,85,90,23,4611.0,4809.0,1.2422217269228732,10.532117736123158,7814.0
9,61,CALDAS,MARQUETALIA,6787,6666,2878,9,29,2,844,4,374,13,22,2136,6,64,173,30,104,99,2878,844,2034,ABELARDO DE LA ESPRIELLA,2034,0.3051305130513051,104,99,22,5540.0,5765.0,0.2794056715537593,2.4195787597148493,12327.0
9,67,CALDAS,MARULANDA,1186,1152,661,3,17,0,129,0,125,3,13,155,0,17,20,4,18,21,661,129,532,ABELARDO DE LA ESPRIELLA,532,0.4618055555555556,18,21,13,1173.0,1225.0,0.1494285609241602,1.0626630215627495,2359.0
9,76,CALDAS,NEIRA,10902,10562,5288,11,102,2,2333,11,499,36,82,1435,20,166,436,20,203,258,5288,2333,2955,ABELARDO DE LA ESPRIELLA,2955,0.2797765574701761,203,258,82,8896.0,9439.0,0.3197329931968955,2.926423766751614,19798.0
9,78,CALDAS,NORCASIA,3300,3203,1622,3,22,2,941,3,62,6,24,263,9,96,77,6,91,73,1622,941,681,ABELARDO DE LA ESPRIELLA,681,0.2126131751482984,91,73,24,3416.0,3604.0,0.362609055048553,2.969796099773465,6716.0
9,79,CALDAS,PACORA,6982,6768,3463,6,50,4,971,4,380,28,63,1365,15,116,201,23,142,151,3463,971,2492,ABELARDO DE LA ESPRIELLA,2492,0.3682033096926714,142,151,63,4999.0,5355.0,0.2332107736359008,2.0023413373721373,11981.0
9,82,CALDAS,PALESTINA,7871,7662,3180,5,36,1,2194,3,1114,12,36,657,6,131,195,8,120,173,3180,2194,986,ABELARDO DE LA ESPRIELLA,986,0.1286870268859305,120,173,36,7024.0,7353.0,0.6449167619929539,5.7416937139519,14895.0
9,85,CALDAS,PENSILVANIA,8985,8795,4035,2,43,0,1600,4,135,29,54,2401,7,134,218,10,177,136,4035,1600,2435,ABELARDO DE LA ESPRIELLA,2435,0.2768618533257532,177,136,54,7312.0,7679.0,0.31660021178770315,2.8324241646886437,16297.0
9,103,CALDAS,RIOSUCIO,24143,23537,9843,7,152,5,9331,11,714,44,131,2041,23,236,586,29,515,475,9843,9331,512,ABELARDO DE LA ESPRIELLA,512,0.0217529846624463,515,475,131,17141.0,18262.0,3.170212665816871,31.10813162788104,41284.0
9,106,CALDAS,RISARALDA,5313,5178,2587,4,24,2,1112,5,244,9,29,865,8,102,117,3,96,106,2587,1112,1475,ABELARDO DE LA ESPRIELLA,1475,0.2848590189262263,96,106,29,5231.0,5462.0,0.29004936995207503,2.4960933424661254,10544.0
9,109,CALDAS,SALAMINA,7568,7372,3311,2,34,4,1495,5,579,20,41,1445,12,92,219,13,141,155,3311,1495,1816,ABELARDO DE LA ESPRIELLA,1816,0.24633749321758,141,155,41,7135.0,7472.0,0.3474162068999625,3.0986231468657297,14703.0
9,115,CALDAS,SAMANA,8893,8667,4743,9,53,8,1588,5,227,41,63,1447,14,145,196,27,164,163,4743,1588,3155,ABELARDO DE LA ESPRIELLA,3155,0.3640244605976693,164,163,63,7810.0,8200.0,0.2424278173723473,2.1847622482696996,16703.0
9,120,CALDAS,SAN JOSE,2686,2642,1075,4,4,0,628,0,229,6,15,575,0,22,51,6,42,29,1075,628,447,ABELARDO DE LA ESPRIELLA,447,0.1691900075700227,42,29,15,2274.0,2360.0,0.43973824330160394,3.41537681378167,4960.0
9,124,CALDAS,SUPIA,12893,12214,5135,9,106,9,4159,9,302,45,97,1469,11,249,330,26,355,582,5135,4159,976,ABELARDO DE LA ESPRIELLA,976,0.0799083019485835,355,582,97,11156.0,12190.0,1.0466686367932343,9.847532941241901,24049.0
9,127,CALDAS,VICTORIA,4637,4504,2285,1,39,1,1155,5,351,14,22,428,6,80,71,4,64,111,2285,1155,1130,ABELARDO DE LA ESPRIELLA,1130,0.2508880994671403,64,111,22,3750.0,3947.0,0.322473243786349,2.6703894519257254,8387.0
9,130,CALDAS,VILLAMARIA,32571,31809,13096,22,478,9,10967,25,595,71,90,3558,26,329,1917,40,676,672,13096,10967,2129,ABELARDO DE LA ESPRIELLA,2129,0.0669307428715143,676,672,90,15950.0,17388.0,1.3476453752771507,13.157861089165438,48521.0
9,133,CALDAS,VITERBO,7784,7639,4100,2,43,3,1707,4,340,22,29,966,5,135,184,8,120,116,4100,1707,2393,ABELARDO DE LA ESPRIELLA,2393,0.3132608980233015,120,116,29,5785.0,6050.0,0.2765924656163043,2.4085613341900403,13569.0
11,1,CAUCA,POPAYAN,187004,184022,49238,73,1302,33,104468,93,236,174,356,16694,124,1174,6763,128,3522,2626,49238,104468,-55230,IVAN CEPEDA,55230,0.3001271587092847,3522,2626,356,82516.0,89020.0,0.39089823926524553,4.454921652995688,269520.0
11,4,CAUCA,ALMAGUER,7677,7521,434,5,10,1,6708,0,5,9,68,169,1,39,23,8,109,88,434,6708,-6274,IVAN CEPEDA,6274,0.834197580109028,109,88,68,5200.0,5465.0,0.1057286534495579,0.9099327603885211,12877.0
11,5,CAUCA,ARGELIA,16688,15791,1575,19,78,6,12563,6,32,22,111,350,14,220,119,25,762,786,1575,12563,-10988,IVAN CEPEDA,10988,0.6958394021911215,762,786,111,6219.0,7878.0,0.13696116611885661,1.228809593277198,22907.0
11,6,CAUCA,BALBOA,14522,13864,1470,16,100,19,10892,6,38,35,145,433,23,150,121,24,537,513,1470,10892,-9422,IVAN CEPEDA,9422,0.6796018465089441,537,513,145,3274.0,4469.0,0.13829897652291426,1.1624227695241665,17796.0
11,7,CAUCA,BOLIVAR,18423,17799,1848,10,63,2,14031,18,43,28,163,1021,16,134,69,22,494,461,1848,14031,-12183,IVAN CEPEDA,12183,0.6844766559919097,494,461,163,11397.0,12515.0,0.14092559702099172,1.3295996232939833,29820.0
11,10,CAUCA,BUENOS AIRES,12110,11033,2982,21,88,17,6162,34,55,75,244,657,30,143,146,48,575,833,2982,6162,-3180,IVAN CEPEDA,3180,0.2882262303997099,575,833,244,6383.0,8035.0,0.31213675206758174,2.806635890242484,18493.0
11,13,CAUCA,CAJIBIO,15223,14475,3440,14,138,7,8348,19,63,65,239,1397,28,184,157,40,575,509,3440,8348,-4908,IVAN CEPEDA,4908,0.3390673575129533,575,509,239,11560.0,12883.0,0.2744526859498206,2.5973492766781137,26783.0
11,16,CAUCA,CALDONO,17512,17127,1831,9,80,3,13997,8,18,14,105,639,16,77,120,14,301,280,1831,13997,-12166,IVAN CEPEDA,12166,0.7103403982016698,301,280,105,8822.0,9508.0,0.1353314329531785,1.239635113529527,26334.0
11,19,CAUCA,CALOTO,15024,14717,2194,5,59,2,11285,13,26,19,48,587,14,70,170,13,260,259,2194,11285,-9091,IVAN CEPEDA,9091,0.6177210029217911,260,259,48,6520.0,7087.0,0.15288362933241267,1.3554904885369101,21544.0
11,22,CAUCA,CORINTO,13201,12983,1927,6,53,4,10040,12,20,9,50,432,7,67,117,17,272,168,1927,10040,-8113,IVAN CEPEDA,8113,0.6248940922745129,272,168,50,6413.0,6903.0,0.14918193797114732,1.3187468841899492,19614.0
11,25,CAUCA,EL TAMBO,29758,27492,5627,45,363,24,16637,54,113,156,549,2155,74,449,371,93,1331,1717,5627,16637,-11010,IVAN CEPEDA,11010,0.4004801396769969,1331,1717,549,10816.0,14413.0,0.2490178139639418,2.384583439356885,40574.0
11,27,CAUCA,FLORENCIA,3435,3309,585,1,9,1,1989,0,3,7,28,465,5,46,25,6,167,98,585,1989,-1404,IVAN CEPEDA,1404,0.4242973708068903,167,98,28,1630.0,1923.0,0.18661645253143502,1.411223777088661,5065.0
11,28,CAUCA,GUAPI,7481,7381,343,4,24,1,6723,5,11,10,11,126,7,30,31,6,60,89,343,6723,-6380,IVAN CEPEDA,6380,0.8643815201192251,60,89,11,11745.0,11905.0,0.10186399962313326,0.9559730348474371,19226.0
11,29,CAUCA,GUACHENE,10123,9841,1082,7,23,6,7861,12,29,14,47,450,14,55,68,13,207,235,1082,7861,-6779,IVAN CEPEDA,6779,0.6888527588659689,207,235,47,4626.0,5115.0,0.13156439757561716,1.1235768169440212,14749.0
11,31,CAUCA,INZA,11346,11172,1714,3,51,9,8483,5,18,23,66,534,6,72,78,13,163,108,1714,8483,-6769,IVAN CEPEDA,6769,0.6058897243107769,163,108,66,8045.0,8382.0,0.15134617553456448,1.3672554661418725,19391.0
11,34,CAUCA,JAMBALO,8126,8010,190,2,6,0,7658,2,4,3,52,46,6,19,7,3,64,64,190,7658,-7468,IVAN CEPEDA,7468,0.932334581772784,64,64,52,2194.0,2374.0,0.09538619350364078,0.7414132946690369,10320.0
11,37,CAUCA,LA SIERRA,6119,5819,1436,2,44,2,3559,9,16,16,64,431,7,51,59,17,170,236,1436,3559,-2123,IVAN CEPEDA,2123,0.3648393194706994,170,236,64,3109.0,3579.0,0.2312739109911635,1.8925417223241212,9228.0
11,40,CAUCA,LA VEGA,8657,8518,1046,5,18,2,6728,1,9,14,49,477,6,59,31,5,117,90,1046,6728,-5682,IVAN CEPEDA,5682,0.6670579948344681,117,90,49,6328.0,6584.0,0.1336673418095515,1.1752767346556883,14985.0
11,43,CAUCA,LOPEZ (MICAY),4845,4775,254,2,15,2,4297,5,6,8,27,79,5,19,11,2,70,43,254,4297,-4043,IVAN CEPEDA,4043,0.8467015706806282,70,43,27,8877.0,9017.0,0.098883426212726,0.90052917313948,13722.0
11,46,CAUCA,MERCADERES,8381,8153,1206,2,26,3,6154,3,15,10,92,356,9,70,46,7,246,136,1206,6154,-4948,IVAN CEPEDA,4948,0.6068931681589599,246,136,92,5588.0,6062.0,0.14599389891538694,1.2716010206834993,13969.0
11,49,CAUCA,MIRANDA,15067,14805,2523,3,56,0,11184,4,8,13,36,430,4,93,220,11,256,226,2523,11184,-8661,IVAN CEPEDA,8661,0.5850050658561297,256,226,36,7136.0,7654.0,0.1613900172292813,1.4433293722663654,22203.0
11,52,CAUCA,MORALES,15015,14538,3359,18,92,4,9075,39,21,50,137,1026,36,140,151,30,497,340,3359,9075,-5716,IVAN CEPEDA,5716,0.3931765029577658,497,340,137,8270.0,9244.0,0.23772689883009987,2.1708835625490353,23285.0
11,53,CAUCA,PADILLA,4246,4091,685,3,17,3,3114,5,7,8,28,88,4,25,35,5,92,127,685,3114,-2429,IVAN CEPEDA,2429,0.5937423612808604,92,127,28,3079.0,3326.0,0.1377539437422804,1.1171605525863166,7325.0
11,55,CAUCA,PAEZ (BELALCAZAR),13472,13241,1527,3,51,1,10815,4,19,22,61,482,4,57,57,15,184,170,1527,10815,-9288,IVAN CEPEDA,9288,0.7014575938373234,184,170,61,9360.0,9775.0,0.13340428098171325,1.225676602214667,22832.0
11,58,CAUCA,PATIA (EL BORDO),20198,19132,3450,23,145,9,12952,19,73,56,245,1104,35,229,214,34,789,821,3450,12952,-9502,IVAN CEPEDA,9502,0.4966548191511604,789,821,245,8202.0,10057.0,0.19459342927800163,1.7933970992298416,28400.0
11,60,CAUCA,PIAMONTE,2848,2802,875,3,15,1,1628,6,8,10,17,98,3,49,22,4,80,29,875,1628,-753,IVAN CEPEDA,753,0.2687366167023554,80,29,17,3885.0,4011.0,0.2848009581619388,2.3630064083713704,6733.0
11,61,CAUCA,PIENDAMO,19225,18644,5760,10,198,16,9752,24,37,39,101,1573,14,225,434,26,536,480,5760,9752,-3992,IVAN CEPEDA,3992,0.2141171422441536,536,480,101,13150.0,14267.0,0.4387586417597844,4.197066247393348,32375.0
11,64,CAUCA,PUERTO TEJADA,21966,21576,2387,11,47,7,17750,16,33,12,64,549,83,71,241,11,358,326,2387,17750,-15363,IVAN CEPEDA,15363,0.7120411568409344,358,326,64,13864.0,14612.0,0.13821072548275587,1.325394808672136,35830.0
11,67,CAUCA,PURACE (COCONUCO),5963,5846,1212,1,25,4,4123,0,4,6,31,311,5,24,41,2,88,86,1212,4123,-2911,IVAN CEPEDA,2911,0.4979473144030106,88,86,31,4075.0,4280.0,0.1707595205689754,1.427881190918935,10038.0
11,70,CAUCA,ROSAS,5590,5375,1369,0,29,2,3203,1,15,12,56,500,4,51,49,7,133,159,1369,3203,-1834,IVAN CEPEDA,1834,0.3412093023255814,133,159,56,3195.0,3543.0,0.24457495360530287,1.9989138623807505,8785.0
11,73,CAUCA,SAN SEBASTIAN,3983,3897,542,1,8,0,2970,3,9,3,43,266,4,9,8,4,70,43,542,2970,-2428,IVAN CEPEDA,2428,0.6230433666923274,70,43,43,3065.0,3221.0,0.13061062345964108,1.0550409515555106,7048.0
11,76,CAUCA,SANTANDER DE QUILICHAO,57034,55584,12819,28,304,22,36828,63,108,87,201,2257,59,475,1147,59,1328,1249,12819,36828,-24009,IVAN CEPEDA,24009,0.4319408462867012,1328,1249,201,30212.0,32990.0,0.2472201596993794,2.5720760880942977,87246.0
11,79,CAUCA,SANTA ROSA,2140,2113,478,0,3,0,1471,0,3,8,8,101,1,9,13,5,21,19,478,1471,-993,IVAN CEPEDA,993,0.4699479413156649,21,19,8,1981.0,2029.0,0.15952432560585897,1.214903934721638,4121.0
11,82,CAUCA,SILVIA,13828,13219,2033,15,91,11,9739,9,24,39,106,603,14,102,161,16,362,503,2033,9739,-7706,IVAN CEPEDA,7706,0.5829487858385657,362,503,106,10770.0,11741.0,0.16003888261589685,1.4997127560319765,24598.0
11,85,CAUCA,SOTARA (PAISPAMBA),4807,4692,891,1,28,2,3136,1,5,11,29,419,8,22,51,10,107,86,891,3136,-2245,IVAN CEPEDA,2245,0.4784739982949701,107,86,29,2863.0,3085.0,0.1730660658561704,1.3905219834739009,7670.0
11,86,CAUCA,SUCRE,4001,3884,251,4,5,1,3332,4,8,8,49,129,0,20,24,2,96,68,251,3332,-3081,IVAN CEPEDA,3081,0.793254376930999,96,68,49,1913.0,2126.0,0.10289241490820679,0.7884098176623636,5914.0
11,87,CAUCA,SUAREZ,11371,10588,2638,6,87,17,6341,19,41,37,115,594,20,149,140,31,468,668,2638,6341,-3703,IVAN CEPEDA,3703,0.3497355496788817,468,668,115,7710.0,8961.0,0.2576217728190378,2.3445510128756046,19081.0
11,88,CAUCA,TIMBIO,19192,18702,5200,10,119,2,10696,19,28,43,78,1591,16,178,331,13,456,412,5200,10696,-5496,IVAN CEPEDA,5496,0.2938723131215913,456,412,78,9658.0,10604.0,0.3237030421342485,3.0004296744358636,28850.0
11,91,CAUCA,TIMBIQUI,7059,7025,243,2,14,2,6622,0,4,4,7,74,1,15,11,5,28,27,243,6622,-6379,IVAN CEPEDA,6379,0.9080427046263344,28,27,7,8844.0,8906.0,0.0964810546196861,0.8774559011524722,15903.0
11,94,CAUCA,TORIBIO,15768,15554,759,2,49,3,14215,7,15,18,73,203,7,35,47,16,178,141,759,14215,-13456,IVAN CEPEDA,13456,0.8651150829368651,178,141,73,5782.0,6174.0,0.11029563536877227,0.9626894413587052,21550.0
11,97,CAUCA,TOTORO,8188,8069,813,2,31,1,6753,3,3,16,34,209,4,38,40,6,150,85,813,6753,-5940,IVAN CEPEDA,5940,0.7361507002106829,150,85,34,5214.0,5483.0,0.12056423399085348,1.038008628230131,13402.0
11,98,CAUCA,VILLA RICA,10213,10024,939,5,24,4,8512,8,23,7,25,238,3,33,68,6,154,164,939,8512,-7573,IVAN CEPEDA,7573,0.7554868316041501,154,164,25,5656.0,5999.0,0.12035265496165883,1.0470096968252034,15869.0
12,1,CESAR,VALLEDUPAR,190265,188358,84650,153,460,25,89773,55,329,107,221,4668,31,784,4237,53,3033,1686,84650,89773,-5123,IVAN CEPEDA,5123,0.0271982076683761,3033,1686,221,158205.0,163145.0,3.2652393103570305,39.19071085990109,348470.0
12,75,CESAR,AGUACHICA,46530,45830,27327,15,84,7,14388,14,71,52,79,1461,20,555,1074,30,732,621,27327,14388,12939,ABELARDO DE LA ESPRIELLA,12939,0.2823259873445341,732,621,79,31186.0,32618.0,0.3671488838378334,3.815649928267334,77716.0
12,150,CESAR,AGUSTIN CODAZZI,25399,25097,9641,8,69,6,13803,5,38,32,61,674,13,126,366,12,304,241,9641,13803,-4162,IVAN CEPEDA,4162,0.1658365541698211,304,241,61,28628.0,29234.0,0.5761340972870909,5.924457153500924,54027.0
12,170,CESAR,ASTREA,8807,8743,4758,12,15,1,3664,1,10,9,18,116,5,56,32,6,58,46,4758,3664,1094,ABELARDO DE LA ESPRIELLA,1094,0.1251286743680658,58,46,18,8386.0,8508.0,0.6716652163059541,6.077817744956001,17193.0
12,180,CESAR,BECERRIL,9240,9147,3328,9,19,1,5299,2,27,5,13,153,1,60,89,5,149,80,3328,5299,-1971,IVAN CEPEDA,1971,0.2154804854050508,149,80,13,11167.0,11409.0,0.40452682806484475,3.7791889160018375,20407.0
12,200,CESAR,BOSCONIA,16550,16232,6307,11,28,4,9008,4,41,11,172,310,12,116,174,10,196,146,6307,9008,-2701,IVAN CEPEDA,2701,0.1663997042878265,196,146,172,17066.0,17580.0,0.5495928423152063,5.372035935902497,33616.0
12,225,CESAR,CURUMANI,15623,15356,6565,12,33,2,7793,3,32,19,36,300,2,135,171,14,275,231,6565,7793,-1228,IVAN CEPEDA,1228,0.0799687418598593,275,231,36,15694.0,16236.0,1.0714084109501592,10.387355829897238,31317.0
12,300,CESAR,CHIMICHAGUA,11756,11657,6143,9,85,2,4827,3,28,10,30,279,9,108,64,14,76,69,6143,4827,1316,ABELARDO DE LA ESPRIELLA,1316,0.1128935403620142,76,69,30,14430.0,14605.0,0.7619397969187146,7.306383715175711,26186.0
12,375,CESAR,CHIRIGUANA,11513,11396,4190,8,19,4,6579,2,29,11,22,248,2,78,77,13,136,95,4190,6579,-2389,IVAN CEPEDA,2389,0.2096349596349596,136,95,22,13520.0,13773.0,0.42530139361151587,4.053351108622864,25033.0
12,410,CESAR,EL COPEY,12292,12154,4103,6,22,5,7212,3,49,11,48,364,10,99,88,6,176,90,4103,7212,-3109,IVAN CEPEDA,3109,0.2558005594865887,176,90,48,13890.0,14204.0,0.35385538333393873,3.383334919720067,26182.0
12,415,CESAR,EL PASO,16240,16047,4907,12,45,5,10256,2,38,11,37,299,7,127,107,8,223,156,4907,10256,-5349,IVAN CEPEDA,5349,0.3333333333333333,223,156,37,13663.0,14079.0,0.28203901486024424,2.6941806874459933,29903.0
12,450,CESAR,GAMARRA,6283,6245,3580,3,10,1,2163,2,11,3,17,269,4,64,48,7,80,21,3580,2163,1417,ABELARDO DE LA ESPRIELLA,1417,0.2269015212169735,80,21,17,5237.0,5355.0,0.36891686017661773,3.167510092558873,11520.0
12,525,CESAR,GONZALEZ,2445,2421,1539,1,6,2,624,2,5,4,1,98,3,21,60,4,52,23,1539,624,915,ABELARDO DE LA ESPRIELLA,915,0.3779429987608426,52,23,1,2615.0,2691.0,0.20086324405913125,1.5864258739947592,5060.0
12,600,CESAR,LA GLORIA,7003,6929,3945,0,9,1,2684,0,7,3,16,88,2,57,45,3,85,58,3945,2684,1261,ABELARDO DE LA ESPRIELLA,1261,0.1819887429643527,85,58,16,4945.0,5104.0,0.4606319597512016,3.932864493093907,11948.0
12,608,CESAR,LA JAGUA DE IBIRICO,16783,16517,5998,10,26,2,9472,2,36,4,33,296,5,153,215,6,292,233,5998,9472,-3474,IVAN CEPEDA,3474,0.2103287521947084,292,233,33,15983.0,16541.0,0.44080520030303694,4.28183090757959,32766.0
12,625,CESAR,MANAURE BALCON DEL CESAR (MANA,5184,5121,2382,1,7,0,2434,0,12,4,15,122,3,31,75,3,47,48,2382,2434,-52,IVAN CEPEDA,52,0.0101542667447764,47,48,15,4106.0,4216.0,4.237961308601422,35.37375132494583,9290.0
12,650,CESAR,PAILITAS,8484,8377,4467,6,14,3,3360,2,7,6,24,140,0,176,97,1,98,83,4467,3360,1107,ABELARDO DE LA ESPRIELLA,1107,0.1321475468544825,98,83,24,8233.0,8438.0,0.6354921137509678,5.745242139670283,16717.0
12,700,CESAR,PELAYA,9117,8987,5447,6,23,3,2986,1,22,8,38,104,3,150,89,7,138,92,5447,2986,2461,ABELARDO DE LA ESPRIELLA,2461,0.273839991098253,138,92,38,8368.0,8636.0,0.32073160649705396,2.9070505280775594,17485.0
12,720,CESAR,PUEBLO BELLO,10358,10224,3802,2,18,1,5910,3,16,8,59,156,3,55,118,7,125,75,3802,5910,-2108,IVAN CEPEDA,2108,0.2061815336463223,125,75,59,13553.0,13812.0,0.42707583877241434,4.0714700487440965,23911.0
12,750,CESAR,RIO DE ORO,9333,9220,5598,4,15,1,2560,2,13,13,25,499,7,158,202,7,141,88,5598,2560,3038,ABELARDO DE LA ESPRIELLA,3038,0.3295010845986985,141,88,25,7758.0,8012.0,0.26890160840959326,2.41710829063325,17091.0
12,800,CESAR,SAN ALBERTO,11688,11519,5419,3,44,3,4921,2,22,10,19,353,15,287,288,7,145,150,5419,4921,498,ABELARDO DE LA ESPRIELLA,498,0.0432329195242642,145,150,19,8867.0,9181.0,1.7567775763242144,16.03059595457592,20555.0
12,825,CESAR,LA PAZ,11202,11105,6501,12,15,4,3932,0,27,4,21,258,4,64,141,8,135,76,6501,3932,2569,ABELARDO DE LA ESPRIELLA,2569,0.2313372354795137,135,76,21,12550.0,12782.0,0.3859843991041445,3.649818856611264,23752.0
12,850,CESAR,SAN DIEGO,8918,8841,4457,5,14,1,3854,2,9,4,19,184,2,62,107,1,139,58,4457,3854,603,ABELARDO DE LA ESPRIELLA,603,0.0682049541907024,139,58,19,8792.0,9008.0,1.1619811645470604,10.580976497183332,17710.0
12,875,CESAR,SAN MARTIN,12423,12196,6540,10,40,1,4333,8,21,19,40,340,6,466,180,7,225,187,6540,4333,2207,ABELARDO DE LA ESPRIELLA,2207,0.1809609708101016,225,187,40,7411.0,7863.0,0.49271561926650603,4.419684066694024,19834.0
12,900,CESAR,TAMALAMEQUE,5165,5137,2246,1,12,0,2622,1,8,2,2,119,4,45,30,2,45,26,2246,2622,-376,IVAN CEPEDA,376,0.0731944714814093,45,26,2,6285.0,6358.0,1.027041704277089,8.994447554850124,11450.0
13,1,CORDOBA,MONTERIA,208585,207008,87885,78,445,18,104497,53,262,138,314,5611,70,705,4080,91,3075,1263,87885,104497,-16612,IVAN CEPEDA,16612,0.0802481063533776,3075,1263,314,165419.0,170071.0,1.3563184917846327,16.335468931017317,374004.0
13,4,CORDOBA,AYAPEL,14456,14331,6836,3,41,4,6663,7,23,13,45,323,13,101,88,21,195,80,6836,6663,173,ABELARDO DE LA ESPRIELLA,173,0.0120717326076338,195,80,45,22268.0,22588.0,4.335975905722439,43.46910517664782,36724.0
13,7,CORDOBA,BUENAVISTA,9116,9028,2602,2,28,1,6031,2,19,3,41,88,2,52,76,5,117,47,2602,6031,-3429,IVAN CEPEDA,3429,0.379818342933097,117,47,41,10257.0,10462.0,0.2336523425186968,2.1625927390322106,19373.0
13,9,CORDOBA,CANALETE,8167,8104,2822,0,19,0,4934,1,36,3,30,130,5,30,54,2,68,33,2822,4934,-2112,IVAN CEPEDA,2112,0.2606120434353405,68,33,30,10297.0,10428.0,0.33258817013146996,3.077220714519091,18464.0
13,10,CORDOBA,CERETE,44885,44476,14984,14,115,10,26771,9,63,25,89,991,11,152,618,24,689,320,14984,26771,-11787,IVAN CEPEDA,11787,0.2650193362712474,689,320,89,34159.0,35257.0,0.389162726727359,4.0747079897705225,79044.0
13,13,CORDOBA,CIENAGA DE ORO,26593,26400,6537,4,33,4,18890,2,27,11,74,352,9,50,195,9,277,119,6537,18890,-12353,IVAN CEPEDA,12353,0.4679166666666666,277,119,74,22177.0,22647.0,0.21303205929635372,2.1362485991786633,48770.0
13,14,CORDOBA,COTORRA (BONGO),9024,8968,3216,1,7,1,5000,0,10,2,20,551,5,23,54,2,96,36,3216,5000,-1784,IVAN CEPEDA,1784,0.1989295272078501,96,36,20,7842.0,7994.0,0.4356267679227311,3.914791151821647,16866.0
13,16,CORDOBA,CHIMA,7125,7090,2923,1,17,1,3737,2,1,5,11,300,0,21,30,2,50,24,2923,3737,-814,IVAN CEPEDA,814,0.1148095909732016,50,24,11,6548.0,6633.0,0.7104086780644747,6.251570237785965,13673.0
13,19,CORDOBA,CHINU,23972,23683,11401,11,41,5,9086,15,21,26,146,2346,22,91,234,18,366,143,11401,9086,2315,ABELARDO DE LA ESPRIELLA,2315,0.0977494405269602,366,143,146,16386.0,17041.0,0.9348127418936707,9.108288276297404,40358.0
13,20,CORDOBA,LA APARTADA (FRONTERA),6097,6040,1489,1,14,1,4263,2,11,6,26,82,2,37,40,3,89,31,1489,4263,-2774,IVAN CEPEDA,2774,0.4592715231788079,89,31,26,6972.0,7118.0,0.18552851409271098,1.6457348670190144,13069.0
13,22,CORDOBA,LORICA,45014,44707,15938,15,89,5,26216,14,49,35,79,1184,32,164,385,27,554,228,15938,26216,-10278,IVAN CEPEDA,10278,0.2298968841568434,554,228,79,48471.0,49332.0,0.4463545982741787,4.823463346786019,93485.0
13,23,CORDOBA,LOS CORDOBAS,7656,7594,3416,2,28,0,3699,2,18,12,32,200,5,48,49,8,107,30,3416,3699,-283,IVAN CEPEDA,283,0.0372662628390834,107,30,32,9647.0,9816.0,1.8904065771922043,17.376373122302475,17303.0
13,24,CORDOBA,MOMIL,7830,7768,3466,0,9,1,3785,5,8,14,25,280,2,30,52,5,111,37,3466,3785,-319,IVAN CEPEDA,319,0.0410659114315139,111,37,25,7213.0,7386.0,1.7541832670438355,15.625347065559112,15043.0
13,25,CORDOBA,MONTELIBANO,32050,31776,7546,11,77,11,22618,17,82,18,57,378,11,153,312,20,522,217,7546,22618,-15072,IVAN CEPEDA,15072,0.4743202416918429,522,217,57,30955.0,31751.0,0.21404222132920114,2.218699806911362,63005.0
13,27,CORDOBA,MOÑITOS,10419,10359,4846,3,27,2,5012,2,12,5,25,240,8,49,52,11,90,35,4846,5012,-166,IVAN CEPEDA,166,0.0160247128101168,90,35,25,11986.0,12136.0,3.5526645705075035,33.40930706386326,22405.0
13,28,CORDOBA,PLANETA RICA,27361,26892,10808,8,75,4,14570,5,37,27,283,492,11,126,337,19,373,186,10808,14570,-3762,IVAN CEPEDA,3762,0.1398929049531459,373,186,283,29761.0,30603.0,0.680460580296709,7.0283997602569785,57122.0
13,31,CORDOBA,PUEBLO NUEVO,14347,14254,6801,4,26,0,6783,5,22,6,37,210,2,96,114,10,175,56,6801,6783,18,ABELARDO DE LA ESPRIELLA,18,0.0012628034236003,175,56,37,13456.0,13724.0,8.492435356995017,80.90721310496791,27803.0
13,32,CORDOBA,PUERTO LIBERTADOR,15195,15047,3746,7,45,3,10511,4,21,8,48,129,6,115,159,12,281,100,3746,10511,-6765,IVAN CEPEDA,6765,0.4495912806539509,281,100,48,17509.0,17938.0,0.20929466628030943,2.049985247434893,32704.0
13,33,CORDOBA,PUERTO ESCONDIDO,9013,8954,4129,3,26,2,4265,3,23,13,32,302,10,34,58,4,82,27,4129,4265,-136,IVAN CEPEDA,136,0.0151887424614697,82,27,32,11305.0,11446.0,3.612712039282905,33.76253882388699,20318.0
13,34,CORDOBA,PURISIMA,7068,6977,3679,2,15,0,2881,2,16,6,47,189,7,42,47,6,85,44,3679,2881,798,ABELARDO DE LA ESPRIELLA,798,0.1143758062204385,85,44,47,7621.0,7797.0,0.7115947940920625,6.377043967104406,14689.0
13,37,CORDOBA,SAHAGUN,45411,45057,17443,11,81,6,25022,13,57,33,88,1242,16,139,430,34,530,266,17443,25022,-7579,IVAN CEPEDA,7579,0.1682091572896553,530,266,88,39695.0,40579.0,0.6012993939654925,6.380406277174565,85106.0
13,40,CORDOBA,SAN ANDRES DE SOTAVENTO,17066,16905,4800,6,50,5,10960,11,31,14,70,690,18,51,87,18,164,91,4800,10960,-6160,IVAN CEPEDA,6160,0.3643892339544513,164,91,70,15424.0,15749.0,0.2600348243099666,2.5131314303804,32490.0
13,43,CORDOBA,SAN ANTERO,12498,12275,5100,12,36,0,6315,12,57,13,32,372,7,108,60,18,165,191,5100,6315,-1215,IVAN CEPEDA,1215,0.0989816700610998,165,191,32,12451.0,12839.0,0.8639435797286782,8.173183224885015,24949.0
13,46,CORDOBA,SAN BERNARDO DEL VIENTO,12831,12747,3764,4,33,2,8369,6,25,14,38,266,6,40,57,9,152,46,3764,8369,-4605,IVAN CEPEDA,4605,0.3612614732878324,152,46,38,16152.0,16388.0,0.25462188661327606,2.4709438919866757,28983.0
13,49,CORDOBA,SAN CARLOS,9470,9399,4098,11,27,0,4560,7,22,8,27,405,7,48,73,15,118,44,4098,4560,-462,IVAN CEPEDA,462,0.0491541653367379,118,44,27,12470.0,12659.0,1.5465462011305582,14.608988894141238,21940.0
13,52,CORDOBA,SAN JOSE DE URE,4191,4165,740,0,10,3,3228,1,12,5,9,63,2,21,19,2,59,17,740,3228,-2488,IVAN CEPEDA,2488,0.597358943577431,59,17,9,4528.0,4613.0,0.13722876249632998,1.1577785450740443,8719.0
13,55,CORDOBA,SAN PELAYO,20706,20610,8642,3,55,3,11037,2,23,7,31,304,9,128,162,10,225,65,8642,11037,-2395,IVAN CEPEDA,2395,0.116205725376031,225,65,31,18139.0,18460.0,0.7870942592537791,7.731954086236787,38845.0
13,58,CORDOBA,TIERRALTA,28743,28420,9331,12,67,6,17296,9,160,23,87,629,8,156,237,31,455,236,9331,17296,-7965,IVAN CEPEDA,7965,0.2802603800140746,455,236,87,43924.0,44702.0,0.3532994612293691,3.783058519754365,72667.0
13,60,CORDOBA,TUCHIN,14066,13883,4055,8,29,6,8706,3,29,19,94,713,15,57,78,15,150,89,4055,8706,-4651,IVAN CEPEDA,4651,0.3350140459554851,150,89,94,14129.0,14462.0,0.27646678414398135,2.6483717964846414,28195.0
13,61,CORDOBA,VALENCIA,12616,12515,5561,3,31,1,6175,6,29,15,34,339,12,58,88,12,185,67,5561,6175,-614,IVAN CEPEDA,614,0.0490611266480223,185,67,34,16241.0,16527.0,1.597457353127669,15.51580165717782,28857.0
15,4,CUNDINAMARCA,AGUA DE DIOS,5940,5847,2712,3,64,1,2401,2,12,7,11,342,2,62,136,6,97,82,2712,2401,311,ABELARDO DE LA ESPRIELLA,311,0.0531896699161963,97,82,11,3919.0,4109.0,1.372669775444799,11.422229958778814,9859.0
15,7,CUNDINAMARCA,ALBAN,3421,3376,1883,0,43,1,868,1,3,10,4,339,0,55,108,2,63,41,1883,868,1015,ABELARDO DE LA ESPRIELLA,1015,0.3006516587677725,63,41,4,2124.0,2232.0,0.2615386974791342,2.0167513775359964,5545.0
15,10,CUNDINAMARCA,ANAPOIMA,8775,8686,5012,7,75,1,2349,6,9,19,19,779,3,88,216,7,115,70,5012,2349,2663,ABELARDO DE LA ESPRIELLA,2663,0.3065853096937601,115,70,19,4751.0,4955.0,0.2864814840282111,2.437485950100469,13526.0
15,13,CUNDINAMARCA,ANOLAIMA,7811,7722,4389,5,79,1,1867,6,17,8,15,857,8,81,281,3,120,74,4389,1867,2522,ABELARDO DE LA ESPRIELLA,2522,0.3265993265993266,120,74,15,4399.0,4608.0,0.265952943489554,2.2435168495436875,12210.0
15,16,CUNDINAMARCA,ARBELAEZ,6728,6671,3750,13,99,0,1781,2,16,15,9,605,8,42,222,4,114,48,3750,1781,1969,ABELARDO DE LA ESPRIELLA,1969,0.2951581472043172,114,48,9,3196.0,3367.0,0.2885610305577974,2.3437141520216,9924.0
15,19,CUNDINAMARCA,BELTRAN,1192,1175,673,0,5,0,408,1,1,0,2,51,0,11,13,0,12,15,673,408,265,ABELARDO DE LA ESPRIELLA,265,0.225531914893617,12,15,2,1050.0,1079.0,0.3001662909101652,2.0965763908695982,2242.0
15,22,CUNDINAMARCA,BITUIMA,1718,1701,1079,0,12,0,352,0,0,3,4,171,0,16,47,2,19,13,1079,352,727,ABELARDO DE LA ESPRIELLA,727,0.4273956496178718,19,13,4,1212.0,1248.0,0.17008763840319052,1.2127416171693668,2930.0
15,25,CUNDINAMARCA,BOJACA,5605,5406,2056,2,97,1,2473,5,7,15,17,368,0,71,200,0,111,182,2056,2473,-417,IVAN CEPEDA,417,0.0771365149833518,111,182,17,2090.0,2400.0,0.9864348707340704,7.678054505373974,7695.0
15,29,CUNDINAMARCA,CABRERA,2002,1976,615,0,17,2,1203,0,3,2,8,75,2,11,13,3,30,18,615,1203,-588,IVAN CEPEDA,588,0.2975708502024291,30,18,8,1586.0,1642.0,0.24675081589089676,1.8270119134596252,3588.0
15,30,CUNDINAMARCA,CACHIPAY,6511,6433,3574,2,84,0,1716,4,11,13,10,680,3,87,164,5,90,68,3574,1716,1858,ABELARDO DE LA ESPRIELLA,1858,0.2888232550909373,90,68,10,3428.0,3596.0,0.2934628265504403,2.4028312018933273,9939.0
15,31,CUNDINAMARCA,CAJICA,53818,53287,25420,15,1141,4,16176,35,96,59,23,5160,20,330,3878,45,908,508,25420,16176,9244,ABELARDO DE LA ESPRIELLA,9244,0.173475707020474,908,508,23,14621.0,16060.0,0.5931829679707152,5.744472395610051,68439.0
15,34,CUNDINAMARCA,CAPARRAPI,5678,5614,4269,1,16,0,715,4,12,11,21,359,4,51,83,9,80,43,4269,715,3554,ABELARDO DE LA ESPRIELLA,3554,0.6330602066262914,80,43,21,5060.0,5204.0,0.13425176644758005,1.1488427073601644,10738.0
15,37,CUNDINAMARCA,CAQUEZA,9951,9789,5809,11,101,1,2764,1,15,16,19,491,4,75,336,11,154,143,5809,2764,3045,ABELARDO DE LA ESPRIELLA,3045,0.3110634385534784,154,143,19,4963.0,5279.0,0.2862087560304365,2.453290263914654,14914.0
15,40,CUNDINAMARCA,CARMEN DE CARUPA,4022,3957,2448,5,80,0,693,2,12,11,10,462,6,34,120,5,79,55,2448,693,1755,ABELARDO DE LA ESPRIELLA,1755,0.4435178165276724,79,55,10,2357.0,2501.0,0.1826498061219404,1.429206548400156,6379.0
15,43,CUNDINAMARCA,COGUA,12868,12624,5245,15,299,5,4940,3,27,25,13,965,10,107,674,19,290,231,5245,4940,305,ABELARDO DE LA ESPRIELLA,305,0.0241603295310519,290,231,13,4276.0,4810.0,2.7644447181223573,23.43878752192008,17144.0
15,46,CUNDINAMARCA,COTA,22726,22540,11715,3,361,4,6260,10,22,37,12,2119,10,140,1460,10,389,174,11715,6260,5455,ABELARDO DE LA ESPRIELLA,5455,0.242014196983141,389,174,12,8832.0,9407.0,0.3977193059822925,3.638859478540361,31558.0
15,49,CUNDINAMARCA,CUCUNUBA,4015,3961,2804,2,50,1,509,2,10,10,10,386,6,19,92,4,66,44,2804,509,2295,ABELARDO DE LA ESPRIELLA,2295,0.5793991416309013,66,44,10,1373.0,1493.0,0.14055847119720596,1.0273717157774878,5388.0
15,52,CUNDINAMARCA,CHAGUANI,2308,2291,1522,0,15,0,412,0,4,3,8,235,4,17,48,4,27,9,1522,412,1110,ABELARDO DE LA ESPRIELLA,1110,0.4845045831514622,27,9,8,1676.0,1720.0,0.15646326326291707,1.1657547016403413,3984.0
15,55,CUNDINAMARCA,CHIA,95544,94808,47983,20,1761,20,26293,40,113,90,49,8934,38,626,7246,60,1584,687,47983,26293,21690,ABELARDO DE LA ESPRIELLA,21690,0.2287781621804067,1584,687,49,28678.0,30998.0,0.4799274571762369,4.963270691081331,124222.0
15,58,CUNDINAMARCA,CHIPAQUE,5866,5781,3497,4,64,2,1552,1,9,6,7,310,15,71,161,6,83,78,3497,1552,1945,ABELARDO DE LA ESPRIELLA,1945,0.3364469814910915,83,78,7,2714.0,2882.0,0.2500384008338961,1.9919525979820956,8580.0
15,61,CUNDINAMARCA,CHOACHI,8512,8443,5595,0,65,0,1695,4,12,10,16,609,1,54,279,3,116,53,5595,1695,3900,ABELARDO DE LA ESPRIELLA,3900,0.4619211180859884,116,53,16,3665.0,3850.0,0.1915831070590238,1.5817270168293978,12177.0
15,64,CUNDINAMARCA,CHOCONTA,11344,11108,6416,5,165,1,2791,7,21,22,18,769,12,159,491,10,239,218,6416,2791,3625,ABELARDO DE LA ESPRIELLA,3625,0.3263413755851638,239,218,18,5702.0,6177.0,0.2769659502454813,2.4175665031631053,17046.0
15,67,CUNDINAMARCA,EL COLEGIO,15091,14917,7349,10,199,2,5011,8,30,20,19,1453,10,171,424,18,212,155,7349,5011,2338,ABELARDO DE LA ESPRIELLA,2338,0.1567339277334584,212,155,19,9148.0,9534.0,0.5763868186370693,5.281273634997791,24239.0
15,70,CUNDINAMARCA,EL PEÑON,2505,2490,1810,0,13,0,327,0,4,6,7,246,2,18,36,3,25,8,1810,327,1483,ABELARDO DE LA ESPRIELLA,1483,0.5955823293172691,25,8,7,2087.0,2127.0,0.12913916302807102,0.9895853803447283,4592.0
15,72,CUNDINAMARCA,EL ROSAL,15304,14753,6554,9,254,10,5587,10,31,37,34,1084,6,178,576,13,404,517,6554,5587,967,ABELARDO DE LA ESPRIELLA,967,0.0655459906459703,404,517,34,5736.0,6691.0,1.270652410454066,11.192755306005644,21040.0
15,76,CUNDINAMARCA,FACATATIVA,74627,72672,24970,25,1385,17,34701,48,160,98,81,5110,46,845,3592,52,1623,1874,24970,34701,-9731,IVAN CEPEDA,9731,0.1339030162923822,1623,1874,81,29681.0,33259.0,0.7778659192608683,8.099226102131453,104308.0
15,79,CUNDINAMARCA,FOMEQUE,6771,6723,4786,6,34,0,991,3,7,6,9,601,6,58,137,6,82,39,4786,991,3795,ABELARDO DE LA ESPRIELLA,3795,0.5644801427933958,82,39,9,3169.0,3299.0,0.1534158944410746,1.2429261380990935,9940.0
15,85,CUNDINAMARCA,FOSCA,3502,3493,2487,1,13,1,765,2,1,2,3,118,0,24,45,0,34,6,2487,765,1722,ABELARDO DE LA ESPRIELLA,1722,0.4929859719438877,34,6,3,2047.0,2090.0,0.16220735658218688,1.2401397508438516,5549.0
15,88,CUNDINAMARCA,FUNZA,59358,58361,22662,27,1168,14,25293,33,133,71,48,3808,27,442,3348,34,1301,949,22662,25293,-2631,IVAN CEPEDA,2631,0.0450814756429807,1301,949,48,22121.0,24419.0,1.9923976516587785,20.129507770785334,81479.0
15,91,CUNDINAMARCA,FUQUENE,3018,2962,1637,0,40,0,825,3,1,1,5,255,3,27,112,2,56,51,1637,825,812,ABELARDO DE LA ESPRIELLA,812,0.2741390952059419,56,51,5,1279.0,1391.0,0.28133958622552824,2.036475706112014,4297.0
15,94,CUNDINAMARCA,FUSAGASUGA,83641,82659,41650,29,1113,10,27302,58,129,95,74,6593,53,784,3475,59,1309,908,41650,27302,14348,ABELARDO DE LA ESPRIELLA,14348,0.1735806143311678,1309,908,74,40496.0,42787.0,0.6167585357155776,6.577121023258363,124137.0
15,97,CUNDINAMARCA,GACHALA,2749,2715,1644,0,19,1,712,2,5,9,14,194,1,21,71,3,33,20,1644,712,932,ABELARDO DE LA ESPRIELLA,932,0.3432780847145488,33,20,14,2404.0,2471.0,0.2238156237477179,1.748622859745395,5153.0
15,100,CUNDINAMARCA,GACHANCIPA,9743,9510,3201,5,192,1,4679,3,21,14,20,600,5,116,398,14,261,213,3201,4679,-1478,IVAN CEPEDA,1478,0.1554153522607781,261,213,20,3338.0,3832.0,0.5537698996669473,4.569378647627333,13081.0
15,103,CUNDINAMARCA,GACHETA,5268,5197,3018,2,50,0,1284,1,7,8,16,495,5,58,183,6,80,55,3018,1284,1734,ABELARDO DE LA ESPRIELLA,1734,0.3336540311718299,80,55,16,3562.0,3713.0,0.24897217664015553,2.046517616481663,8830.0
15,106,CUNDINAMARCA,GAMA,1964,1944,1330,0,21,0,378,1,1,2,6,111,2,16,61,1,20,14,1330,378,952,ABELARDO DE LA ESPRIELLA,952,0.4897119341563786,20,14,6,1179.0,1219.0,0.15154765652810415,1.0769895060408141,3143.0
15,109,CUNDINAMARCA,GIRARDOT,56007,55222,26476,16,598,32,21283,34,95,61,59,3470,26,639,1620,31,841,726,26476,21283,5193,ABELARDO DE LA ESPRIELLA,5193,0.0940386078012386,841,726,59,31121.0,32747.0,1.0495271940788513,10.911511456319147,87128.0
15,112,CUNDINAMARCA,GUACHETA,6271,6140,3635,5,117,1,1187,5,10,36,15,702,7,95,194,4,142,116,3635,1187,2448,ABELARDO DE LA ESPRIELLA,2448,0.3986970684039088,142,116,15,3306.0,3579.0,0.21342807542991357,1.746507142700951,9577.0
15,115,CUNDINAMARCA,GUADUAS,14150,13945,8064,5,110,11,4030,9,21,15,37,881,3,174,353,19,250,168,8064,4030,4034,ABELARDO DE LA ESPRIELLA,4034,0.2892793115812119,250,168,37,8499.0,8954.0,0.3188642728881511,2.9016544610423294,22649.0
15,118,CUNDINAMARCA,GUASCA,8865,8587,3822,3,148,3,2859,6,18,21,22,940,5,113,380,16,253,256,3822,2859,963,ABELARDO DE LA ESPRIELLA,963,0.1121462676138348,253,256,22,3699.0,4230.0,0.7415798563436997,6.192335407943061,12564.0
15,121,CUNDINAMARCA,GUATAQUI,1359,1344,754,0,7,0,499,1,0,2,5,46,1,7,20,0,7,10,754,499,255,ABELARDO DE LA ESPRIELLA,255,0.1897321428571428,7,10,5,1399.0,1421.0,0.3606905322789565,2.618548199511104,2758.0
15,124,CUNDINAMARCA,GUATAVITA,4155,4094,2422,0,87,2,851,1,5,12,12,366,1,47,218,3,79,49,2422,851,1571,ABELARDO DE LA ESPRIELLA,1571,0.3837322911577919,79,49,12,1509.0,1649.0,0.21124815472535993,1.5650384114829146,5664.0
15,127,CUNDINAMARCA,GUAYABAL DE SIQUIMA,3085,3045,1730,8,32,0,755,1,5,3,5,341,3,42,72,1,52,35,1730,755,975,ABELARDO DE LA ESPRIELLA,975,0.3201970443349753,52,35,5,1475.0,1567.0,0.242933262761657,1.7873951338394136,4560.0
15,128,CUNDINAMARCA,GUAYABETAL,3106,3064,2080,0,19,0,671,0,5,3,9,135,1,56,48,5,41,33,2080,671,1409,ABELARDO DE LA ESPRIELLA,1409,0.4598563968668407,41,33,9,1542.0,1625.0,0.17085651918123027,1.2632923078974778,4648.0
15,130,CUNDINAMARCA,GUTIERREZ,1998,1990,1636,1,8,0,210,1,0,10,2,69,3,15,26,0,11,6,1636,210,1426,ABELARDO DE LA ESPRIELLA,1426,0.7165829145728643,11,6,2,872.0,891.0,0.10454955864919947,0.7102538858595241,2870.0
15,132,CUNDINAMARCA,GRANADA,4505,4434,2030,1,58,1,1785,3,5,3,2,297,2,57,118,0,74,69,2030,1785,245,ABELARDO DE LA ESPRIELLA,245,0.055254848894903,74,69,2,2289.0,2434.0,1.2868442785405922,10.034428250168983,6794.0
15,133,CUNDINAMARCA,JERUSALEN,1586,1578,953,1,8,0,415,0,1,6,4,147,3,9,21,2,12,4,953,415,538,ABELARDO DE LA ESPRIELLA,538,0.3409378960709759,12,4,4,1255.0,1275.0,0.20985328449014776,1.5007627135839567,2841.0
15,136,CUNDINAMARCA,JUNIN,3383,3336,2193,1,32,2,737,6,9,8,14,189,3,32,68,3,53,33,2193,737,1456,ABELARDO DE LA ESPRIELLA,1456,0.4364508393285372,53,33,14,2023.0,2123.0,0.1817182713992224,1.392153922894772,5406.0
15,139,CUNDINAMARCA,LA CALERA,18287,18082,7725,3,356,10,6218,7,34,22,11,1961,3,134,1253,13,343,194,7725,6218,1507,ABELARDO DE LA ESPRIELLA,1507,0.0833425506028094,343,194,11,7370.0,7918.0,1.0501885245344837,9.427563613477869,25657.0
15,142,CUNDINAMARCA,LA MESA,18128,17896,9127,8,269,2,5539,8,31,36,20,1710,9,236,627,19,275,212,9127,5539,3588,ABELARDO DE LA ESPRIELLA,3588,0.2004917299955297,275,212,20,10274.0,10781.0,0.46521487472336204,4.319814758444014,28402.0
15,145,CUNDINAMARCA,LA PALMA,4033,3979,2358,3,28,2,1087,2,12,11,15,347,8,15,47,12,47,39,2358,1087,1271,ABELARDO DE LA ESPRIELLA,1271,0.3194269917064589,47,39,15,4322.0,4423.0,0.25161985225741795,2.11229822079117,8355.0
15,148,CUNDINAMARCA,LA PEÑA,3560,3514,2456,2,11,2,455,4,8,9,19,409,7,42,63,3,43,27,2456,455,2001,ABELARDO DE LA ESPRIELLA,2001,0.5694365395560614,43,27,19,2494.0,2583.0,0.14090921519206,1.10713693019376,6054.0
15,151,CUNDINAMARCA,LA VEGA,9644,9552,6072,5,86,0,2079,4,20,15,10,755,4,104,285,8,115,82,6072,2079,3993,ABELARDO DE LA ESPRIELLA,3993,0.4180276381909548,115,82,10,4963.0,5170.0,0.21411258765915078,1.830838490654926,14607.0
15,154,CUNDINAMARCA,LENGUAZAQUE,5601,5543,4162,4,46,1,496,5,7,13,8,513,3,56,149,7,81,50,4162,496,3666,ABELARDO DE LA ESPRIELLA,3666,0.6613747068374527,81,50,8,1977.0,2116.0,0.12840030244030107,0.9832580928275264,7578.0
15,157,CUNDINAMARCA,MACHETA,4306,4257,2939,2,28,1,640,2,4,11,12,441,2,22,115,6,44,37,2939,640,2299,ABELARDO DE LA ESPRIELLA,2299,0.5400516795865633,44,37,12,2304.0,2397.0,0.15192308569504748,1.1823247538657629,6610.0
15,160,CUNDINAMARCA,MADRID,69475,68075,24614,21,1477,16,31763,43,129,105,78,4202,23,599,3549,43,1491,1322,24614,31763,-7149,IVAN CEPEDA,7149,0.1050165258905618,1491,1322,78,24069.0,26960.0,0.9675461783381649,9.871048008174178,93544.0
15,163,CUNDINAMARCA,MANTA,2727,2719,1768,0,21,1,426,2,2,21,2,348,1,21,68,3,37,6,1768,426,1342,ABELARDO DE LA ESPRIELLA,1342,0.4935638102243472,37,6,2,1297.0,1342.0,0.15704836206888473,1.131166143451088,4024.0
15,166,CUNDINAMARCA,MEDINA,4303,4261,3176,3,11,0,711,1,6,4,10,162,3,59,73,5,47,32,3176,711,2465,ABELARDO DE LA ESPRIELLA,2465,0.5785026988969726,47,32,10,2580.0,2669.0,0.1420128374657069,1.1204576781682065,6883.0
15,169,CUNDINAMARCA,MOSQUERA,74839,73855,29147,23,1409,9,31194,42,149,84,48,4988,42,610,4563,55,1540,936,29147,31194,-2047,IVAN CEPEDA,2047,0.0277164714643558,1540,936,48,24271.0,26795.0,2.972142434114411,30.30398774299488,99110.0
15,172,CUNDINAMARCA,NARIÑO,1561,1544,697,2,8,1,647,0,0,1,8,135,1,10,27,1,14,9,697,647,50,ABELARDO DE LA ESPRIELLA,50,0.0323834196891191,14,9,8,1376.0,1407.0,1.732465016553849,12.560242364984301,2937.0
15,175,CUNDINAMARCA,NEMOCON,8560,8325,3786,4,145,2,3249,3,19,17,23,510,5,96,283,17,189,212,3786,3249,537,ABELARDO DE LA ESPRIELLA,537,0.0645045045045045,189,212,23,3167.0,3591.0,1.2116231747047115,9.918910021583587,11727.0
15,178,CUNDINAMARCA,NILO,3629,3606,2133,2,18,0,1033,1,6,2,4,227,2,56,79,4,43,19,2133,1033,1100,ABELARDO DE LA ESPRIELLA,1100,0.3050471436494731,43,19,4,2652.0,2718.0,0.25998114396544336,2.0559359417165197,6281.0
15,181,CUNDINAMARCA,NIMAIMA,2260,2248,1579,0,14,0,366,2,4,3,3,176,6,26,51,2,19,9,1579,366,1213,ABELARDO DE LA ESPRIELLA,1213,0.5395907473309609,19,9,3,1179.0,1210.0,0.14043615161722198,0.9969845724188686,3439.0
15,184,CUNDINAMARCA,NOCAIMA,3609,3574,2080,2,26,1,1073,0,6,6,4,224,0,30,90,1,35,31,2080,1073,1007,ABELARDO DE LA ESPRIELLA,1007,0.2817571348628987,35,31,4,1824.0,1894.0,0.280429147310239,2.116391516547603,5433.0
15,190,CUNDINAMARCA,PACHO,15015,14844,9225,6,122,1,2990,7,22,17,34,1569,4,185,450,11,235,137,9225,2990,6235,ABELARDO DE LA ESPRIELLA,6235,0.4200350309889518,235,137,34,8491.0,8897.0,0.22336362610060567,2.0311754076292208,23506.0
15,193,CUNDINAMARCA,PAIME,2534,2518,1704,0,10,0,510,1,1,3,4,222,1,15,25,2,24,12,1704,510,1194,ABELARDO DE LA ESPRIELLA,1194,0.4741858617950754,24,12,4,2609.0,2649.0,0.16174816107429482,1.2749499431535376,5143.0
15,196,CUNDINAMARCA,PANDI,2586,2560,1336,1,19,0,893,1,1,5,10,185,0,29,51,3,36,16,1336,893,443,ABELARDO DE LA ESPRIELLA,443,0.173046875,36,16,10,1833.0,1895.0,0.4287510008679212,3.2359989005592364,4419.0
15,198,CUNDINAMARCA,PARATEBUENO (LA NAGUAYA),4779,4725,3221,0,12,2,976,2,2,0,11,237,1,138,89,3,42,43,3221,976,2245,ABELARDO DE LA ESPRIELLA,2245,0.4751322751322751,42,43,11,3005.0,3101.0,0.17440262978668947,1.4021626717128324,7784.0
15,199,CUNDINAMARCA,PASCA,5375,5280,2160,1,47,0,2513,2,7,7,14,277,7,38,117,10,94,81,2160,2513,-353,IVAN CEPEDA,353,0.0668560606060606,94,81,14,3166.0,3355.0,1.1153148736888274,9.054689453998009,8541.0
15,202,CUNDINAMARCA,PUERTO SALGAR,7603,7441,3757,3,38,0,2831,3,19,4,20,363,2,126,164,5,126,142,3757,2831,926,ABELARDO DE LA ESPRIELLA,926,0.1244456390270125,126,142,20,5741.0,6029.0,0.6630854651310341,5.771828949513954,13344.0
15,205,CUNDINAMARCA,PULI,1447,1427,825,1,15,1,336,1,5,7,9,167,1,23,21,3,21,11,825,336,489,ABELARDO DE LA ESPRIELLA,489,0.342676944639103,21,11,9,1440.0,1481.0,0.20596838702719475,1.503805637019309,2887.0
15,208,CUNDINAMARCA,QUEBRADANEGRA,3107,3087,2357,2,17,0,408,1,2,3,4,195,0,23,53,3,23,16,2357,408,1949,ABELARDO DE LA ESPRIELLA,1949,0.6313573048266926,23,16,4,1249.0,1292.0,0.12528552884130567,0.8976357816545121,4356.0
15,211,CUNDINAMARCA,QUETAME,3968,3929,2300,1,29,0,1202,1,3,4,5,185,2,46,97,1,58,34,2300,1202,1098,ABELARDO DE LA ESPRIELLA,1098,0.2794604224993637,58,34,5,1928.0,2025.0,0.2859249162078972,2.176980469476029,5896.0
15,214,CUNDINAMARCA,QUIPILE,3693,3663,2428,3,34,1,568,4,8,9,13,475,5,30,60,7,31,17,2428,568,1860,ABELARDO DE LA ESPRIELLA,1860,0.5077805077805078,31,17,13,2528.0,2589.0,0.15849014403749545,1.2456395229375725,6221.0
15,217,CUNDINAMARCA,APULO,4585,4523,2622,4,20,2,1292,0,19,8,15,355,3,50,74,6,68,47,2622,1292,1330,ABELARDO DE LA ESPRIELLA,1330,0.294052619942516,68,47,15,2714.0,2844.0,0.27683207725121234,2.2017336389185016,7299.0
15,218,CUNDINAMARCA,RICAURTE,8306,8235,4451,3,89,1,2654,3,20,5,6,530,7,127,205,17,123,65,4451,2654,1797,ABELARDO DE LA ESPRIELLA,1797,0.2182149362477231,123,65,6,5109.0,5303.0,0.39507800043204383,3.388274478681738,13415.0
15,220,CUNDINAMARCA,SAN ANTONIO DEL TEQUENDAMA,6324,6263,3165,4,93,1,1977,4,18,9,12,634,2,63,201,7,85,49,3165,1977,1188,ABELARDO DE LA ESPRIELLA,1188,0.1896854542551493,85,49,12,3209.0,3355.0,0.4378172796952833,3.554421803883355,9533.0
15,223,CUNDINAMARCA,SAN BERNARDO,4523,4480,2595,3,30,1,1349,2,11,1,10,291,3,48,104,1,41,33,2595,1349,1246,ABELARDO DE LA ESPRIELLA,1246,0.278125,41,33,10,3319.0,3403.0,0.29180395712923707,2.3731559358631213,7842.0
15,226,CUNDINAMARCA,SAN CAYETANO,2337,2322,1560,1,14,0,276,2,5,4,4,367,2,28,37,1,25,11,1560,276,1284,ABELARDO DE LA ESPRIELLA,1284,0.5529715762273901,25,11,4,2115.0,2155.0,0.13767328689503597,1.0567815175813586,4452.0
15,229,CUNDINAMARCA,SAN FRANCISCO,6418,6347,3805,1,79,0,1516,2,5,14,15,571,0,80,182,4,88,56,3805,1516,2289,ABELARDO DE LA ESPRIELLA,2289,0.3606428233811249,88,56,15,3389.0,3548.0,0.23623538698988325,1.9310875444137328,9807.0
15,232,CUNDINAMARCA,SAN JUAN DE RIOSECO,5342,5277,3126,3,30,0,1390,4,6,7,17,483,5,42,121,4,56,48,3126,1390,1736,ABELARDO DE LA ESPRIELLA,1736,0.3289747962857684,56,48,17,3762.0,3883.0,0.25285958162616146,2.0897885652237798,9104.0
15,235,CUNDINAMARCA,SASAIMA,6148,6052,3590,5,70,1,1390,3,16,12,23,564,4,86,196,8,107,73,3590,1390,2200,ABELARDO DE LA ESPRIELLA,2200,0.3635161929940516,107,73,23,3410.0,3613.0,0.23314409011526768,1.9100493882019833,9558.0
15,238,CUNDINAMARCA,SESQUILE,7075,6854,2970,3,134,0,2779,3,15,12,19,418,1,66,286,10,157,202,2970,2779,191,ABELARDO DE LA ESPRIELLA,191,0.0278669390137146,157,202,19,2709.0,3087.0,2.3325713200101514,18.742861136418448,9784.0
15,239,CUNDINAMARCA,SIBATE,19037,18682,7196,5,334,1,8296,13,38,36,25,1387,18,237,718,21,382,330,7196,8296,-1100,IVAN CEPEDA,1100,0.0588802055454448,382,330,25,9070.0,9807.0,1.4278948822199433,13.123715691230165,28107.0
15,241,CUNDINAMARCA,SILVANIA,13475,13275,7081,6,140,0,3962,12,20,16,28,1369,9,141,345,15,159,172,7081,3962,3119,ABELARDO DE LA ESPRIELLA,3119,0.2349529190207156,159,172,28,7081.0,7440.0,0.3875729756883193,3.455120265152127,20556.0
15,244,CUNDINAMARCA,SIMIJACA,6891,6815,4122,5,82,3,1679,2,13,8,10,404,3,95,257,5,137,66,4122,1679,2443,ABELARDO DE LA ESPRIELLA,2443,0.3584739545121057,137,66,10,3396.0,3609.0,0.23955636376516684,1.962317102492597,10287.0
15,247,CUNDINAMARCA,SOACHA,259197,255080,72682,132,5782,69,139603,221,542,409,222,17093,144,2362,10616,186,5239,3895,72682,139603,-66921,IVAN CEPEDA,66921,0.2623529872981026,5239,3895,222,103489.0,112845.0,0.4571029877169617,5.317835293079099,362686.0
15,250,CUNDINAMARCA,SOPO,16417,16190,5829,6,366,3,7099,7,23,9,17,1267,9,156,1021,28,367,210,5829,7099,-1270,IVAN CEPEDA,1270,0.0784434836318715,367,210,17,4702.0,5296.0,1.0958648860586115,9.396927320110548,21119.0
15,256,CUNDINAMARCA,SUBACHOQUE,9917,9780,5771,6,119,3,2160,4,15,19,7,926,4,101,440,17,195,130,5771,2160,3611,ABELARDO DE LA ESPRIELLA,3611,0.3692229038854805,195,130,7,3420.0,3752.0,0.2422901389433268,1.9941231470691871,13337.0
15,259,CUNDINAMARCA,SUESCA,8800,8527,2962,6,209,2,3958,6,18,28,23,587,3,125,354,22,247,250,2962,3958,-996,IVAN CEPEDA,996,0.1168054415386419,247,250,23,3264.0,3784.0,0.7137793170845469,5.880685869771163,12064.0
15,262,CUNDINAMARCA,SUPATA,3050,3028,2013,2,36,0,529,3,6,3,3,297,3,28,64,3,41,19,2013,529,1484,ABELARDO DE LA ESPRIELLA,1484,0.4900924702774108,41,19,3,1658.0,1721.0,0.16029011207828456,1.1943603648090604,4708.0
15,265,CUNDINAMARCA,SUSA,3774,3745,2382,2,62,0,795,0,4,6,1,278,4,29,114,2,67,28,2382,795,1587,ABELARDO DE LA ESPRIELLA,1587,0.4237650200267022,67,28,1,1862.0,1958.0,0.1896981891831088,1.437948206249043,5636.0
15,268,CUNDINAMARCA,SUTATAUSA,3114,3045,1775,1,41,1,721,1,14,4,8,250,4,38,115,5,75,61,1775,721,1054,ABELARDO DE LA ESPRIELLA,1054,0.3461412151067323,75,61,8,1261.0,1405.0,0.22523606348260225,1.6326245233983678,4375.0
15,271,CUNDINAMARCA,TABIO,14024,13807,6721,9,272,4,4373,7,23,27,19,1081,7,134,822,18,309,198,6721,4373,2348,ABELARDO DE LA ESPRIELLA,2348,0.1700586658941116,309,198,19,5069.0,5595.0,0.5294387451992648,4.568954367169618,19093.0
15,274,CUNDINAMARCA,TAUSA,4554,4477,2936,5,62,0,729,3,12,14,4,429,4,28,136,6,113,73,2936,729,2207,ABELARDO DE LA ESPRIELLA,2207,0.4929640384185839,113,73,4,1879.0,2069.0,0.16714777111285567,1.2762240263575861,6433.0
15,277,CUNDINAMARCA,TENA,5259,5206,2862,2,59,1,1576,3,14,15,17,422,2,48,123,6,73,36,2862,1576,1286,ABELARDO DE LA ESPRIELLA,1286,0.2470226661544372,73,36,17,2720.0,2846.0,0.3329573722506169,2.64834996004609,7979.0
15,280,CUNDINAMARCA,TENJO,14852,14510,6939,5,362,3,4517,20,32,26,22,1311,5,136,816,16,322,320,6939,4517,2422,ABELARDO DE LA ESPRIELLA,2422,0.1669193659545141,322,320,22,4741.0,5405.0,0.5416400974416103,4.6555400241801,19593.0
15,283,CUNDINAMARCA,TIBACUY,2956,2918,1478,3,43,0,1021,1,0,6,10,250,4,19,63,3,27,28,1478,1021,457,ABELARDO DE LA ESPRIELLA,457,0.1566141192597669,27,28,10,1623.0,1688.0,0.4788907690598609,3.559064435609851,4579.0
15,286,CUNDINAMARCA,TIBIRITA,1823,1805,1041,1,18,1,483,2,4,4,8,168,0,19,41,5,18,10,1041,483,558,ABELARDO DE LA ESPRIELLA,558,0.3091412742382271,18,10,8,1194.0,1230.0,0.23497022601906709,1.671949940446795,3017.0
15,289,CUNDINAMARCA,TOCAIMA,7129,7023,3692,1,87,2,2157,5,11,12,15,642,7,95,168,13,131,91,3692,2157,1535,ABELARDO DE LA ESPRIELLA,1535,0.2185675637192083,131,91,15,5915.0,6152.0,0.3875041581226174,3.3808556089637443,13044.0
15,292,CUNDINAMARCA,TOCANCIPA,33627,32953,9762,20,745,8,16891,19,59,40,27,2441,14,430,1770,61,693,647,9762,16891,-7129,IVAN CEPEDA,7129,0.2163384213880375,693,647,27,9492.0,10859.0,0.45961564390265697,4.271135372676346,43119.0
15,295,CUNDINAMARCA,TOPAIPI,2144,2116,1420,1,12,0,328,6,5,9,9,266,6,10,28,4,21,19,1420,328,1092,ABELARDO DE LA ESPRIELLA,1092,0.5160680529300568,21,19,9,2198.0,2247.0,0.14556586792304227,1.123447703909359,4342.0
15,298,CUNDINAMARCA,UBALA,4769,4700,3176,2,35,1,923,1,11,10,23,352,4,54,68,2,61,46,3176,923,2253,ABELARDO DE LA ESPRIELLA,2253,0.4793617021276595,61,46,23,4015.0,4145.0,0.17278692824266706,1.4392977114074954,8784.0
15,301,CUNDINAMARCA,UBAQUE,4227,4164,2580,3,54,1,951,1,9,9,8,338,3,43,98,6,68,55,2580,951,1629,ABELARDO DE LA ESPRIELLA,1629,0.3912103746397694,68,55,8,2091.0,2222.0,0.20773320136808848,1.6009193723224355,6318.0
15,304,CUNDINAMARCA,UBATE,26112,25625,13478,5,449,5,6787,16,49,39,47,2520,13,280,1342,19,623,440,13478,6787,6691,ABELARDO DE LA ESPRIELLA,6691,0.2611121951219512,623,440,47,11097.0,12207.0,0.37443401376700347,3.5233666888544874,37209.0
15,307,CUNDINAMARCA,UNE,4542,4479,2717,5,45,1,992,2,8,11,3,422,11,26,136,11,92,60,2717,992,1725,ABELARDO DE LA ESPRIELLA,1725,0.3851306095110515,92,60,3,2264.0,2419.0,0.2127746654659991,1.6578386613154952,6806.0
15,316,CUNDINAMARCA,UTICA,3146,3128,2504,0,10,0,359,0,2,1,6,152,1,23,38,2,36,12,2504,359,2145,ABELARDO DE LA ESPRIELLA,2145,0.6857416879795396,36,12,6,1886.0,1940.0,0.1156818526577291,0.8758225152959268,5032.0
15,318,CUNDINAMARCA,VENECIA,2188,2166,1097,2,9,1,823,1,3,1,6,146,2,21,34,1,25,16,1097,823,274,ABELARDO DE LA ESPRIELLA,274,0.1265004616805171,25,16,6,1601.0,1648.0,0.5627159723103481,4.168557337970602,3789.0
15,319,CUNDINAMARCA,VERGARA,4180,4148,2837,2,29,2,685,4,7,6,5,379,4,39,98,7,49,27,2837,685,2152,ABELARDO DE LA ESPRIELLA,2152,0.5188042430086789,49,27,5,3034.0,3115.0,0.1575369851976801,1.2672756218267023,7214.0
15,322,CUNDINAMARCA,VIANI,2781,2758,1643,0,19,0,685,1,3,3,9,278,2,27,55,4,38,14,1643,685,958,ABELARDO DE LA ESPRIELLA,958,0.3473531544597534,38,14,9,1584.0,1645.0,0.22170291419967206,1.641954702484291,4365.0
15,323,CUNDINAMARCA,VILLAGOMEZ,1251,1238,784,1,6,1,300,0,4,2,7,96,0,14,20,0,10,6,784,300,484,ABELARDO DE LA ESPRIELLA,484,0.3909531502423263,10,6,7,880.0,903.0,0.17762823106202663,1.2090850584275283,2131.0
15,325,CUNDINAMARCA,VILLAPINZON,10907,10781,7402,5,146,2,1564,6,20,26,19,824,6,115,447,16,202,107,7402,1564,5838,ABELARDO DE LA ESPRIELLA,5838,0.5415082088860032,202,107,19,3726.0,4054.0,0.16836799899620272,1.3987518298367558,14633.0
15,328,CUNDINAMARCA,VILLETA,16559,16417,10548,8,129,2,3650,4,28,18,21,1106,14,183,447,18,262,121,10548,3650,6898,ABELARDO DE LA ESPRIELLA,6898,0.4201742096607175,262,121,21,8856.0,9260.0,0.22563262406092477,2.0608307599076983,25415.0
15,331,CUNDINAMARCA,VIOTA,7233,7156,3681,3,57,2,2554,4,11,13,13,591,8,46,110,9,67,64,3681,2554,1127,ABELARDO DE LA ESPRIELLA,1127,0.157490217998882,67,64,13,4928.0,5072.0,0.5299322123873434,4.5212161051734645,12161.0
15,334,CUNDINAMARCA,YACOPI,5392,5337,3944,1,18,0,795,2,3,7,25,384,6,59,63,6,49,30,3944,795,3149,ABELARDO DE LA ESPRIELLA,3149,0.590031853100993,49,30,25,5437.0,5541.0,0.14303584527403262,1.2329848239666226,10829.0
15,337,CUNDINAMARCA,ZIPACON,2994,2935,1444,1,33,0,895,1,12,9,6,350,1,48,81,6,54,53,1444,895,549,ABELARDO DE LA ESPRIELLA,549,0.187052810902896,54,53,6,1357.0,1470.0,0.4052113417285466,2.9554890395273508,4351.0
15,340,CUNDINAMARCA,ZIPAQUIRA,85160,83769,29209,33,1782,28,39011,44,169,114,73,5821,36,680,4983,78,1781,1318,29209,39011,-9802,IVAN CEPEDA,9802,0.1170122599052155,1781,1318,73,28228.0,31400.0,0.8924989001539978,9.241464665571835,113388.0
17,1,CHOCO,QUIBDO,41145,40138,5914,21,167,31,29900,104,83,65,150,2266,57,241,459,41,789,857,5914,29900,-23986,IVAN CEPEDA,23986,0.5975883202949823,789,857,150,47342.0,49138.0,0.1744619400203167,1.8846091081851626,88487.0
17,2,CHOCO,ATRATO (YUTO),3765,3688,543,11,17,2,2881,9,7,7,11,86,1,37,29,3,55,66,543,2881,-2338,IVAN CEPEDA,2338,0.6339479392624728,55,66,11,4771.0,4903.0,0.12754308534636086,1.0838364568314416,8536.0
17,4,CHOCO,ACANDI,4201,4138,1887,6,9,1,1944,6,8,4,24,145,5,24,28,7,64,39,1887,1944,-57,IVAN CEPEDA,57,0.0137747704204929,64,39,24,6728.0,6855.0,3.5029610568058938,30.941232768813148,10929.0
17,6,CHOCO,ALTO BAUDO (PIE DE PATO),4985,4964,146,2,5,3,4717,2,3,7,13,48,4,7,9,4,7,8,146,4717,-4571,IVAN CEPEDA,4571,0.9208299758259468,7,8,13,7016.0,7044.0,0.0914255964836973,0.8100374977089789,12001.0
17,7,CHOCO,BAGADO,2868,2843,289,1,8,1,2410,2,5,10,6,58,3,14,13,6,23,19,289,2410,-2121,IVAN CEPEDA,2121,0.7460429124164615,23,19,6,5571.0,5619.0,0.10519200246853566,0.9082368950097984,8439.0
17,8,CHOCO,BAHIA SOLANO (MUTIS),3669,3623,655,3,10,2,2722,3,8,4,14,117,1,25,23,8,42,32,655,2722,-2067,IVAN CEPEDA,2067,0.5705216671266906,42,32,14,5354.0,5442.0,0.1411718826572989,1.2143726271805066,9023.0
17,10,CHOCO,BAJO BAUDO (PIZARRO),4038,3968,263,1,21,4,3409,5,5,8,17,158,14,26,20,2,32,53,263,3409,-3146,IVAN CEPEDA,3146,0.7928427419354839,32,53,17,8422.0,8524.0,0.1032116131835062,0.9341433648990903,12460.0
17,11,CHOCO,BOJAYA (BELLAVISTA),3169,3149,153,0,3,0,2854,0,5,1,6,95,0,4,9,4,21,14,153,2854,-2701,IVAN CEPEDA,2701,0.8577326135281041,21,14,6,5808.0,5849.0,0.09282995252498698,0.8052252901535578,8977.0
17,12,CHOCO,MEDIO ATRATO (BETE),2462,2423,226,0,8,1,2070,1,5,8,7,45,3,19,13,4,20,32,226,2070,-1844,IVAN CEPEDA,1844,0.7610400330169211,20,32,7,5194.0,5253.0,0.10107353721565034,0.8658712165670924,7656.0
17,13,CHOCO,CONDOTO,4240,4116,515,4,18,3,3216,6,7,6,19,190,5,24,31,4,87,105,515,3216,-2701,IVAN CEPEDA,2701,0.6562196307094267,87,105,19,7106.0,7317.0,0.12492697059837837,1.1116117208378224,11346.0
17,14,CHOCO,CERTEGUI,2110,2065,282,1,16,4,1520,4,10,12,9,132,6,20,15,5,38,36,282,1520,-1238,IVAN CEPEDA,1238,0.5995157384987894,38,36,9,3010.0,3093.0,0.12523662913906441,1.006554344348065,5120.0
17,15,CHOCO,CARMEN DEL DARIEN,4205,4157,478,2,17,4,3436,1,13,10,15,103,3,14,19,2,55,33,478,3436,-2958,IVAN CEPEDA,2958,0.7115708443589127,55,33,15,6085.0,6188.0,0.11548123837821236,1.008212277721512,10290.0
17,16,CHOCO,EL CARMEN,3874,3810,1862,1,23,2,1376,5,13,4,22,290,4,64,106,8,52,42,1862,1376,486,ABELARDO DE LA ESPRIELLA,486,0.1275590551181102,52,42,22,3389.0,3505.0,0.5994259624561996,4.892653212215948,7263.0
17,17,CHOCO,EL CANTON DEL SAN PABLO (MAN.,2347,2281,406,3,11,4,1709,3,4,11,6,48,9,21,14,5,33,60,406,1709,-1303,IVAN CEPEDA,1303,0.5712406839105656,33,60,6,3722.0,3821.0,0.13303968122802384,1.0973816853634915,6069.0
17,19,CHOCO,ISTMINA,8547,8367,1230,9,34,5,6263,24,25,14,44,365,17,62,88,14,217,136,1230,6263,-5033,IVAN CEPEDA,5033,0.6015298195291024,217,136,44,15785.0,16182.0,0.1476979518882622,1.4314466902577418,24332.0
17,22,CHOCO,JURADO,1451,1441,152,0,4,1,1224,0,1,6,2,14,2,8,4,2,23,8,152,1224,-1072,IVAN CEPEDA,1072,0.7439278278972935,23,8,2,2447.0,2480.0,0.09647854938756541,0.7541165719949144,3898.0
17,25,CHOCO,LLORO,3349,3224,643,5,35,3,2279,3,17,15,24,93,5,41,29,13,43,101,643,2279,-1636,IVAN CEPEDA,1636,0.5074441687344913,43,101,24,6025.0,6193.0,0.15612676144342008,1.3631952690432187,9374.0
17,26,CHOCO,MEDIO BAUDO (PUERTO MELUK),3515,3491,158,0,11,0,3138,10,3,15,6,98,2,18,9,5,24,18,158,3138,-2980,IVAN CEPEDA,2980,0.8536236035519909,24,18,6,6286.0,6334.0,0.09446511053432968,0.8269329442875232,9801.0
17,27,CHOCO,MEDIO SAN JUAN,3283,3204,239,2,10,4,2728,20,10,7,23,102,4,6,21,4,47,56,239,2728,-2489,IVAN CEPEDA,2489,0.7768414481897628,47,56,23,4579.0,4705.0,0.10259331645437075,0.8675899801798895,7862.0
17,28,CHOCO,NOVITA,2167,2090,352,3,15,0,1463,9,19,20,10,113,1,11,15,6,63,67,352,1463,-1111,IVAN CEPEDA,1111,0.531578947368421,63,67,10,3855.0,3995.0,0.14116866500402725,1.1707186758739079,6022.0
17,31,CHOCO,NUQUI,3025,3008,307,1,6,1,2567,2,3,4,9,47,12,20,16,0,22,8,307,2567,-2260,IVAN CEPEDA,2260,0.7513297872340425,22,8,9,4150.0,4189.0,0.10520228173034643,0.8774350032303703,7175.0
17,32,CHOCO,RIO IRO,1622,1574,316,3,15,1,1078,4,7,3,2,79,2,10,9,9,38,46,316,1078,-762,IVAN CEPEDA,762,0.4841168996188056,38,46,2,3085.0,3171.0,0.1489932960588734,1.2012014718688258,4707.0
17,34,CHOCO,RIOSUCIO,5985,5845,655,5,11,4,4914,3,14,7,16,106,3,28,34,4,57,124,655,4914,-4259,IVAN CEPEDA,4259,0.7286569717707442,57,124,16,8237.0,8434.0,0.11742274529513513,1.0615186431766352,14222.0
17,35,CHOCO,RIO QUITO (PAIMADO),3408,3311,611,5,26,6,2359,14,14,12,8,138,12,24,35,15,40,89,611,2359,-1748,IVAN CEPEDA,1748,0.5279371790999698,40,89,8,4156.0,4293.0,0.1506738673290114,1.2603829794379093,7564.0
17,37,CHOCO,SAN JOSE DEL PALMAR,1422,1380,408,1,9,0,816,1,2,8,10,55,5,33,13,3,26,32,408,816,-408,IVAN CEPEDA,408,0.2956521739130435,26,32,10,2850.0,2918.0,0.23656181013999106,1.8875258245896689,4272.0
17,38,CHOCO,EL LITORAL DEL SAN JUAN,4365,4328,95,0,8,2,4179,0,5,4,6,4,0,8,6,1,16,31,95,4179,-4084,IVAN CEPEDA,4084,0.94362292051756,16,31,6,4829.0,4882.0,0.08780296349103742,0.7457557930803822,9194.0
17,40,CHOCO,SIPI,1100,1079,83,1,2,0,939,0,3,1,7,22,1,5,6,0,16,14,83,939,-856,IVAN CEPEDA,856,0.7933271547729379,16,14,7,2086.0,2123.0,0.08694734490946605,0.6661085116480803,3186.0
17,43,CHOCO,TADO,5455,5221,839,9,50,8,3771,13,15,30,51,248,14,43,22,29,130,183,839,3771,-2932,IVAN CEPEDA,2932,0.5615782417161463,130,183,51,9176.0,9540.0,0.14977189690699255,1.3724128478186866,14631.0
17,48,CHOCO,UNGUIA,3910,3882,1221,2,14,3,2411,2,7,5,13,93,0,41,22,9,52,15,1221,2411,-1190,IVAN CEPEDA,1190,0.306543019062339,52,15,13,6371.0,6451.0,0.261081838235204,2.290247856544671,10281.0
17,60,CHOCO,UNION PANAMERICANA (LAS ANIMAS,2378,2294,401,1,12,5,1631,9,6,14,8,117,1,15,23,14,45,76,401,1631,-1230,IVAN CEPEDA,1230,0.5361813426329556,45,76,8,3725.0,3854.0,0.14168349444508688,1.1698985062744978,6103.0
17,82,CHOCO,NUEVO BELEN DE BAJIRA,5196,5123,1453,3,17,2,3224,3,16,9,22,165,7,70,63,7,84,51,1453,3224,-1771,IVAN CEPEDA,1771,0.3456958813195393,84,51,22,7378.0,7535.0,0.24014027464499085,2.1438395303343127,12574.0
19,1,HUILA,NEIVA,185948,183829,85998,83,1447,33,71549,89,416,162,200,11552,161,1951,7149,141,3098,1919,85998,71549,14449,ABELARDO DE LA ESPRIELLA,14449,0.0786002208574272,3098,1919,200,111277.0,116494.0,1.3681418149039266,15.96020012587153,297225.0
19,4,HUILA,ACEVEDO,12903,12760,8820,6,43,3,2115,9,16,35,29,1145,14,146,199,21,188,114,8820,2115,6705,ABELARDO DE LA ESPRIELLA,6705,0.5254702194357367,188,114,29,10706.0,11037.0,0.17655788465129751,1.6435948528737467,23609.0
19,7,HUILA,AGRADO,4795,4740,3022,2,20,1,1086,3,140,8,9,238,1,64,80,2,73,46,3022,1086,1936,ABELARDO DE LA ESPRIELLA,1936,0.4084388185654008,73,46,9,3349.0,3477.0,0.20227576857999421,1.6493996400285216,8144.0
19,10,HUILA,AIPE,9266,9162,4851,4,59,1,3058,1,16,11,16,690,3,146,150,14,158,88,4851,3058,1793,ABELARDO DE LA ESPRIELLA,1793,0.1956996289019864,158,88,16,7058.0,7320.0,0.44350731032734086,3.9465507809422817,16324.0
19,13,HUILA,ALGECIRAS,9648,9438,5261,7,87,2,2710,9,25,36,57,748,22,133,139,26,233,153,5261,2710,2551,ABELARDO DE LA ESPRIELLA,2551,0.2702903157448612,233,153,57,8818.0,9261.0,0.3265401909089236,2.982512071930387,18466.0
19,16,HUILA,ALTAMIRA,2020,2007,1075,1,10,0,772,1,1,3,1,55,0,18,37,1,33,12,1075,772,303,ABELARDO DE LA ESPRIELLA,303,0.1509715994020926,33,12,1,1557.0,1603.0,0.4724370329336964,3.486706146975935,3577.0
19,19,HUILA,BARAYA,3392,3275,2084,0,15,1,802,5,3,6,85,232,2,47,38,2,38,32,2084,802,1282,ABELARDO DE LA ESPRIELLA,1282,0.3914503816793893,38,32,85,2996.0,3151.0,0.20162836590444153,1.6242762679559835,6388.0
19,22,HUILA,CAMPOALEGRE,15578,15201,7645,6,80,2,5665,9,36,32,42,899,11,199,261,15,341,335,7645,5665,1980,ABELARDO DE LA ESPRIELLA,1980,0.1302545885139135,341,335,42,10601.0,11319.0,0.686550249738942,6.408484087943674,26179.0
19,25,HUILA,TESALIA (CARNICERIAS),5531,5438,3825,3,35,2,968,2,5,7,14,316,3,64,107,2,99,79,3825,968,2857,ABELARDO DE LA ESPRIELLA,2857,0.5253769768297168,99,79,14,3304.0,3496.0,0.16065970095233895,1.3109286538891436,8835.0
19,28,HUILA,COLOMBIA,3518,3495,2382,1,13,0,604,1,4,7,10,334,3,43,50,3,50,13,2382,604,1778,ABELARDO DE LA ESPRIELLA,1778,0.5087267525035766,50,13,10,3344.0,3417.0,0.15729620069516595,1.2798894346313139,6862.0
19,31,HUILA,ELIAS,2310,2289,1482,2,11,1,508,2,6,2,6,162,2,24,48,5,34,15,1482,508,974,ABELARDO DE LA ESPRIELLA,974,0.4255133245958934,34,15,6,1652.0,1707.0,0.17763651901412417,1.3221625331685765,3962.0
19,34,HUILA,GARZON,37216,36725,21897,23,210,19,10038,19,63,40,77,2277,30,433,936,46,694,414,21897,10038,11859,ABELARDO DE LA ESPRIELLA,11859,0.3229135466303608,694,414,77,23875.0,25060.0,0.3157348307532202,3.1980996123081535,61091.0
19,37,HUILA,GIGANTE,12022,11851,7006,6,86,2,3264,3,16,11,27,837,12,179,220,15,194,144,7006,3264,3742,ABELARDO DE LA ESPRIELLA,3742,0.3157539448147836,194,144,27,8718.0,9083.0,0.28795512864861417,2.624500762521476,20740.0
19,40,HUILA,GUADALUPE,8156,8048,5302,5,46,1,1650,2,13,22,18,501,8,139,195,11,153,90,5302,1650,3652,ABELARDO DE LA ESPRIELLA,3652,0.4537773359840954,153,90,18,6636.0,6897.0,0.19391424378275668,1.7140054398667026,14792.0
19,43,HUILA,HOBO,3568,3513,1901,2,23,1,1153,4,8,2,8,198,3,97,43,4,74,47,1901,1153,748,ABELARDO DE LA ESPRIELLA,748,0.2129234272701395,74,47,8,2833.0,2962.0,0.3662472970529588,2.9277653445549174,6401.0
19,44,HUILA,ISNOS,13431,13164,6223,8,66,4,5078,10,36,33,63,839,9,234,245,23,356,204,6223,5078,1145,ABELARDO DE LA ESPRIELLA,1145,0.0869796414463688,356,204,63,9312.0,9935.0,0.9780730192919855,9.002105632189041,22743.0
19,46,HUILA,IQUIRA,4744,4681,2119,3,20,0,1937,1,6,16,11,373,4,60,54,6,82,52,2119,1937,182,ABELARDO DE LA ESPRIELLA,182,0.0388805810724204,82,52,11,3163.0,3308.0,1.729005765199339,14.012556584885532,7907.0
19,47,HUILA,LA ARGENTINA (PLATA VIEJA),6975,6863,3918,0,26,1,2210,4,8,10,30,332,9,54,98,9,184,82,3918,2210,1708,ABELARDO DE LA ESPRIELLA,1708,0.2488707562290543,184,82,30,5999.0,6295.0,0.34125313225226755,2.985169715779219,12974.0
19,49,HUILA,LA PLATA,26887,26435,14671,9,160,3,7829,20,50,60,108,2122,26,366,524,41,554,344,14671,7829,6842,ABELARDO DE LA ESPRIELLA,6842,0.2588235294117647,554,344,108,20245.0,21251.0,0.37877941781627106,3.774236256607308,47132.0
19,50,HUILA,NATAGA,2878,2823,1268,0,26,1,899,3,9,13,14,446,4,40,30,5,79,41,1268,899,369,ABELARDO DE LA ESPRIELLA,369,0.130712008501594,79,41,14,2530.0,2664.0,0.5646930694279103,4.454275969307166,5408.0
19,51,HUILA,OPORAPA,5505,5466,3870,2,15,2,808,4,2,9,9,462,2,73,114,7,96,30,3870,808,3062,ABELARDO DE LA ESPRIELLA,3062,0.5601902671057446,96,30,9,3633.0,3768.0,0.15094058589567055,1.24293006467972,9138.0
19,52,HUILA,PAICOL,3518,3489,2560,1,9,0,569,1,5,3,11,215,0,35,50,1,40,18,2560,569,1991,ABELARDO DE LA ESPRIELLA,1991,0.5706506162224133,40,18,11,1962.0,2031.0,0.14049166206467525,1.0700934929380455,5480.0
19,55,HUILA,PALERMO,13021,12869,7265,4,57,12,4008,6,20,22,24,806,9,167,264,11,218,128,7265,4008,3257,ABELARDO DE LA ESPRIELLA,3257,0.2530888180899837,218,128,24,9369.0,9739.0,0.35967527503786506,3.3032564299070235,22390.0
19,56,HUILA,PALESTINA,6010,5919,3491,11,28,2,1583,4,8,7,25,446,6,87,85,14,147,66,3491,1583,1908,ABELARDO DE LA ESPRIELLA,1908,0.3223517486061835,147,66,25,4362.0,4600.0,0.261352370321678,2.204253457484785,10372.0
19,58,HUILA,PITAL,6205,6153,3926,2,23,1,1380,2,10,14,13,326,6,252,122,6,83,39,3926,1380,2546,ABELARDO DE LA ESPRIELLA,2546,0.4137818950105639,83,39,13,4395.0,4530.0,0.20588084716701965,1.7332486648913177,10600.0
19,61,HUILA,PITALITO,65462,64710,34502,40,321,29,21913,34,94,102,124,3611,27,823,1865,85,1264,628,34502,21913,12589,ABELARDO DE LA ESPRIELLA,12589,0.1945448925977437,1264,628,124,48749.0,50765.0,0.5415772714148986,5.8679800513782805,114211.0
19,64,HUILA,RIVERA,12595,12402,6181,2,69,4,4708,2,16,15,20,726,23,116,298,14,228,173,6181,4708,1473,ABELARDO DE LA ESPRIELLA,1473,0.1187711659409772,228,173,20,7783.0,8204.0,0.7319723782058195,6.59690032918718,20378.0
19,67,HUILA,SALADOBLANCO,6342,6283,4668,5,19,3,1028,7,17,10,22,307,4,56,61,9,89,37,4668,1028,3640,ABELARDO DE LA ESPRIELLA,3640,0.5793410791023397,89,37,22,4518.0,4666.0,0.14839898845498262,1.2537149812917625,10860.0
19,70,HUILA,SAN AGUSTIN,15796,15610,8483,11,108,4,5217,6,20,38,51,996,15,144,241,31,296,135,8483,5217,3266,ABELARDO DE LA ESPRIELLA,3266,0.2092248558616271,296,135,51,11874.0,12356.0,0.44044873629892056,4.149898296094493,27670.0
19,74,HUILA,SANTA MARIA,5222,5171,3457,2,23,1,824,4,12,17,12,586,7,55,104,9,70,39,3457,824,2633,ABELARDO DE LA ESPRIELLA,2633,0.5091858441307291,70,39,12,3686.0,3807.0,0.16470046008686312,1.3579321358580803,8908.0
19,76,HUILA,SUAZA,9179,9072,6145,4,30,1,2001,3,14,18,22,395,9,163,142,7,140,85,6145,2001,4144,ABELARDO DE LA ESPRIELLA,4144,0.4567901234567901,140,85,22,7403.0,7650.0,0.19522817196052367,1.7458458179262408,16582.0
19,79,HUILA,TARQUI,7663,7588,5038,2,23,0,1693,3,15,9,18,457,8,62,131,4,143,57,5038,1693,3345,ABELARDO DE LA ESPRIELLA,3345,0.4408276225619399,143,57,18,5520.0,5738.0,0.1981789638050937,1.715246910043286,13183.0
19,82,HUILA,TELLO,5824,5744,3536,5,30,0,1432,3,15,16,14,440,4,70,71,10,112,66,3536,1432,2104,ABELARDO DE LA ESPRIELLA,2104,0.3662952646239554,112,66,14,5336.0,5528.0,0.23003439065153197,1.9823816871161235,11160.0
19,85,HUILA,TERUEL,3864,3830,2567,3,15,1,648,2,4,10,8,420,3,43,53,6,55,26,2567,648,1919,ABELARDO DE LA ESPRIELLA,1919,0.5010443864229766,55,26,8,2936.0,3025.0,0.1614513604669876,1.294032152731214,6800.0
19,88,HUILA,TIMANA,10041,9931,6361,6,63,2,1979,9,17,21,23,939,7,108,231,18,170,87,6361,1979,4382,ABELARDO DE LA ESPRIELLA,4382,0.4412445876548182,170,87,23,7246.0,7526.0,0.2039585049531571,1.8205849791090183,17287.0
19,91,HUILA,VILLAVIEJA,3993,3937,1951,3,21,0,1608,2,2,8,13,182,1,49,47,4,59,43,1951,1608,343,ABELARDO DE LA ESPRIELLA,343,0.0871221742443484,59,43,13,2837.0,2952.0,0.8523726248520221,6.810948990773954,6830.0
19,94,HUILA,YAGUARA,4830,4764,2862,3,20,2,1427,0,10,2,8,192,2,39,119,8,78,58,2862,1427,1435,ABELARDO DE LA ESPRIELLA,1435,0.301217464315701,78,58,8,2301.0,2445.0,0.27212652846169455,2.12318813556182,7131.0
21,1,MAGDALENA,SANTA MARTA,217221,215262,79356,933,654,43,112812,88,320,142,251,10064,73,1004,5749,126,3898,1708,79356,112812,-33456,IVAN CEPEDA,33456,0.1554199069041447,3898,1708,251,191642.0,197499.0,0.7423299919079006,9.051596200889831,408863.0
21,8,MAGDALENA,ALGARROBO,4953,4913,978,29,12,0,3585,3,9,1,16,169,3,26,33,2,63,24,978,3585,-2607,IVAN CEPEDA,2607,0.5306330144514553,63,24,16,6203.0,6306.0,0.15722020901193678,1.375584918967919,11156.0
21,10,MAGDALENA,ARACATACA,12494,12389,3955,78,29,2,7645,7,20,11,39,249,6,66,105,9,207,66,3955,7645,-3690,IVAN CEPEDA,3690,0.2978448623779159,207,66,39,18104.0,18416.0,0.30614917208049175,3.0067000290019137,30598.0
21,12,MAGDALENA,ARIGUANI (EL DIFICIL),11450,11296,5232,37,24,4,5064,4,19,16,33,577,8,66,91,11,143,121,5232,5064,168,ABELARDO DE LA ESPRIELLA,168,0.0148725212464589,143,121,33,13183.0,13480.0,3.7520492555838376,35.678373567620646,24633.0
21,13,MAGDALENA,CERRO DE SAN ANTONIO,3299,3270,1769,1,3,2,1312,0,8,4,12,114,2,12,23,0,20,17,1769,1312,457,ABELARDO DE LA ESPRIELLA,457,0.1397553516819571,20,17,12,5876.0,5925.0,0.5404047959985814,4.694553058425302,9175.0
21,15,MAGDALENA,CHIVOLO,6929,6882,3685,37,14,0,2873,3,20,5,13,92,2,38,37,2,74,34,3685,2873,812,ABELARDO DE LA ESPRIELLA,812,0.1179889566986341,74,34,13,8943.0,9064.0,0.690435339918094,6.2913684190075045,15872.0
21,16,MAGDALENA,CIENAGA,43832,43313,14136,226,75,13,25967,18,74,35,70,1104,19,243,583,31,789,449,14136,25967,-11831,IVAN CEPEDA,11831,0.2731512478932422,789,449,70,50573.0,51881.0,0.3770504727350707,4.093534118662163,94405.0
21,20,MAGDALENA,CONCORDIA,4418,4389,1702,19,16,0,2414,3,13,14,19,134,4,13,25,6,26,10,1702,2414,-712,IVAN CEPEDA,712,0.1622237411711096,26,10,19,8032.0,8087.0,0.48698770849115336,4.381982001783452,12450.0
21,25,MAGDALENA,EL BANCO,22571,22356,11876,97,55,1,9117,12,36,18,65,610,13,123,150,19,229,150,11876,9117,2759,ABELARDO DE LA ESPRIELLA,2759,0.1234120594023975,229,150,65,29396.0,29840.0,0.7506738742337625,7.734672280908901,51967.0
21,28,MAGDALENA,EL PIÑON,5849,5807,2480,13,10,2,2868,3,9,7,16,303,7,14,22,6,63,26,2480,2868,-388,IVAN CEPEDA,388,0.0668159118305493,63,26,16,8295.0,8400.0,1.1282807624055065,10.19526459547564,14144.0
21,30,MAGDALENA,EL RETEN,6939,6874,1257,84,13,6,5223,2,21,7,26,83,1,34,42,6,95,39,1257,5223,-3966,IVAN CEPEDA,3966,0.5769566482397439,95,39,26,9819.0,9979.0,0.15053321142255519,1.3861607465970933,16758.0
21,31,MAGDALENA,FUNDACION,24745,24474,11406,102,37,8,11518,6,39,16,52,577,4,163,221,21,356,219,11406,11518,-112,IVAN CEPEDA,112,0.0045762850371823,356,219,52,35084.0,35711.0,6.932772953891247,72.67793692380863,59829.0
21,40,MAGDALENA,GUAMAL,10388,10333,5965,63,24,4,3756,2,59,5,24,285,4,39,35,7,85,31,5965,3756,2209,ABELARDO DE LA ESPRIELLA,2209,0.2137810897125713,85,31,24,14279.0,14419.0,0.4130462820035091,3.9554846063317233,24667.0
21,42,MAGDALENA,NUEVA GRANADA,7678,7614,4128,43,9,1,3055,5,17,6,27,145,5,54,39,7,100,37,4128,3055,1073,ABELARDO DE LA ESPRIELLA,1073,0.1409246125558182,100,37,27,9593.0,9757.0,0.5922079317595508,5.439928930746427,17271.0
21,46,MAGDALENA,PEDRAZA,3846,3794,2096,14,20,1,1430,1,6,9,18,136,4,19,24,8,26,34,2096,1430,666,ABELARDO DE LA ESPRIELLA,666,0.1755403268318397,26,34,18,7208.0,7286.0,0.4441858991279656,3.9505215230876294,11054.0
21,48,MAGDALENA,PIJIÑO DEL CARMEN,4729,4690,2588,9,9,1,1834,1,3,6,18,118,6,30,23,7,55,21,2588,1834,754,ABELARDO DE LA ESPRIELLA,754,0.1607675906183369,55,21,18,5304.0,5398.0,0.49502373534224575,4.254218650754234,10033.0
21,49,MAGDALENA,PIVIJAY,13228,13080,4439,139,24,0,7442,4,37,19,55,667,10,40,87,10,162,93,4439,7442,-3003,IVAN CEPEDA,3003,0.2295871559633027,162,93,55,17881.0,18191.0,0.3956354019303147,3.8806836908771656,31109.0
21,52,MAGDALENA,PLATO,19713,19537,7773,134,41,4,10745,6,37,11,60,352,12,123,79,17,203,116,7773,10745,-2972,IVAN CEPEDA,2972,0.1521216153964273,203,116,60,24355.0,24734.0,0.6094262348702588,6.164940265998676,44068.0
21,55,MAGDALENA,PUEBLOVIEJO,8209,8104,2532,94,25,6,4940,6,25,15,36,234,8,56,39,11,113,69,2532,4940,-2408,IVAN CEPEDA,2408,0.297137216189536,113,69,36,14608.0,14826.0,0.29303633554507713,2.8143810747794227,22817.0
21,58,MAGDALENA,REMOLINO,3610,3590,1026,15,3,0,2364,1,7,0,2,51,1,15,69,5,33,18,1026,2364,-1338,IVAN CEPEDA,1338,0.3727019498607242,33,18,2,4161.0,4214.0,0.2139049983206321,1.7853377197939186,7771.0
21,60,MAGDALENA,SABANAS DE SAN ANGEL,5502,5459,2687,18,7,1,2162,7,12,3,18,425,1,40,32,11,53,25,2687,2162,525,ABELARDO DE LA ESPRIELLA,525,0.0961714599743542,53,25,18,7199.0,7295.0,0.8105006817102773,7.2094696453552505,12701.0
21,67,MAGDALENA,SALAMINA,3895,3877,1681,12,2,0,2013,0,3,0,10,66,0,19,29,2,50,8,1681,2013,-332,IVAN CEPEDA,332,0.0856332215630642,50,8,10,4585.0,4653.0,0.8640381136123925,7.2972186329374935,8480.0
21,70,MAGDALENA,SAN SEBASTIAN DE BUENAVISTA,8129,8089,4425,13,14,0,3223,2,7,4,19,253,4,34,36,2,72,21,4425,3223,1202,ABELARDO DE LA ESPRIELLA,1202,0.1485968599332426,72,21,19,10035.0,10147.0,0.5673746639019325,5.234049385502639,18164.0
21,73,MAGDALENA,SAN ZENON,4496,4476,1888,14,8,1,1870,2,3,2,7,591,5,30,21,4,37,13,1888,1870,18,ABELARDO DE LA ESPRIELLA,18,0.0040214477211796,37,13,7,5035.0,5092.0,5.995606605973012,51.176233609160064,9531.0
21,76,MAGDALENA,SANTA ANA,8699,8654,5794,23,11,0,2457,2,6,6,15,165,1,70,49,1,69,30,5794,2457,3337,ABELARDO DE LA ESPRIELLA,3337,0.3856020337416224,69,30,15,9199.0,9313.0,0.22916698334092667,2.094419834984589,17898.0
21,78,MAGDALENA,SANTA BARBARA DE PINTO,4053,4026,1484,20,5,0,2323,0,8,1,10,53,1,76,11,2,42,17,1484,2323,-839,IVAN CEPEDA,839,0.2083954297069051,42,17,10,5253.0,5322.0,0.38008015881977975,3.2610088326330304,9306.0
21,79,MAGDALENA,SITIONUEVO,7533,7452,2413,26,27,11,4427,9,31,21,49,202,15,48,75,61,86,32,2413,4427,-2014,IVAN CEPEDA,2014,0.2702630166398282,86,32,49,14399.0,14566.0,0.3181430080138011,3.049882392515671,21932.0
21,85,MAGDALENA,TENERIFE,5027,4977,1911,34,13,2,2740,4,6,6,22,130,5,24,32,6,64,28,1911,2740,-829,IVAN CEPEDA,829,0.166566204540888,64,28,22,7204.0,7318.0,0.4821298336826516,4.2901016608980695,12231.0
21,90,MAGDALENA,ZAPAYAN,3940,3904,2435,4,7,1,1200,4,4,6,16,158,2,21,22,8,32,20,2435,1200,1235,ABELARDO DE LA ESPRIELLA,1235,0.3163422131147541,32,20,16,5332.0,5400.0,0.25341536368651585,2.1779376448466,9272.0
21,95,MAGDALENA,ZONA BANANERA (SEVILLA),20618,20309,4436,179,38,7,14635,8,58,24,73,291,12,139,151,20,311,236,4436,14635,-10199,IVAN CEPEDA,10199,0.5021911467822148,311,236,73,30645.0,31265.0,0.1936556052733173,2.0043910015840622,51263.0
23,1,NARIÑO,PASTO,215942,213368,49473,61,1630,40,140876,77,360,174,287,9410,79,756,6816,108,3508,2287,49473,140876,-91403,IVAN CEPEDA,91403,0.4283819504330546,3508,2287,287,99495.0,105577.0,0.27991066530161224,3.2377841298643997,315437.0
23,4,NARIÑO,ALBAN (SAN JOSE),4515,4437,1787,1,14,1,1674,1,4,17,12,734,2,37,67,8,90,66,1787,1674,113,ABELARDO DE LA ESPRIELLA,113,0.0254676583276988,90,66,12,2977.0,3145.0,2.367779407904715,19.069827990180986,7492.0
23,7,NARIÑO,ALDANA,4206,4136,1135,1,25,1,2718,2,6,3,24,129,1,10,45,7,53,46,1135,2718,-1583,IVAN CEPEDA,1583,0.3827369439071567,53,46,24,2113.0,2236.0,0.2120433612283262,1.6354673242619437,6319.0
23,10,NARIÑO,ANCUYA,3881,3846,526,2,20,0,3033,2,3,7,16,152,1,24,24,4,48,19,526,3033,-2507,IVAN CEPEDA,2507,0.6518460738429537,48,19,16,3210.0,3293.0,0.1247276251836027,1.0102760415309167,7091.0
23,13,NARIÑO,ARBOLEDA (BERRUECOS),3363,3310,1167,2,13,2,1711,0,3,6,12,276,3,13,30,1,83,41,1167,1711,-544,IVAN CEPEDA,544,0.1643504531722054,83,41,12,2708.0,2844.0,0.4648686246626476,3.69724816126975,6071.0
23,16,NARIÑO,BARBACOAS,8127,7919,873,26,70,20,6204,17,29,31,44,309,17,65,60,26,172,164,873,6204,-5331,IVAN CEPEDA,5331,0.6731910594772067,172,164,44,16113.0,16493.0,0.13140023365759482,1.275995076192426,24240.0
23,17,NARIÑO,BELEN,3127,3085,786,1,26,1,1828,0,13,9,11,240,2,5,43,4,127,31,786,1828,-1042,IVAN CEPEDA,1042,0.3377633711507293,127,31,11,2216.0,2385.0,0.23103730005655768,1.7968633986892153,5343.0
23,19,NARIÑO,BUESACO,10801,10602,3965,2,47,3,5091,2,110,27,58,881,6,83,143,15,227,141,3965,5091,-1126,IVAN CEPEDA,1126,0.1062063761554423,227,141,58,8180.0,8606.0,0.7976233805387198,7.226731924490628,18981.0
23,22,NARIÑO,COLON (GENOVA),3754,3646,704,1,18,1,2515,3,5,5,28,189,2,21,37,2,143,80,704,2515,-1811,IVAN CEPEDA,1811,0.4967087218869994,143,80,28,3396.0,3647.0,0.16186143708490822,1.327576880960371,7150.0
23,25,NARIÑO,CONSACA,5629,5519,1500,0,36,1,3385,0,21,4,20,314,2,50,85,5,116,90,1500,3385,-1885,IVAN CEPEDA,1885,0.3415473817720602,116,90,20,3422.0,3648.0,0.24509166007266,2.0102928819481862,9051.0
23,28,NARIÑO,CONTADERO,3804,3770,1140,2,10,0,2331,1,2,0,7,153,2,26,58,1,44,27,1140,2331,-1191,IVAN CEPEDA,1191,0.3159151193633952,44,27,7,2647.0,2725.0,0.25267608061092217,1.998817031222522,6451.0
23,31,NARIÑO,CORDOBA,6586,6523,887,5,19,2,5158,2,10,9,23,207,3,43,48,7,123,40,887,5158,-4271,IVAN CEPEDA,4271,0.6547600797179212,123,40,23,4843.0,5029.0,0.13212651047680113,1.1261374056947733,11429.0
23,34,NARIÑO,CUASPUD (CARLOSAMA),4646,4548,951,0,16,4,3250,3,9,11,39,137,1,17,54,8,87,59,951,3250,-2299,IVAN CEPEDA,2299,0.5054969217238346,87,59,39,3554.0,3739.0,0.1633891950199122,1.3441769106407553,8200.0
23,37,NARIÑO,CUMBAL,16288,16111,2485,7,61,1,12532,10,24,20,78,494,10,49,147,16,255,99,2485,12532,-10047,IVAN CEPEDA,10047,0.6236111973186022,255,99,78,10301.0,10733.0,0.15289060003917856,1.41900388776448,26589.0
23,38,NARIÑO,CHACHAGUI,8027,7929,1807,2,35,2,5575,1,16,6,24,242,5,29,89,2,118,74,1807,5575,-3768,IVAN CEPEDA,3768,0.4752175558077942,118,74,24,3618.0,3834.0,0.18503881830247393,1.5269263977627834,11645.0
23,39,NARIÑO,CUMBITARA,5163,4986,378,3,24,0,4107,3,13,3,46,89,1,62,49,8,246,131,378,4107,-3729,IVAN CEPEDA,3729,0.7478941034897714,246,131,46,2575.0,2998.0,0.1123453760405333,0.8994409204049196,7738.0
23,40,NARIÑO,EL ROSARIO,4490,4383,475,1,14,11,3564,1,8,3,34,92,2,45,19,6,142,73,475,3564,-3089,IVAN CEPEDA,3089,0.704768423454255,142,73,34,2659.0,2908.0,0.1173207510777025,0.9356992360034369,7149.0
23,41,NARIÑO,EL CHARCO,7545,7383,621,7,36,8,6318,6,34,16,69,128,10,36,34,12,117,93,621,6318,-5697,IVAN CEPEDA,5697,0.7716375457131247,117,93,69,10304.0,10583.0,0.1139539780942374,1.0560227629172754,17849.0
23,43,NARIÑO,EL TABLON,6642,6579,2024,0,18,1,3836,1,17,14,22,390,0,37,82,1,158,41,2024,3836,-1812,IVAN CEPEDA,1812,0.275421796625627,158,41,22,5666.0,5887.0,0.3080279827350081,2.673889780340649,12308.0
23,44,NARIÑO,EL PEÑOL,4035,3946,1055,1,11,1,2600,0,2,1,9,91,1,35,51,2,95,80,1055,2600,-1545,IVAN CEPEDA,1545,0.3915357323872275,95,80,9,1976.0,2160.0,0.20622600699648838,1.5834705849183102,6011.0
23,46,NARIÑO,EL TAMBO,7791,7621,2594,5,48,13,4105,1,17,18,37,480,3,47,121,10,159,133,2594,4105,-1511,IVAN CEPEDA,1511,0.1982679438393911,159,133,37,4166.0,4495.0,0.4291968277329846,3.6099502219050685,11957.0
23,47,NARIÑO,FRANCISCO PIZARRO (SALAHONDA),3104,3066,154,2,10,1,2781,2,7,4,15,49,1,14,8,5,28,23,154,2781,-2627,IVAN CEPEDA,2627,0.8568166992824527,28,23,15,3947.0,4013.0,0.09261998725636199,0.7685183759480879,7051.0
23,49,NARIÑO,FUNES,3600,3567,624,0,1,0,2138,0,2,2,9,720,2,10,30,0,38,24,624,2138,-1514,IVAN CEPEDA,1514,0.4244463134286515,38,24,9,2387.0,2458.0,0.18828012209714035,1.4699989440231143,5987.0
23,52,NARIÑO,GUACHUCAL,9905,9787,1879,1,37,0,7263,1,11,3,35,293,5,18,116,4,156,83,1879,7263,-5384,IVAN CEPEDA,5384,0.5501175028098498,156,83,35,4989.0,5263.0,0.16405329914644784,1.4057147231160696,14894.0
23,55,NARIÑO,GUAITARILLA,6316,6238,906,2,22,1,4863,0,7,6,10,261,1,35,60,1,73,68,906,4863,-3957,IVAN CEPEDA,3957,0.6343379288233408,73,68,10,4796.0,4947.0,0.13562099639344152,1.1536923830976316,11112.0
23,58,NARIÑO,GUALMATAN,3547,3499,1014,0,11,0,2183,1,5,5,8,85,11,18,70,0,96,40,1014,2183,-1169,IVAN CEPEDA,1169,0.334095455844527,96,40,8,1908.0,2052.0,0.23715855902394362,1.8088219466130917,5455.0
23,61,NARIÑO,ILES,3994,3933,912,2,17,0,2732,3,5,3,22,120,1,21,53,4,60,39,912,2732,-1820,IVAN CEPEDA,1820,0.4627510806000509,60,39,22,3589.0,3710.0,0.17509028193955045,1.4390769480622403,7583.0
23,64,NARIÑO,IMUES,4045,4014,993,1,21,1,2642,0,7,7,8,191,3,23,59,2,64,23,993,2642,-1649,IVAN CEPEDA,1649,0.4108121574489287,64,23,8,2786.0,2881.0,0.19718519247837826,1.5708245236697915,6831.0
23,67,NARIÑO,IPIALES,57283,56243,14914,31,384,12,35198,30,139,53,206,2499,29,309,1572,58,1015,834,14914,35198,-20284,IVAN CEPEDA,20284,0.3606493252493644,1015,834,206,48671.0,50726.0,0.2950890208784877,3.1970574809126306,105954.0
23,73,NARIÑO,LA CRUZ,8673,8535,2226,2,52,0,5416,4,10,12,29,468,6,43,98,9,189,109,2226,5416,-3190,IVAN CEPEDA,3190,0.3737551259519625,189,109,29,5384.0,5711.0,0.23588083079090136,2.0404457306189925,14057.0
23,76,NARIÑO,LA FLORIDA,6027,5967,1386,0,23,0,4156,2,13,6,16,204,11,21,68,4,73,44,1386,4156,-2770,IVAN CEPEDA,2770,0.4642198759845818,73,44,16,3574.0,3707.0,0.18333620293397968,1.5067023696486155,9601.0
23,77,NARIÑO,LA LLANADA,2567,2504,984,0,10,0,1259,1,2,2,14,79,1,20,55,4,87,49,984,1259,-275,IVAN CEPEDA,275,0.1098242811501597,87,49,14,1537.0,1687.0,0.6531267234319256,4.853580407675308,4104.0
23,78,NARIÑO,LA TOLA,2451,2435,211,1,1,1,2132,0,4,3,4,43,0,15,6,0,18,12,211,2132,-1921,IVAN CEPEDA,1921,0.788911704312115,18,12,4,3439.0,3473.0,0.09760919243940955,0.7958137925357308,5890.0
23,79,NARIÑO,LA UNION,13900,13522,4651,3,78,2,6754,19,22,23,50,1229,6,96,221,16,402,328,4651,6754,-2103,IVAN CEPEDA,2103,0.1555243307203076,402,328,50,10238.0,11018.0,0.574667613944102,5.348647750219894,24138.0
23,80,NARIÑO,LEIVA,6135,5910,966,4,24,0,4283,4,72,7,41,124,5,112,72,5,232,184,966,4283,-3317,IVAN CEPEDA,3317,0.5612521150592217,232,184,41,2798.0,3255.0,0.15202692597337764,1.2296325026540635,8933.0
23,82,NARIÑO,LINARES,4910,4827,914,1,11,0,3594,9,3,3,28,131,1,12,55,0,93,55,914,3594,-2680,IVAN CEPEDA,2680,0.5552102755334576,93,55,28,3510.0,3686.0,0.15007136192298967,1.232471324408704,8420.0
23,85,NARIÑO,LOS ANDES (SOTOMAYOR),5521,5281,1072,2,38,2,3502,1,9,12,35,255,2,55,117,11,203,205,1072,3502,-2430,IVAN CEPEDA,2430,0.4601401249763302,203,205,35,2544.0,2987.0,0.1823298977786388,1.4590693980561706,8065.0
23,88,NARIÑO,MAGUI (PAYAN),3344,3321,92,4,8,0,3127,0,6,4,5,16,2,19,18,3,22,18,92,3127,-3035,IVAN CEPEDA,3035,0.9138813610358326,22,18,5,4100.0,4145.0,0.08776367434323376,0.73106256886241,7444.0
23,91,NARIÑO,MALLAMA (PIEDRANCHA),3541,3475,486,1,10,0,2775,0,11,1,20,50,1,28,29,2,81,46,486,2775,-2289,IVAN CEPEDA,2289,0.658705035971223,81,46,20,2989.0,3136.0,0.12193174939295905,0.9816752222462536,6530.0
23,94,NARIÑO,MOSQUERA,2995,2981,80,1,6,0,2831,0,2,1,2,28,1,11,8,1,11,12,80,2831,-2751,IVAN CEPEDA,2751,0.9228446829922844,11,12,2,4239.0,4264.0,0.08576293182764334,0.7168235189575964,7234.0
23,95,NARIÑO,OLAYA HERRERA,6881,6785,451,11,23,3,6006,8,18,12,19,91,6,41,33,7,75,77,451,6006,-5555,IVAN CEPEDA,5555,0.8187177597641857,75,77,19,9548.0,9719.0,0.10646105795843785,0.9775191420548528,16429.0
23,96,NARIÑO,NARIÑO,3442,3381,1034,0,21,1,2080,3,9,2,11,107,1,4,64,3,52,50,1034,2080,-1046,IVAN CEPEDA,1046,0.3093759242827565,52,50,11,1783.0,1896.0,0.2544406735638611,1.9205255751898016,5225.0
23,97,NARIÑO,OSPINA,3250,3206,945,0,11,0,1862,0,8,0,16,230,2,10,37,4,97,28,945,1862,-917,IVAN CEPEDA,917,0.2860262008733624,97,28,16,2793.0,2934.0,0.27271542775184143,2.1774861693975214,6043.0
23,98,NARIÑO,POLICARPA,8934,8527,929,6,46,9,6712,9,24,15,91,180,4,117,56,16,404,316,929,6712,-5783,IVAN CEPEDA,5783,0.6781986630702475,404,316,91,3880.0,4691.0,0.1315188568665054,1.1118096772598396,12814.0
23,100,NARIÑO,POTOSI,5225,5180,1630,4,23,1,3080,1,10,9,17,241,2,46,62,3,68,28,1630,3080,-1450,IVAN CEPEDA,1450,0.2799227799227799,68,28,17,4907.0,5020.0,0.2950010816360408,2.513817613866718,10132.0
23,101,NARIÑO,PROVIDENCIA,2997,2967,243,1,14,1,2578,0,3,2,9,57,0,9,21,2,36,21,243,2578,-2335,IVAN CEPEDA,2335,0.7869902258173239,36,21,9,2143.0,2209.0,0.10032298195486192,0.7725619820277498,5140.0
23,103,NARIÑO,PUERRES,4873,4824,1293,0,15,1,3227,0,1,0,8,157,0,9,62,2,57,41,1293,3227,-1934,IVAN CEPEDA,1934,0.4009121061359867,57,41,8,2902.0,3008.0,0.20640827775870416,1.6531988385913636,7775.0
23,106,NARIÑO,PUPIALES,9718,9493,3181,6,79,2,5072,1,12,9,27,690,4,50,191,16,180,198,3181,5072,-1891,IVAN CEPEDA,1891,0.1991994100916465,180,198,27,5921.0,6326.0,0.4377839925599755,3.831740060769579,15639.0
23,109,NARIÑO,RICAURTE,6949,6821,1241,4,21,9,5048,13,11,18,49,246,2,75,51,8,74,79,1241,5048,-3807,IVAN CEPEDA,3807,0.5581293065532913,74,79,49,11800.0,12002.0,0.1553855409525599,1.4595226963167116,18749.0
23,112,NARIÑO,ROBERTO PAYAN (SAN JOSE),4592,4562,113,4,9,0,4325,3,11,4,4,36,4,11,11,2,29,26,113,4325,-4212,IVAN CEPEDA,4212,0.9232792634809294,29,26,4,5547.0,5606.0,0.09028096852276814,0.7792846546248812,10139.0
23,115,NARIÑO,SAMANIEGO,13253,13058,1870,1,28,1,10468,3,13,13,40,249,1,56,129,6,220,155,1870,10468,-8598,IVAN CEPEDA,8598,0.658446929085618,220,155,40,9532.0,9947.0,0.14177988435348945,1.3051018138612307,22785.0
23,118,NARIÑO,SANDONA,10528,10364,2596,1,53,2,6899,5,22,11,31,325,2,56,202,11,179,133,2596,6899,-4303,IVAN CEPEDA,4303,0.4151871864145117,179,133,31,6843.0,7186.0,0.2174616338474472,1.9310656404975923,17371.0
23,120,NARIÑO,SAN BERNARDO,4209,4150,1578,0,13,0,2020,2,7,8,15,309,4,14,59,4,132,44,1578,2020,-442,IVAN CEPEDA,442,0.1065060240963855,132,44,15,2670.0,2861.0,0.7150792941969002,5.691513435878387,6879.0
23,121,NARIÑO,SAN LORENZO,8275,7999,2213,11,71,2,4428,4,15,26,55,798,10,82,98,13,228,221,2213,4428,-2215,IVAN CEPEDA,2215,0.2769096137017127,228,221,55,5282.0,5786.0,0.3132413969929069,2.713725902690453,13557.0
23,123,NARIÑO,SAN PEDRO DE CARTAGO,3222,3159,1382,0,14,0,1193,0,4,4,16,390,2,24,39,6,101,47,1382,1193,189,ABELARDO DE LA ESPRIELLA,189,0.0598290598290598,101,47,16,2715.0,2879.0,1.1540077048592075,9.192300964799163,5937.0
23,124,NARIÑO,SAN PABLO,7177,7037,955,3,20,1,5664,1,6,3,37,150,3,36,61,2,132,103,955,5664,-4709,IVAN CEPEDA,4709,0.6691772061958221,132,103,37,4722.0,4994.0,0.13043840748871152,1.1108386124918261,11899.0
23,125,NARIÑO,SANTA BARBARA (ISCUANDE),2983,2952,204,2,17,1,2558,4,8,13,3,68,4,25,6,3,39,28,204,2558,-2354,IVAN CEPEDA,2354,0.7974254742547425,39,28,3,5077.0,5147.0,0.09896364601475155,0.8457792989277808,8060.0
23,127,NARIÑO,SANTACRUZ (GUACHAVES),3959,3907,446,0,12,2,3204,1,4,3,30,79,5,23,48,5,75,22,446,3204,-2758,IVAN CEPEDA,2758,0.7059124648067571,75,22,30,4142.0,4269.0,0.11552782525437894,0.9657397333405465,8101.0
23,130,NARIÑO,SAPUYES,3608,3567,876,0,14,0,2382,0,1,4,12,199,0,12,34,2,43,29,876,2382,-1506,IVAN CEPEDA,1506,0.4222035323801514,43,29,12,2334.0,2418.0,0.18925714115879236,1.4745231124331317,5942.0
23,133,NARIÑO,TAMINANGO,8905,8814,1302,4,22,0,7045,0,9,3,26,179,4,38,48,3,157,65,1302,7045,-5743,IVAN CEPEDA,5743,0.6515770365327888,157,65,26,4975.0,5223.0,0.13731144814881652,1.1755258713380616,13880.0
23,136,NARIÑO,TANGUA,5933,5862,1371,2,45,1,4032,0,9,3,11,214,1,24,81,2,77,60,1371,4032,-2661,IVAN CEPEDA,2661,0.4539406345957011,77,60,11,4385.0,4533.0,0.1870156664445924,1.5745521898439145,10318.0
23,139,NARIÑO,TUMACO,55220,54250,7156,45,262,35,41334,47,122,125,214,3245,55,315,480,107,922,756,7156,41334,-34178,IVAN CEPEDA,34178,0.6300092165898618,922,756,214,88452.0,90344.0,0.17033155807502204,1.9437200010228888,143672.0
23,142,NARIÑO,TUQUERRES,20713,20286,3078,9,94,4,15394,9,22,28,82,930,15,51,276,14,362,345,3078,15394,-12316,IVAN CEPEDA,12316,0.6071182096026817,362,345,82,15420.0,16209.0,0.16071046699767053,1.5578282075107812,36133.0
23,145,NARIÑO,YACUANQUER,6022,5891,1236,1,36,0,4194,3,11,7,28,201,2,28,73,3,96,103,1236,4194,-2958,IVAN CEPEDA,2958,0.5021218808351723,96,103,28,3140.0,3367.0,0.16951727903960884,1.3768319482687337,9162.0
24,1,RISARALDA,PEREIRA,278066,273599,124834,108,2816,63,96694,210,656,368,620,23342,155,3181,15624,240,5308,3847,124834,96694,28140,ABELARDO DE LA ESPRIELLA,28140,0.1028512531113052,5308,3847,620,184996.0,194771.0,1.1093738101767132,13.51171253205886,463062.0
24,8,RISARALDA,APIA,5648,5513,2667,3,47,2,1292,6,14,28,29,974,5,165,184,11,115,106,2667,1292,1375,ABELARDO DE LA ESPRIELLA,1375,0.2494104843098131,115,106,29,5098.0,5348.0,0.33210090234035494,2.850974961748607,10746.0
24,13,RISARALDA,BALBOA,3040,2968,1410,5,23,1,978,2,7,8,15,312,2,51,92,9,68,57,1410,978,432,ABELARDO DE LA ESPRIELLA,432,0.1455525606469002,68,57,15,2850.0,2990.0,0.5140372129851597,4.114026441166521,5890.0
24,21,RISARALDA,BELEN DE UMBRIA,11471,11159,5737,15,98,4,2824,9,44,41,62,1534,14,247,289,24,279,250,5737,2824,2913,ABELARDO DE LA ESPRIELLA,2913,0.2610448964961018,279,250,62,11153.0,11744.0,0.34385783891966193,3.2223546991153,22624.0
24,25,RISARALDA,DOSQUEBRADAS,109892,107908,46881,48,1230,22,40698,74,294,154,219,8388,62,1493,6245,98,2221,1765,46881,40698,6183,ABELARDO DE LA ESPRIELLA,6183,0.0572988100974904,2221,1765,219,71513.0,75718.0,1.7220280033993138,19.34661334669033,181405.0
24,29,RISARALDA,GUATICA,5912,5760,2805,5,36,3,1532,3,24,16,39,908,8,85,190,9,136,113,2805,1532,1273,ABELARDO DE LA ESPRIELLA,1273,0.2210069444444444,136,113,39,4931.0,5219.0,0.3748314307414591,3.2086517598814184,10843.0
24,38,RISARALDA,LA CELIA,3567,3486,1806,1,16,2,896,3,15,13,24,521,8,68,73,9,55,57,1806,896,910,ABELARDO DE LA ESPRIELLA,910,0.2610441767068273,55,57,24,3187.0,3323.0,0.3009397636127185,2.4402977186526815,6754.0
24,46,RISARALDA,LA VIRGINIA,17328,16860,6093,23,113,1,7601,18,43,27,64,1457,13,397,552,21,501,404,6093,7601,-1508,IVAN CEPEDA,1508,0.0894424673784104,501,404,64,16737.0,17706.0,0.9787326077441061,9.573683743947397,34065.0
24,54,RISARALDA,MARSELLA,8213,8004,3818,4,51,0,2757,18,25,21,44,803,11,126,190,9,171,165,3818,2757,1061,ABELARDO DE LA ESPRIELLA,1061,0.1325587206396801,171,165,44,7459.0,7839.0,0.6304645261335998,5.65337169451249,15672.0
24,62,RISARALDA,MISTRATO,6337,6159,1887,3,55,1,3196,9,15,19,42,573,7,142,125,13,114,136,1887,3196,-1309,IVAN CEPEDA,1309,0.2125345023542783,114,136,42,6417.0,6709.0,0.39211142381130226,3.4550326528176023,12754.0
24,70,RISARALDA,PUEBLO RICO,5599,5504,1410,1,20,2,3513,3,13,11,46,349,10,54,48,5,65,49,1410,3513,-2103,IVAN CEPEDA,2103,0.3820857558139535,65,49,46,6609.0,6769.0,0.21968184055234802,1.937650152605865,12208.0
24,78,RISARALDA,QUINCHIA,11817,11360,3278,14,102,11,5952,10,107,23,134,1011,11,177,305,24,335,323,3278,5952,-2674,IVAN CEPEDA,2674,0.2353873239436619,335,323,134,9779.0,10571.0,0.38053887896482325,3.52605965801218,21596.0
24,86,RISARALDA,SANTA ROSA DE CABAL,43151,42184,20631,33,387,18,13099,27,113,73,141,3702,37,657,2388,53,966,826,20631,13099,7532,ABELARDO DE LA ESPRIELLA,7532,0.1785511094253745,966,826,141,26250.0,28183.0,0.5648240426193172,5.7874750428004305,69401.0
24,94,RISARALDA,SANTUARIO,5638,5477,3020,5,47,0,1236,13,19,30,43,687,12,101,169,15,123,118,3020,1236,1784,ABELARDO DE LA ESPRIELLA,1784,0.3257257622786196,123,118,43,6171.0,6455.0,0.25641450007875216,2.2494642056175436,11809.0
25,1,NORTE DE SAN,CUCUTA,373636,370744,267412,158,1234,67,56294,127,433,352,369,17339,171,5887,17133,222,3915,2523,267412,56294,211118,ABELARDO DE LA ESPRIELLA,211118,0.5694441447467794,3915,2523,369,277150.0,283957.0,0.2213029485238205,2.778808535638813,650786.0
25,4,NORTE DE SAN,ABREGO,13529,13414,10215,9,20,4,1963,3,16,22,30,510,10,178,302,11,151,85,10215,1963,8252,ABELARDO DE LA ESPRIELLA,8252,0.6151781720590428,151,85,30,11979.0,12245.0,0.15202272228343477,1.4309829878928686,25508.0
25,7,NORTE DE SAN,ARBOLEDAS,4880,4841,3650,0,9,0,377,0,7,7,12,603,5,73,63,7,40,27,3650,377,3273,ABELARDO DE LA ESPRIELLA,3273,0.676099979343111,40,27,12,2936.0,3015.0,0.12367123441137298,0.9908151875084561,7816.0
25,10,NORTE DE SAN,BOCHALEMA,5096,5067,3973,1,12,1,569,2,6,10,9,235,2,77,127,3,49,20,3973,569,3404,ABELARDO DE LA ESPRIELLA,3404,0.6717979080323663,49,20,9,3561.0,3639.0,0.12512067639016664,1.0259568849769258,8657.0
25,13,NORTE DE SAN,BUCARASICA,2740,2713,2346,1,11,0,124,3,2,7,12,118,3,33,32,6,27,15,2346,124,2222,ABELARDO DE LA ESPRIELLA,2222,0.8190195355694803,27,15,12,1813.0,1867.0,0.09536782308710982,0.7183699166584342,4553.0
25,16,NORTE DE SAN,CACOTA,1594,1577,1226,0,2,0,178,0,11,1,4,84,0,10,42,2,21,13,1226,178,1048,ABELARDO DE LA ESPRIELLA,1048,0.6645529486366518,21,13,4,1093.0,1131.0,0.10916731616530807,0.7676363211880358,2687.0
25,19,NORTE DE SAN,CACHIRA,4677,4653,3885,2,8,1,342,1,3,3,2,295,2,54,31,4,22,22,3885,342,3543,ABELARDO DE LA ESPRIELLA,3543,0.7614442295293359,22,22,2,2890.0,2936.0,0.10947625272944088,0.8741836350928612,7567.0
25,22,NORTE DE SAN,CONVENCION,6391,6290,3082,5,14,0,2594,3,13,11,19,197,5,87,132,2,145,82,3082,2594,488,ABELARDO DE LA ESPRIELLA,488,0.0775834658187599,145,82,19,10250.0,10496.0,0.9986902479596208,9.246717990192282,16641.0
25,25,NORTE DE SAN,CUCUTILLA,4376,4329,3403,0,23,0,340,4,8,10,19,379,8,38,63,10,43,28,3403,340,3063,ABELARDO DE LA ESPRIELLA,3063,0.7075537075537075,43,28,19,2737.0,2827.0,0.11669262847993588,0.9273942467869285,7113.0
25,28,NORTE DE SAN,CHINACOTA,10058,9971,7401,4,33,0,1455,4,14,8,13,471,5,134,314,4,124,74,7401,1455,5946,ABELARDO DE LA ESPRIELLA,5946,0.5963293551298766,124,74,13,5981.0,6192.0,0.1518570124758545,1.325890135860619,16039.0
25,31,NORTE DE SAN,CHITAGA,5478,5414,4114,2,11,3,480,7,14,8,19,457,11,70,168,8,61,45,4114,480,3634,ABELARDO DE LA ESPRIELLA,3634,0.671222755818249,61,45,19,3773.0,3898.0,0.1261984877341467,1.0434690899566144,9251.0
25,34,NORTE DE SAN,DURANIA,3050,3030,2251,0,10,0,311,1,4,0,3,297,2,39,78,6,31,17,2251,311,1940,ABELARDO DE LA ESPRIELLA,1940,0.6402640264026402,31,17,3,3941.0,3992.0,0.12328296740336571,1.0222991172320663,6991.0
25,36,NORTE DE SAN,EL TARRA,6512,6398,1275,7,20,1,4640,1,23,7,28,71,0,100,89,7,157,86,1275,4640,-3365,IVAN CEPEDA,3365,0.5259456080025008,157,86,28,9821.0,10092.0,0.16352213501297255,1.5076082497024546,16333.0
25,37,NORTE DE SAN,EL CARMEN,5230,5179,3372,3,11,1,1468,1,5,3,18,104,0,62,106,1,42,33,3372,1468,1904,ABELARDO DE LA ESPRIELLA,1904,0.3676385402587372,42,33,18,6179.0,6272.0,0.22647477477785463,1.9802976927095215,11409.0
25,38,NORTE DE SAN,EL ZULIA,14983,14826,11657,5,38,3,1716,4,19,18,29,530,12,348,311,9,156,128,11657,1716,9941,ABELARDO DE LA ESPRIELLA,9941,0.6705112639956833,156,128,29,10550.0,10863.0,0.14113219912960837,1.3115711430749966,25533.0
25,40,NORTE DE SAN,GRAMALOTE,3685,3666,2923,0,12,0,277,1,6,3,9,294,0,39,89,2,20,10,2923,277,2646,ABELARDO DE LA ESPRIELLA,2646,0.7217675941080196,20,10,9,2087.0,2126.0,0.11215485946839883,0.8593830009949116,5772.0
25,43,NORTE DE SAN,HACARI,3259,3212,955,0,7,1,2076,1,3,4,10,37,0,46,30,5,47,37,955,2076,-1121,IVAN CEPEDA,1121,0.3490037359900373,47,37,10,5029.0,5123.0,0.22492691717670443,1.9212561483093702,8288.0
25,46,NORTE DE SAN,HERRAN,1825,1815,1540,0,4,0,76,0,2,0,6,120,3,17,39,0,14,4,1540,76,1464,ABELARDO DE LA ESPRIELLA,1464,0.8066115702479338,14,4,6,3284.0,3308.0,0.09189670869937354,0.7447678061768944,5109.0
25,49,NORTE DE SAN,LABATECA,3169,3156,2640,3,7,0,290,0,3,0,3,129,0,17,40,3,24,10,2640,290,2350,ABELARDO DE LA ESPRIELLA,2350,0.7446134347275032,24,10,3,2423.0,2460.0,0.10677490113156511,0.8337329217088258,5592.0
25,51,NORTE DE SAN,LA ESPERANZA,5690,5625,3797,2,10,0,1232,0,11,3,10,193,2,219,76,3,77,55,3797,1232,2565,ABELARDO DE LA ESPRIELLA,2565,0.456,77,55,10,4810.0,4952.0,0.18530373367059663,1.576517605279887,10500.0
25,52,NORTE DE SAN,LA PLAYA,3010,2980,2204,3,9,1,536,0,9,5,12,90,3,37,47,2,34,18,2204,536,1668,ABELARDO DE LA ESPRIELLA,1668,0.5597315436241611,34,18,12,4115.0,4179.0,0.14041725762257423,1.170808435387936,7125.0
25,54,NORTE DE SAN,LOS PATIOS,46460,46168,33470,14,182,9,6987,7,51,30,26,2122,11,663,2123,21,478,266,33470,6987,26483,ABELARDO DE LA ESPRIELLA,26483,0.5736224224571131,478,266,26,37397.0,38167.0,0.18402418143846602,1.9414096136809413,83857.0
25,55,NORTE DE SAN,LOURDES,2393,2379,1973,0,7,0,120,2,3,2,9,168,3,22,55,4,20,5,1973,120,1853,ABELARDO DE LA ESPRIELLA,1853,0.7788986969314838,20,5,9,1420.0,1454.0,0.09855328443191444,0.7177400339833747,3813.0
25,58,NORTE DE SAN,MUTISCUA,2114,2105,1765,0,0,0,120,0,3,5,3,141,3,24,23,0,21,6,1765,120,1645,ABELARDO DE LA ESPRIELLA,1645,0.7814726840855107,21,6,3,1239.0,1269.0,0.09668742644650943,0.6910030094307867,3353.0
25,61,NORTE DE SAN,OCAÑA,56251,55721,37018,12,126,7,13256,12,65,52,70,1630,35,483,2219,30,776,460,37018,13256,23762,ABELARDO DE LA ESPRIELLA,23762,0.4264460436819152,776,460,70,34144.0,35450.0,0.2503890338611606,2.6230521675251217,90395.0
25,64,NORTE DE SAN,PAMPLONA,29627,29249,16850,14,197,4,7507,14,34,40,43,1717,13,273,1975,17,594,335,16850,7507,9343,ABELARDO DE LA ESPRIELLA,9343,0.3194297240931313,594,335,43,19498.0,20470.0,0.3121647532252667,3.0987859996581624,49125.0
25,67,NORTE DE SAN,PAMPLONITA,3292,3257,2471,4,11,1,294,2,7,8,8,263,3,44,104,4,41,27,2471,294,2177,ABELARDO DE LA ESPRIELLA,2177,0.6684065090574148,41,27,8,1245.0,1321.0,0.11923336054662491,0.8569183605796465,4537.0
25,69,NORTE DE SAN,PUERTO SANTANDER,3687,3646,2829,6,16,1,473,3,6,6,10,102,1,90,77,7,29,31,2829,473,2356,ABELARDO DE LA ESPRIELLA,2356,0.646187602852441,29,31,10,17619.0,17689.0,0.1249895632766627,1.2224922693624856,21306.0
25,70,NORTE DE SAN,RAGONVALIA,2934,2905,2417,3,4,0,185,1,6,3,10,180,1,25,55,4,21,19,2417,185,2232,ABELARDO DE LA ESPRIELLA,2232,0.7683304647160069,21,19,10,7108.0,7158.0,0.10245690237809121,0.9094203325986147,10042.0
25,73,NORTE DE SAN,SALAZAR,5639,5598,4599,2,10,4,464,1,8,5,15,253,5,98,109,3,37,26,4599,464,4135,ABELARDO DE LA ESPRIELLA,4135,0.7386566630939622,37,26,15,4475.0,4553.0,0.11527771961158273,0.9710719870632019,10114.0
25,76,NORTE DE SAN,SAN CALIXTO,3635,3588,441,1,4,0,2998,1,3,2,9,36,0,18,28,1,55,38,441,2998,-2557,IVAN CEPEDA,2557,0.7126532887402452,55,38,9,4985.0,5087.0,0.11327186935545655,0.9667346389716607,8620.0
25,79,NORTE DE SAN,SAN CAYETANO,4915,4880,3824,2,7,0,623,1,2,0,10,140,5,104,134,4,34,25,3824,623,3201,ABELARDO DE LA ESPRIELLA,3201,0.6559426229508196,34,25,10,5278.0,5347.0,0.1275350924116231,1.0948221871566615,10193.0
25,82,NORTE DE SAN,SANTIAGO,2150,2142,1629,2,7,0,255,0,1,5,3,130,2,52,42,1,16,5,1629,255,1374,ABELARDO DE LA ESPRIELLA,1374,0.6414565826330533,16,5,3,3099.0,3123.0,0.11773558207782892,0.9474028657771602,5249.0
25,85,NORTE DE SAN,SARDINATA,10734,10643,8716,8,21,7,947,3,14,15,30,417,8,211,165,11,100,61,8716,947,7769,ABELARDO DE LA ESPRIELLA,7769,0.7299633561965612,100,61,30,9761.0,9952.0,0.12531365985148052,1.1535910978473487,20495.0
25,88,NORTE DE SAN,SILOS,3032,3022,2628,0,3,2,120,0,2,4,6,166,2,19,46,3,27,4,2628,120,2508,ABELARDO DE LA ESPRIELLA,2508,0.8299139642620781,27,4,6,1741.0,1778.0,0.09541459406286107,0.7140643771485605,4773.0
25,91,NORTE DE SAN,TEORAMA,5433,5355,905,3,8,0,4117,1,5,0,17,81,0,52,53,1,129,61,905,4117,-3212,IVAN CEPEDA,3212,0.599813258636788,129,61,17,6810.0,7017.0,0.14079675351770218,1.2469289330994915,12243.0
25,93,NORTE DE SAN,TIBU,19240,18766,9958,29,107,22,6001,22,63,41,107,676,36,915,290,53,553,367,9958,6001,3957,ABELARDO DE LA ESPRIELLA,3957,0.2108600660769476,553,367,107,26437.0,27464.0,0.4455244201485963,4.553557070968634,45677.0
25,94,NORTE DE SAN,TOLEDO,7846,7751,6179,3,25,2,771,1,12,8,31,359,5,84,193,5,104,64,6179,771,5408,ABELARDO DE LA ESPRIELLA,5408,0.6977164236872662,104,64,31,5346.0,5545.0,0.12654370951165114,1.0909120889778616,13192.0
25,97,NORTE DE SAN,VILLA CARO,2363,2349,2030,1,3,0,162,0,3,1,5,74,2,14,43,0,16,9,2030,162,1868,ABELARDO DE LA ESPRIELLA,1868,0.7952320136228183,16,9,5,1758.0,1788.0,0.0963966965522823,0.7219545839689863,4121.0
25,100,NORTE DE SAN,VILLA DEL ROSARIO,47103,46776,36138,26,155,4,5353,13,53,49,42,2111,22,661,1711,34,446,285,36138,5353,30785,ABELARDO DE LA ESPRIELLA,30785,0.6581366512741577,446,285,42,61572.0,62345.0,0.16094232950108475,1.7768765134717095,108675.0
26,1,QUINDIO,ARMENIA,171970,169637,84364,57,1382,27,53484,96,261,173,244,14209,87,1678,10696,115,3008,2089,84364,53484,30880,ABELARDO DE LA ESPRIELLA,30880,0.1820357587083006,3008,2089,244,109288.0,114629.0,0.6270406155000287,7.304687596690478,281258.0
26,5,QUINDIO,BUENAVISTA,1550,1528,815,0,7,1,472,0,1,2,3,148,1,16,50,1,14,19,815,472,343,ABELARDO DE LA ESPRIELLA,343,0.2244764397905759,14,19,3,1128.0,1164.0,0.3127124078000337,2.2078985646270293,2678.0
26,10,QUINDIO,CALARCA,37418,36603,17276,13,332,14,11800,22,78,67,69,3976,28,526,1659,39,773,746,17276,11800,5476,ABELARDO DE LA ESPRIELLA,5476,0.1496052236155506,773,746,69,25815.0,27403.0,0.6583689784706687,6.7275067137050915,63233.0
26,20,QUINDIO,CIRCASIA,15389,15121,7608,4,117,3,4582,10,32,33,49,1591,19,184,634,20,284,219,7608,4582,3026,ABELARDO DE LA ESPRIELLA,3026,0.2001190397460485,284,219,49,9390.0,9942.0,0.4580216018381648,4.215916658560293,24779.0
26,25,QUINDIO,CORDOBA,2990,2936,1305,0,24,0,1134,2,6,3,9,303,3,38,63,3,52,45,1305,1134,171,ABELARDO DE LA ESPRIELLA,171,0.0582425068119891,52,45,9,2606.0,2712.0,1.1701129258334573,9.250690836029662,5596.0
26,30,QUINDIO,FILANDIA,6292,6157,3340,6,51,4,1496,6,15,11,25,747,7,92,246,9,127,110,3340,1496,1844,ABELARDO DE LA ESPRIELLA,1844,0.2994965080396297,127,110,25,4709.0,4971.0,0.28192587321105356,2.3996339057363976,11001.0
26,40,QUINDIO,GENOVA,3822,3719,1856,2,24,1,1028,4,23,10,15,532,6,47,101,5,80,88,1856,1028,828,ABELARDO DE LA ESPRIELLA,828,0.222640494756655,80,88,15,3491.0,3674.0,0.3533984466404684,2.901156840668558,7313.0
26,50,QUINDIO,LA TEBAIDA,17471,16975,6653,4,146,7,7199,7,28,28,63,1476,12,292,738,20,365,433,6653,7199,-546,IVAN CEPEDA,546,0.0321649484536082,365,433,63,13459.0,14320.0,2.3098702163883034,22.104262082834676,30930.0
26,60,QUINDIO,MONTENEGRO,18678,18060,8369,9,142,4,5814,29,41,54,81,2121,23,318,655,31,450,537,8369,5814,2555,ABELARDO DE LA ESPRIELLA,2555,0.1414728682170542,450,537,81,16545.0,17613.0,0.6470802534998223,6.326147303903132,35223.0
26,70,QUINDIO,PIJAO,3075,2987,1578,2,16,1,859,2,5,6,23,346,0,53,70,0,49,65,1578,859,719,ABELARDO DE LA ESPRIELLA,719,0.2407097422162705,49,65,23,2693.0,2830.0,0.3191882164415297,2.5370309227449668,5768.0
26,80,QUINDIO,QUIMBAYA,16466,16057,7320,7,104,3,5521,8,42,49,80,1684,28,335,606,17,333,329,7320,5521,1799,ABELARDO DE LA ESPRIELLA,1799,0.1120383633306346,333,329,80,14578.0,15320.0,0.7935178891663912,7.647115801636686,31044.0
26,90,QUINDIO,SALENTO,3827,3774,2102,3,24,2,948,2,3,4,5,406,5,63,145,1,66,48,2102,948,1154,ABELARDO DE LA ESPRIELLA,1154,0.305776364599894,66,48,5,2284.0,2403.0,0.2608224232399023,2.030473690747139,6111.0
27,1,SANTANDER,BUCARAMANGA,343539,341323,198332,117,2045,68,91324,112,428,259,192,19709,87,4575,19051,191,5025,2024,198332,91324,107008,ABELARDO DE LA ESPRIELLA,107008,0.3135094910099817,5025,2024,192,180663.0,187904.0,0.39382422481683943,4.78248000755938,524202.0
27,4,SANTANDER,AGUADA,882,876,563,0,1,0,110,1,0,7,1,175,0,4,4,1,10,5,563,110,453,ABELARDO DE LA ESPRIELLA,453,0.5171232876712328,10,5,1,641.0,657.0,0.1285563956453143,0.8342287965749821,1523.0
27,7,SANTANDER,ALBANIA,2025,2007,1217,0,6,0,396,1,3,7,7,323,1,11,23,2,17,11,1217,396,821,ABELARDO DE LA ESPRIELLA,821,0.4090682610861983,17,11,7,1592.0,1627.0,0.18147149729498044,1.3420012391321035,3617.0
27,10,SANTANDER,ARATOCA,4656,4613,3154,1,15,1,867,6,4,7,13,372,1,63,65,7,50,30,3154,867,2287,ABELARDO DE LA ESPRIELLA,2287,0.49577281595491,50,30,13,2525.0,2618.0,0.16681106956697037,1.3128945040203446,7181.0
27,13,SANTANDER,BARBOSA,17154,16943,9002,4,96,4,5605,7,15,17,22,1278,4,197,457,12,245,189,9002,5605,3397,ABELARDO DE LA ESPRIELLA,3397,0.2004957799681284,245,189,22,10085.0,10541.0,0.46260637953481004,4.285179589473054,27239.0
27,16,SANTANDER,BARICHARA,5594,5539,3554,2,38,1,1157,1,10,8,13,412,2,40,238,5,71,42,3554,1157,2397,ABELARDO DE LA ESPRIELLA,2397,0.4327495937894927,71,42,13,2345.0,2471.0,0.19468679137489234,1.5210456186577568,7939.0
27,19,SANTANDER,BARRANCABERMEJA,121378,119407,38355,70,587,29,69511,71,183,107,183,3546,64,1682,2927,70,2205,1788,38355,69511,-31156,IVAN CEPEDA,31156,0.2609227264733223,2205,1788,183,67296.0,71472.0,0.43149947704820213,4.822902032525489,188674.0
27,22,SANTANDER,BETULIA,2746,2703,1695,0,13,1,518,2,2,6,3,264,0,87,56,7,52,40,1695,518,1177,ABELARDO DE LA ESPRIELLA,1177,0.4354421013688494,52,40,3,1732.0,1827.0,0.17740773521134187,1.3325055522075964,4478.0
27,25,SANTANDER,BOLIVAR,4421,4365,2487,2,20,1,1140,2,4,9,15,552,2,50,48,6,42,41,2487,1140,1347,ABELARDO DE LA ESPRIELLA,1347,0.3085910652920962,42,41,15,3626.0,3724.0,0.26308341476636593,2.1632881251909026,8047.0
27,28,SANTANDER,CABRERA,1182,1176,853,0,1,1,103,1,1,1,2,187,1,5,16,0,6,4,853,103,750,ABELARDO DE LA ESPRIELLA,750,0.6377551020408163,6,4,2,653.0,665.0,0.10915736649519646,0.7096636592586123,1835.0
27,31,SANTANDER,CALIFORNIA,1277,1266,908,1,7,0,191,0,2,1,1,87,0,15,37,0,17,10,908,191,717,ABELARDO DE LA ESPRIELLA,717,0.566350710900474,17,10,1,544.0,572.0,0.12395937135496754,0.7872518009912016,1821.0
27,34,SANTANDER,CAPITANEJO,2957,2932,2146,0,8,0,402,0,2,3,6,261,3,24,55,1,27,19,2146,402,1744,ABELARDO DE LA ESPRIELLA,1744,0.5948158253751705,27,19,6,2032.0,2084.0,0.1320035080766127,1.0088399962789205,4989.0
27,37,SANTANDER,CARCASI,2057,2044,1610,2,3,0,163,0,2,5,6,166,0,22,36,1,34,7,1610,163,1447,ABELARDO DE LA ESPRIELLA,1447,0.7079256360078278,34,7,6,1619.0,1666.0,0.10618304579380956,0.7877487502073666,3676.0
27,40,SANTANDER,CEPITA,1358,1356,989,0,4,0,195,0,0,0,1,123,4,10,19,1,11,1,989,195,794,ABELARDO DE LA ESPRIELLA,794,0.5855457227138643,11,1,1,805.0,818.0,0.12111633724721486,0.8124585741826228,2163.0
27,43,SANTANDER,CERRITO,3348,3313,2366,5,13,1,475,1,5,8,16,285,5,25,81,3,40,19,2366,475,1891,ABELARDO DE LA ESPRIELLA,1891,0.5707817687896166,40,19,16,2257.0,2332.0,0.13956896778767183,1.0823448219520444,5605.0
27,45,SANTANDER,CIMITARRA,15492,15118,8256,11,49,2,4749,8,21,23,59,1131,13,364,209,25,257,315,8256,4749,3507,ABELARDO DE LA ESPRIELLA,3507,0.2319751289853155,257,315,59,14296.0,14927.0,0.3977147383012337,3.822433932935344,29788.0
27,46,SANTANDER,CONCEPCION,3099,3074,2063,0,11,0,497,3,8,5,7,362,2,17,60,2,44,18,2063,497,1566,ABELARDO DE LA ESPRIELLA,1566,0.5094339622641509,44,18,7,2160.0,2229.0,0.15461176518443617,1.1920191179560822,5259.0
27,49,SANTANDER,CONFINES,1906,1899,1450,0,4,1,164,1,0,1,1,217,4,15,27,1,14,6,1450,164,1286,ABELARDO DE LA ESPRIELLA,1286,0.6771985255397578,14,6,1,961.0,982.0,0.10986067176475264,0.7570069468076989,2867.0
27,52,SANTANDER,CONTRATACION,1854,1832,1199,0,2,0,400,1,2,6,8,161,2,10,25,1,23,14,1199,400,799,ABELARDO DE LA ESPRIELLA,799,0.4361353711790393,23,14,8,1169.0,1214.0,0.16841769860082145,1.1961865958133833,3023.0
27,55,SANTANDER,COROMORO,2852,2834,2162,2,13,0,297,1,4,2,7,258,2,36,29,3,25,11,2162,297,1865,ABELARDO DE LA ESPRIELLA,1865,0.6580804516584333,25,11,7,1475.0,1518.0,0.11899460905385555,0.8717315997751859,4327.0
27,58,SANTANDER,CURITI,7674,7604,4951,4,29,4,1629,1,5,7,7,617,12,94,151,8,92,63,4951,1629,3322,ABELARDO DE LA ESPRIELLA,3322,0.4368753287743293,92,63,7,3110.0,3272.0,0.19997884486494735,1.6185212366127755,10784.0
27,61,SANTANDER,CHARALA,6792,6729,4201,2,79,0,1387,2,9,10,11,713,4,71,156,5,90,52,4201,1387,2814,ABELARDO DE LA ESPRIELLA,2814,0.4181899242086491,90,52,11,3562.0,3715.0,0.2058509536143058,1.6921778172153539,10354.0
27,64,SANTANDER,CHARTA,2382,2377,1587,0,5,0,264,1,3,3,2,411,4,26,53,1,19,3,1587,264,1323,ABELARDO DE LA ESPRIELLA,1323,0.5565839293226756,19,3,2,1087.0,1111.0,0.13720853478043746,0.9623690653725888,3469.0
27,67,SANTANDER,CHIMA,1639,1620,1052,0,8,1,207,0,1,2,10,284,1,25,20,4,15,9,1052,207,845,ABELARDO DE LA ESPRIELLA,845,0.5216049382716049,15,9,10,955.0,989.0,0.1390280260707361,0.9589743026615333,2594.0
27,70,SANTANDER,CHIPATA,2201,2169,1288,1,18,0,558,1,5,3,7,205,3,24,29,3,31,25,1288,558,730,ABELARDO DE LA ESPRIELLA,730,0.3365606270170586,31,25,7,2141.0,2204.0,0.2216778782015637,1.706583329788707,4342.0
27,71,SANTANDER,EL CARMEN,7952,7881,6433,1,11,0,662,2,6,7,19,455,0,129,93,4,78,52,6433,662,5771,ABELARDO DE LA ESPRIELLA,5771,0.732267478746352,78,52,19,4608.0,4757.0,0.12087740894843894,1.0235394557281583,12560.0
27,73,SANTANDER,EL GUACAMAYO,982,976,504,0,1,0,76,0,2,0,1,369,0,5,9,1,9,5,504,76,428,ABELARDO DE LA ESPRIELLA,428,0.4385245901639344,9,5,1,653.0,668.0,0.15349184421586615,0.9985847934592672,1635.0
27,74,SANTANDER,EL PLAYON,7564,7470,5301,2,18,2,1308,1,10,9,25,452,4,165,111,6,81,69,5301,1308,3993,ABELARDO DE LA ESPRIELLA,3993,0.5345381526104418,81,69,25,5734.0,5909.0,0.16378621213629138,1.4223851625446424,13298.0
27,75,SANTANDER,EL PEÑON,1945,1927,1319,0,6,1,327,0,2,0,11,197,3,28,14,2,28,7,1319,327,992,ABELARDO DE LA ESPRIELLA,992,0.5147898287493513,28,7,11,2026.0,2072.0,0.14413843525125375,1.1007494998882,3971.0
27,76,SANTANDER,ENCINO,1346,1340,1087,0,4,1,87,1,2,2,2,119,1,10,15,1,10,4,1087,87,1000,ABELARDO DE LA ESPRIELLA,1000,0.746268656716418,10,4,2,840.0,856.0,0.09521974524962945,0.6430606381680684,2186.0
27,79,SANTANDER,ENCISO,2219,2203,1566,0,11,0,303,1,2,2,5,246,0,11,37,2,22,11,1566,303,1263,ABELARDO DE LA ESPRIELLA,1263,0.5733091239219247,22,11,5,1284.0,1322.0,0.13197169141662832,0.9485672732710968,3503.0
27,80,SANTANDER,FLORIAN,3150,3129,1684,1,13,1,888,2,5,9,8,441,4,30,25,4,22,13,1684,888,796,ABELARDO DE LA ESPRIELLA,796,0.2543943751997443,22,13,8,2965.0,3008.0,0.3044235822889012,2.4382389996401734,6115.0
27,82,SANTANDER,FLORIDABLANCA,157563,156443,90033,37,1065,19,42163,58,142,148,102,9691,38,1947,8763,87,2252,1018,90033,42163,47870,ABELARDO DE LA ESPRIELLA,47870,0.3059900411012317,2252,1018,102,66621.0,69993.0,0.37850728952622553,4.222689701118699,224184.0
27,85,SANTANDER,GALAN,1765,1758,1329,2,2,0,193,0,2,5,4,189,1,8,14,1,12,3,1329,193,1136,ABELARDO DE LA ESPRIELLA,1136,0.646188850967008,12,3,4,901.0,920.0,0.11387728904149368,0.7772648853898095,2666.0
27,88,SANTANDER,GAMBITA,2267,2242,1617,0,10,1,324,1,1,8,11,210,1,26,16,6,21,14,1617,324,1293,ABELARDO DE LA ESPRIELLA,1293,0.5767172167707404,21,14,11,1225.0,1271.0,0.13150405875229437,0.9400364786875479,3492.0
27,91,SANTANDER,GIRON,86634,85826,48682,50,479,8,25499,55,107,108,75,4036,34,1503,3561,56,1648,733,48682,25499,23183,ABELARDO DE LA ESPRIELLA,23183,0.2701162817794141,1648,733,75,46972.0,49428.0,0.4055490401744494,4.383292679905347,133606.0
27,94,SANTANDER,GUACA,3220,3195,2438,1,7,1,386,2,4,3,5,261,2,18,34,1,37,20,2438,386,2052,ABELARDO DE LA ESPRIELLA,2052,0.6422535211267606,37,20,5,2414.0,2476.0,0.12371961278102303,0.9668444542562343,5634.0
27,97,SANTANDER,GUADALUPE,2862,2846,1976,1,5,0,317,1,4,4,9,442,0,29,34,2,31,7,1976,317,1659,ABELARDO DE LA ESPRIELLA,1659,0.5829234012649332,31,7,9,1428.0,1475.0,0.13414921843713803,0.9788990552069401,4290.0
27,100,SANTANDER,GUAPOTA,1353,1345,941,1,1,0,115,0,2,2,2,253,0,11,12,0,7,6,941,115,826,ABELARDO DE LA ESPRIELLA,826,0.6141263940520446,7,6,2,693.0,708.0,0.11543963817053174,0.7577291069865139,2046.0
27,103,SANTANDER,GUAVATA,2596,2571,1264,0,11,1,841,0,3,2,8,365,1,14,30,1,38,17,1264,841,423,ABELARDO DE LA ESPRIELLA,423,0.1645274212368728,38,17,8,1991.0,2054.0,0.44992580705698915,3.432048061039965,4587.0
27,106,SANTANDER,GUEPSA,2384,2337,1353,1,18,0,722,2,4,10,10,129,1,24,34,1,38,37,1353,722,631,ABELARDO DE LA ESPRIELLA,631,0.2700042789901583,38,37,10,2116.0,2201.0,0.27703330713401925,2.1323589739385644,4500.0
27,109,SANTANDER,HATO,1434,1417,952,0,9,0,263,2,2,4,2,124,1,20,21,3,16,15,952,263,689,ABELARDO DE LA ESPRIELLA,689,0.4862385321100917,16,15,2,752.0,785.0,0.1462402098489621,0.9749771603788104,2186.0
27,112,SANTANDER,JESUS MARIA,1817,1786,898,1,8,0,576,0,0,4,3,241,2,9,29,2,16,28,898,576,322,ABELARDO DE LA ESPRIELLA,322,0.1802911534154535,16,28,3,1591.0,1638.0,0.39351769016873833,2.9127556010621993,3408.0
27,115,SANTANDER,JORDAN,1015,996,717,1,2,2,105,1,1,1,7,136,1,11,9,1,8,12,717,105,612,ABELARDO DE LA ESPRIELLA,612,0.6144578313253012,8,12,7,473.0,500.0,0.11057193013830459,0.6873821355065137,1488.0
27,118,SANTANDER,LA PAZ,2191,2164,1317,1,6,0,294,2,0,4,9,475,3,12,30,1,19,18,1317,294,1023,ABELARDO DE LA ESPRIELLA,1023,0.4727356746765249,19,18,9,1872.0,1918.0,0.15909691459167544,1.202702591487026,4063.0
27,119,SANTANDER,LA BELLEZA,3325,3305,2304,1,7,1,374,1,3,4,4,500,0,24,56,3,27,16,2304,374,1930,ABELARDO DE LA ESPRIELLA,1930,0.583963691376702,27,16,4,2429.0,2476.0,0.13643080201751917,1.0661798994944927,5754.0
27,120,SANTANDER,LANDAZURI,5505,5438,3741,1,7,1,1163,2,4,5,11,297,2,71,62,3,79,56,3741,1163,2578,ABELARDO DE LA ESPRIELLA,2578,0.4740713497609415,79,56,11,4749.0,4895.0,0.1776876591368346,1.5096652384403535,10254.0
27,121,SANTANDER,LEBRIJA,24407,24148,16595,8,64,2,4555,5,23,34,38,1291,6,487,681,10,387,221,16595,4555,12040,ABELARDO DE LA ESPRIELLA,12040,0.498592015901938,387,221,38,12993.0,13639.0,0.19843013525209838,1.8892060777502262,37400.0
27,124,SANTANDER,LOS SANTOS,7145,7060,4848,7,39,0,1129,4,16,20,16,594,6,113,170,6,108,69,4848,1129,3719,ABELARDO DE LA ESPRIELLA,3719,0.5267705382436261,108,69,16,3579.0,3772.0,0.16510485080859566,1.3597417558101408,10724.0
27,127,SANTANDER,MACARAVITA,1187,1181,844,0,3,0,115,1,2,4,1,180,1,6,9,2,14,5,844,115,729,ABELARDO DE LA ESPRIELLA,729,0.6172734970364098,14,5,1,1115.0,1135.0,0.11278912996312009,0.7935018243697735,2302.0
27,130,SANTANDER,MALAGA,10768,10681,6427,2,49,3,2551,7,10,13,18,937,6,80,426,4,166,69,6427,2551,3876,ABELARDO DE LA ESPRIELLA,3876,0.3628873700964329,166,69,18,5661.0,5914.0,0.24876989956781737,2.160627968289844,16429.0
27,133,SANTANDER,MATANZA,3453,3417,2319,3,7,0,506,2,8,5,13,424,4,49,49,4,37,23,2319,506,1813,ABELARDO DE LA ESPRIELLA,1813,0.530582382206614,37,23,13,1859.0,1932.0,0.150519349714316,1.1389541020902045,5312.0
27,136,SANTANDER,MOGOTES,5349,5254,3622,5,23,2,743,1,7,10,24,638,4,56,87,7,49,71,3622,743,2879,ABELARDO DE LA ESPRIELLA,2879,0.5479634564141607,49,71,24,2972.0,3116.0,0.15353936149094424,1.2351667824287471,8321.0
27,139,SANTANDER,MOLAGAVITA,2247,2235,1609,2,6,0,221,1,4,8,4,307,3,16,29,5,24,8,1609,221,1388,ABELARDO DE LA ESPRIELLA,1388,0.6210290827740492,24,8,4,1667.0,1703.0,0.12222010117775448,0.9094072265538437,3914.0
27,142,SANTANDER,OCAMONTE,2638,2619,1817,2,6,0,265,1,3,3,7,443,3,21,31,2,22,12,1817,265,1552,ABELARDO DE LA ESPRIELLA,1552,0.5925925925925926,22,12,7,1432.0,1473.0,0.13061776220798332,0.9529525888648096,4070.0
27,145,SANTANDER,OIBA,6418,6354,4566,1,30,0,1023,4,7,8,19,410,8,71,136,6,84,45,4566,1023,3543,ABELARDO DE LA ESPRIELLA,3543,0.5576015108593012,84,45,19,3545.0,3693.0,0.15428072364300427,1.2673336293421746,9963.0
27,148,SANTANDER,ONZAGA,2058,2030,1478,1,3,0,221,1,3,3,16,265,2,11,28,0,14,12,1478,221,1257,ABELARDO DE LA ESPRIELLA,1257,0.6192118226600986,14,12,16,1503.0,1545.0,0.1210448260393657,0.8888837504400583,3561.0
27,151,SANTANDER,PALMAR,1047,1036,720,0,1,0,149,0,0,0,0,121,1,17,20,1,6,11,720,149,571,ABELARDO DE LA ESPRIELLA,571,0.5511583011583011,6,11,0,573.0,590.0,0.12374560251351642,0.7897216682043274,1620.0
27,154,SANTANDER,PALMAS DEL SOCORRO,1849,1838,1382,0,8,0,165,0,1,1,2,210,0,15,42,2,12,9,1382,165,1217,ABELARDO DE LA ESPRIELLA,1217,0.6621327529923831,12,9,2,822.0,845.0,0.1118376866941568,0.7538440922955392,2671.0
27,157,SANTANDER,PARAMO,2876,2865,2079,0,6,0,329,2,3,4,2,297,1,27,84,2,31,9,2079,329,1750,ABELARDO DE LA ESPRIELLA,1750,0.6108202443280978,31,9,2,1152.0,1194.0,0.12822830249364378,0.9086131164128269,4028.0
27,160,SANTANDER,PIEDECUESTA,94326,93397,54278,35,568,13,26051,38,123,120,98,4710,26,1615,4198,57,1565,831,54278,26051,28227,ABELARDO DE LA ESPRIELLA,28227,0.3022259815625769,1565,831,98,40251.0,42745.0,0.36654941889958265,3.9085277811060832,134577.0
27,163,SANTANDER,PINCHOTE,2877,2856,1856,0,24,0,564,1,2,3,3,274,1,27,68,2,34,18,1856,564,1292,ABELARDO DE LA ESPRIELLA,1292,0.4523809523809524,34,18,3,1108.0,1163.0,0.17209894484742144,1.2149527448552029,3985.0
27,166,SANTANDER,PUENTE NACIONAL,8353,8281,4615,4,72,1,2470,2,7,8,14,748,7,66,195,7,79,58,4615,2470,2145,ABELARDO DE LA ESPRIELLA,2145,0.2590266875981161,79,58,14,4872.0,5023.0,0.33535110752962677,2.857856004174664,13225.0
27,167,SANTANDER,PUERTO PARRA,3441,3375,1786,2,17,0,1180,1,11,2,13,112,4,165,34,2,59,53,1786,1180,606,ABELARDO DE LA ESPRIELLA,606,0.1795555555555555,59,53,13,3262.0,3387.0,0.42860505100493934,3.4836997354470296,6703.0
27,169,SANTANDER,PUERTO WILCHES,15502,15252,5445,4,45,1,8480,6,22,17,38,656,10,209,127,11,219,212,5445,8480,-3035,IVAN CEPEDA,3035,0.1989902963545764,219,212,38,10937.0,11406.0,0.4609080733421814,4.305795146526981,26439.0
27,172,SANTANDER,RIONEGRO,14593,14354,9499,11,57,2,2849,8,25,28,43,945,5,347,300,20,258,196,9499,2849,6650,ABELARDO DE LA ESPRIELLA,6650,0.4632854953323115,258,196,43,10084.0,10581.0,0.20224269889856666,1.874164832922745,24677.0
27,174,SANTANDER,SABANA DE TORRES,15340,15014,8005,5,62,6,5200,18,31,25,42,675,10,400,279,18,280,284,8005,5200,2805,ABELARDO DE LA ESPRIELLA,2805,0.1868256294125483,280,284,42,10258.0,10864.0,0.4885951595389298,4.540662320902568,25598.0
27,175,SANTANDER,SAN ANDRES,3856,3814,2510,0,20,1,731,1,5,6,12,386,7,29,66,1,51,30,2510,731,1779,ABELARDO DE LA ESPRIELLA,1779,0.4664394336654431,51,30,12,2770.0,2863.0,0.17309012145097555,1.3777929578121317,6626.0
27,178,SANTANDER,SAN BENITO,1345,1331,842,0,0,0,188,0,5,3,5,257,2,10,13,2,9,9,842,188,654,ABELARDO DE LA ESPRIELLA,654,0.4913598797896318,9,9,5,1613.0,1636.0,0.14349845572244604,1.0619776242405148,2958.0
27,181,SANTANDER,SAN GIL,32920,32677,19168,12,218,4,8703,9,39,22,23,2288,13,299,1436,18,448,220,19168,8703,10465,ABELARDO DE LA ESPRIELLA,10465,0.3202558374391774,448,220,23,13982.0,14673.0,0.3147395494411237,3.01955851823509,46902.0
27,184,SANTANDER,SAN JOAQUIN,1227,1209,757,0,0,0,188,0,1,1,6,204,2,3,36,0,17,12,757,188,569,ABELARDO DE LA ESPRIELLA,569,0.4706368899917287,17,12,6,998.0,1033.0,0.1476868668718488,1.0251226115950838,2225.0
27,187,SANTANDER,SAN JOSE DE MIRANDA,2939,2915,1961,0,15,1,345,2,6,4,9,462,6,25,49,3,36,15,1961,345,1616,ABELARDO DE LA ESPRIELLA,1616,0.5543739279588337,36,15,9,1563.0,1623.0,0.14135961457295518,1.0450218042029213,4502.0
27,190,SANTANDER,SAN MIGUEL,1311,1305,838,0,4,0,225,0,2,3,4,205,1,3,11,1,12,2,838,225,613,ABELARDO DE LA ESPRIELLA,613,0.4697318007662835,12,2,4,873.0,891.0,0.1495569878497959,1.0160103318482685,2184.0
27,193,SANTANDER,SAN VICENTE DE CHUCURI,15031,14804,10055,5,40,1,2998,5,23,14,40,826,10,310,288,10,219,187,10055,2998,7057,ABELARDO DE LA ESPRIELLA,7057,0.4766954877060254,219,187,40,10158.0,10604.0,0.1973044846952833,1.8288312240621047,25189.0
27,194,SANTANDER,SANTA HELENA DEL OPON,1904,1895,1520,0,2,0,218,2,2,1,2,80,1,26,14,0,29,7,1520,218,1302,ABELARDO DE LA ESPRIELLA,1302,0.6870712401055409,29,7,2,1471.0,1509.0,0.10827446677720098,0.7925544721562,3375.0
27,195,SANTANDER,SANTA BARBARA,1549,1540,1065,0,6,0,187,0,2,2,1,236,0,17,16,2,7,8,1065,187,878,ABELARDO DE LA ESPRIELLA,878,0.5701298701298702,7,8,1,825.0,841.0,0.12652661435407406,0.8522554402359183,2374.0
27,196,SANTANDER,SIMACOTA,4105,4057,2732,4,18,1,827,1,7,6,8,297,3,64,43,4,50,40,2732,827,1905,ABELARDO DE LA ESPRIELLA,1905,0.4695587872812423,50,40,8,2247.0,2345.0,0.17325186693979158,1.3445154011359233,6352.0
27,199,SANTANDER,SOCORRO,17214,17107,10882,2,72,5,3380,2,19,15,10,1804,6,170,558,11,181,97,10882,3380,7502,ABELARDO DE LA ESPRIELLA,7502,0.4385339334775238,181,97,10,8341.0,8629.0,0.21731469442624102,1.9695230286618843,25555.0
27,202,SANTANDER,SUAITA,5272,5208,3650,2,28,0,812,2,12,6,6,504,5,59,89,1,38,58,3650,812,2838,ABELARDO DE LA ESPRIELLA,2838,0.5449308755760369,38,58,6,3442.0,3544.0,0.15421998584709404,1.2604851984815182,8714.0
27,205,SANTANDER,SUCRE,2982,2948,1911,1,13,0,421,2,3,5,12,518,6,15,24,3,26,22,1911,421,1490,ABELARDO DE LA ESPRIELLA,1490,0.505427408412483,26,22,12,2574.0,2634.0,0.15500187375409638,1.2208937203347787,5556.0
27,208,SANTANDER,SURATA,2250,2221,1492,1,6,1,383,0,2,3,3,241,1,34,34,2,21,26,1492,383,1109,ABELARDO DE LA ESPRIELLA,1109,0.4993246285457001,21,26,3,1425.0,1475.0,0.15130159702277435,1.1040615227012929,3675.0
27,211,SANTANDER,TONA,3769,3717,2672,1,16,10,567,1,5,10,8,271,0,43,60,5,56,44,2672,567,2105,ABELARDO DE LA ESPRIELLA,2105,0.5663169222491257,56,44,8,2008.0,2116.0,0.14264618738242957,1.0923495933350917,5777.0
27,217,SANTANDER,VALLE DE SAN JOSE,3779,3756,2510,0,16,2,745,1,6,4,6,296,2,44,81,3,46,17,2510,745,1765,ABELARDO DE LA ESPRIELLA,1765,0.4699148029818956,46,17,6,1570.0,1639.0,0.17151744423029375,1.2696495658893963,5349.0
27,219,SANTANDER,VETAS,966,958,765,1,4,0,41,0,1,1,2,106,0,8,19,2,10,6,765,41,724,ABELARDO DE LA ESPRIELLA,724,0.755741127348643,10,6,2,511.0,529.0,0.08966334482589948,0.5624471340884051,1477.0
27,220,SANTANDER,VELEZ,10327,10180,5652,3,68,0,3145,3,10,16,32,790,3,91,241,13,145,115,5652,3145,2507,ABELARDO DE LA ESPRIELLA,2507,0.2462671905697446,145,115,32,6325.0,6617.0,0.3601037845145325,3.168030505152314,16652.0
27,221,SANTANDER,VILLANUEVA,5033,4997,3280,2,14,1,757,12,15,12,10,606,3,62,154,6,73,26,3280,757,2523,ABELARDO DE LA ESPRIELLA,2523,0.504902941765059,73,26,10,2317.0,2426.0,0.16540579632735833,1.2892407923860936,7350.0
27,223,SANTANDER,ZAPATOCA,5473,5431,3615,1,36,2,1076,6,10,7,6,365,4,53,146,5,105,36,3615,1076,2539,ABELARDO DE LA ESPRIELLA,2539,0.4675013809611489,105,36,6,2926.0,3073.0,0.18010550360980554,1.4463795578616212,8399.0
28,1,SUCRE,SINCELEJO,126701,125329,45664,61,232,16,71183,38,148,79,266,3264,48,383,2258,67,1888,1106,45664,71183,-25519,IVAN CEPEDA,25519,0.2036160824709365,1888,1106,266,94568.0,97828.0,0.5495234910134951,6.314561431084613,221269.0
28,10,SUCRE,BUENAVISTA,5233,5201,2188,0,6,0,2625,0,6,4,12,252,1,24,38,1,56,20,2188,2625,-437,IVAN CEPEDA,437,0.0840223034031917,56,20,12,5193.0,5281.0,0.9100817716956855,7.801275636389251,10426.0
28,20,SUCRE,CAIMITO,5717,5680,1518,1,8,1,3843,2,12,9,18,174,3,15,28,6,60,19,1518,3843,-2325,IVAN CEPEDA,2325,0.4093309859154929,60,19,18,4796.0,4893.0,0.20615892559629054,1.7514778348218867,10513.0
28,30,SUCRE,COLOSO (RICAURTE),4384,4338,1440,1,9,0,2548,0,7,16,17,199,7,21,31,4,55,29,1440,2548,-1108,IVAN CEPEDA,1108,0.2554172429691101,55,29,17,4401.0,4502.0,0.31555595605267817,2.6546142026990767,8785.0
28,40,SUCRE,COROZAL,31177,30942,11441,11,48,2,17816,9,25,16,51,649,9,115,459,15,327,184,11441,17816,-6375,IVAN CEPEDA,6375,0.2060306379678107,327,184,51,19450.0,20012.0,0.4786312801996589,4.740429934976818,50627.0
28,41,SUCRE,COVEÑAS,8388,8320,2834,3,33,1,4328,5,8,9,17,836,7,41,60,3,152,51,2834,4328,-1494,IVAN CEPEDA,1494,0.1795673076923077,152,51,17,7227.0,7447.0,0.4761653171522418,4.245347508093116,15615.0
28,42,SUCRE,EL ROBLE,5660,5621,1659,0,12,1,3729,0,13,2,18,135,2,11,24,0,33,21,1659,3729,-2070,IVAN CEPEDA,2070,0.3682618751111902,33,21,18,4385.0,4457.0,0.22826627052827833,1.917997183448179,10045.0
28,45,SUCRE,CHALAN,2535,2516,1025,1,7,1,1267,5,7,6,11,130,2,11,15,2,37,8,1025,1267,-242,IVAN CEPEDA,242,0.0961844197138314,37,8,11,2623.0,2679.0,0.7374738230184336,5.821302774319204,5158.0
28,48,SUCRE,GALERAS (NUEVA GRANADA),9320,9204,5446,2,22,1,2842,6,12,16,37,534,10,48,90,20,155,79,5446,2842,2604,ABELARDO DE LA ESPRIELLA,2604,0.2829204693611473,155,79,37,9348.0,9619.0,0.3116034230579395,2.8579018127210145,18668.0
28,49,SUCRE,GUARANDA,6063,6020,3616,3,13,0,1900,3,9,6,17,315,3,26,41,14,71,26,3616,1900,1716,ABELARDO DE LA ESPRIELLA,1716,0.2850498338870432,71,26,17,9284.0,9398.0,0.2949674135656794,2.698467668601993,15347.0
28,50,SUCRE,LA UNION,6012,5971,1847,3,9,0,3748,1,4,2,17,211,3,32,32,2,77,24,1847,3748,-1901,IVAN CEPEDA,1901,0.3183721319711941,77,24,17,5204.0,5322.0,0.26478608603186277,2.2718096308669984,11216.0
28,55,SUCRE,LOS PALMITOS,11872,11802,3040,1,10,0,8203,1,6,9,26,287,4,54,69,27,91,44,3040,8203,-5163,IVAN CEPEDA,5163,0.4374682257244535,91,44,26,8328.0,8489.0,0.20953686712054467,1.89560550023965,20200.0
28,60,SUCRE,MAJAGUAL,13842,13738,7749,0,44,8,4195,13,37,18,61,1279,19,87,104,37,148,43,7749,4195,3554,ABELARDO DE LA ESPRIELLA,3554,0.2586985005095356,148,43,61,16331.0,16583.0,0.35459795141602657,3.4453423653107946,30173.0
28,80,SUCRE,MORROA,9076,9017,2914,4,30,0,5547,4,8,9,18,283,3,38,86,4,87,41,2914,5547,-2633,IVAN CEPEDA,2633,0.2920039924586891,87,41,18,6680.0,6826.0,0.30155157171396557,2.662290454280238,15756.0
28,100,SUCRE,OVEJAS,12541,12428,4075,4,22,2,7680,3,27,7,49,373,8,36,79,8,104,64,4075,7680,-3605,IVAN CEPEDA,3605,0.2900708078532346,104,64,49,10804.0,11021.0,0.31418543503760843,2.924327610254898,23345.0
28,120,SUCRE,PALMITO,7636,7579,2262,1,12,0,4828,3,5,6,31,310,4,23,33,5,87,26,2262,4828,-2566,IVAN CEPEDA,2566,0.3385670932840744,87,26,31,5812.0,5956.0,0.25628547991924194,2.227715986534786,13448.0
28,160,SUCRE,SAMPUES,20259,20014,6100,9,34,5,12495,5,30,13,69,754,19,89,153,23,285,176,6100,12495,-6395,IVAN CEPEDA,6395,0.3195263315679024,285,176,69,16274.0,16804.0,0.30055981336307264,2.924276187951006,36533.0
28,180,SUCRE,SAN BENITO ABAD,10662,10610,4371,3,17,0,5766,3,14,12,31,257,4,54,46,8,55,21,4371,5766,-1395,IVAN CEPEDA,1395,0.1314797360980207,55,21,31,10997.0,11104.0,0.655192519687155,6.103217082200745,21659.0
28,190,SUCRE,SAN JUAN DE BETULIA (BETULIA),7543,7491,2963,0,13,1,4229,0,8,6,15,117,4,22,50,4,74,37,2963,4229,-1266,IVAN CEPEDA,1266,0.1690028033640368,74,37,15,4741.0,4867.0,0.4984051029312763,4.2316778516510745,12284.0
28,200,SUCRE,SAN MARCOS,22261,22019,8058,6,49,12,12422,7,41,21,63,717,25,174,159,34,294,179,8058,12422,-4364,IVAN CEPEDA,4364,0.198192470139425,294,179,63,25802.0,26338.0,0.4803106665471589,4.888989099079308,48063.0
28,220,SUCRE,SAN ONOFRE,18473,18226,3925,11,91,9,12645,20,47,37,116,970,36,95,97,45,198,131,3925,12645,-8720,IVAN CEPEDA,8720,0.4784373971249863,198,131,116,28593.0,29038.0,0.20085806999979736,2.0640968729007794,47066.0
28,240,SUCRE,SAN PEDRO,9265,9196,3714,6,16,0,5009,3,24,5,38,217,10,50,53,9,80,31,3714,5009,-1295,IVAN CEPEDA,1295,0.1408220965637233,80,31,38,8515.0,8664.0,0.605125696488819,5.486703253297839,17780.0
28,260,SUCRE,SINCE,14230,14072,6093,7,42,4,6856,6,26,25,42,600,4,53,135,14,207,116,6093,6856,-763,IVAN CEPEDA,763,0.0542211483797612,207,116,42,13581.0,13946.0,1.4873625881792563,14.193930495444762,27811.0
28,280,SUCRE,SUCRE,9694,9626,4774,5,23,6,3764,9,15,18,40,778,16,60,38,22,98,28,4774,3764,1010,ABELARDO DE LA ESPRIELLA,1010,0.1049241637232495,98,28,40,11799.0,11965.0,0.7981199629928112,7.494206441469944,21493.0
28,300,SUCRE,TOLU,13953,13801,2946,4,33,1,10148,2,13,8,33,325,4,40,91,9,177,119,2946,10148,-7202,IVAN CEPEDA,7202,0.5218462430258677,177,119,33,12322.0,12651.0,0.1792354258995284,1.6929808665635688,26275.0
28,320,SUCRE,TOLUVIEJO,11808,11717,4034,5,21,1,7028,2,17,7,32,328,6,40,86,5,137,59,4034,7028,-2994,IVAN CEPEDA,2994,0.2555261585730136,137,59,32,9870.0,10098.0,0.35284212487593786,3.2532720269667506,21678.0
29,1,TOLIMA,IBAGUE,309213,304909,141360,130,2410,74,109574,168,618,429,376,27755,148,3042,13631,207,5363,3928,141360,109574,31786,ABELARDO DE LA ESPRIELLA,31786,0.1042474967941254,5363,3928,376,165494.0,175161.0,1.105299659460583,13.344798454045707,474707.0
29,4,TOLIMA,ALPUJARRA,2135,2114,1153,2,12,0,407,0,4,3,3,465,3,10,23,2,30,18,1153,407,746,ABELARDO DE LA ESPRIELLA,746,0.3528855250709555,30,18,3,1609.0,1660.0,0.21099794735497457,1.5645867274061038,3744.0
29,7,TOLIMA,ALVARADO,4777,4699,2028,2,20,1,1935,4,14,9,16,507,4,62,46,6,61,62,2028,1935,93,ABELARDO DE LA ESPRIELLA,93,0.0197914449882953,61,62,16,4378.0,4517.0,2.8381697467243168,23.885539048840062,9155.0
29,10,TOLIMA,AMBALEMA,3432,3372,1307,1,18,0,1623,0,8,4,5,292,3,36,29,4,47,55,1307,1623,-316,IVAN CEPEDA,316,0.0937129300118624,47,55,5,3164.0,3271.0,0.7832733907076485,6.339154288153526,6596.0
29,13,TOLIMA,ANZOATEGUI,3893,3838,2077,7,30,4,894,8,21,13,16,563,5,80,68,0,68,39,2077,894,1183,ABELARDO DE LA ESPRIELLA,1183,0.3082334549244398,68,39,16,4844.0,4967.0,0.25933688200570715,2.2071572356674087,8737.0
29,16,TOLIMA,ARMERO (GUAYABAL),5790,5668,2143,6,50,1,2853,3,11,9,16,329,5,96,72,0,90,106,2143,2853,-710,IVAN CEPEDA,710,0.1252646436132674,90,106,16,4743.0,4955.0,0.6389524848070928,5.436434085023464,10533.0
29,19,TOLIMA,ATACO,7600,7489,4326,1,38,2,1413,2,22,36,41,1341,15,106,81,20,86,70,4326,1413,2913,ABELARDO DE LA ESPRIELLA,2913,0.3889704900520764,86,70,41,9127.0,9324.0,0.22360862016002214,2.0438843612511497,16727.0
29,22,TOLIMA,CAJAMARCA,9059,8884,4531,2,49,5,2900,6,11,12,40,796,4,130,207,14,217,135,4531,2900,1631,ABELARDO DE LA ESPRIELLA,1631,0.1835884736605132,217,135,40,8026.0,8418.0,0.46966224634495357,4.244923076873732,17085.0
29,25,TOLIMA,CARMEN DE APICALA,6242,6174,3222,2,41,9,1592,1,4,10,10,948,4,82,153,6,100,58,3222,1592,1630,ABELARDO DE LA ESPRIELLA,1630,0.2640103660511824,100,58,10,4309.0,4477.0,0.31853773589959095,2.6779250205292113,10551.0
29,28,TOLIMA,CASABIANCA,2856,2799,1462,4,27,4,597,1,7,5,22,493,5,77,48,5,64,35,1462,597,865,ABELARDO DE LA ESPRIELLA,865,0.3090389424794569,64,35,22,2882.0,3003.0,0.24879015190048115,1.9922369025789017,5738.0
29,31,TOLIMA,COELLO,4984,4917,1926,1,20,0,2446,1,7,11,14,337,5,56,59,6,42,53,1926,2446,-520,IVAN CEPEDA,520,0.1057555419971527,42,53,14,3526.0,3635.0,0.7343628716269354,6.020776413826069,8510.0
29,34,TOLIMA,COYAIMA,10056,9864,3302,10,52,2,5245,5,18,29,89,905,26,80,74,13,103,103,3302,5245,-1943,IVAN CEPEDA,1943,0.1969789132197891,103,103,89,8764.0,9059.0,0.44433262671017937,4.048592002820681,18820.0
29,37,TOLIMA,CUNDAY,3913,3878,2312,1,17,0,730,3,2,9,10,690,7,38,30,5,34,25,2312,730,1582,ABELARDO DE LA ESPRIELLA,1582,0.407942238267148,34,25,10,3217.0,3286.0,0.19771470578568462,1.601040417903764,7130.0
29,40,TOLIMA,CHAPARRAL,19268,18909,9146,12,132,6,6450,13,31,50,98,2001,32,251,339,35,411,261,9146,6450,2696,ABELARDO DE LA ESPRIELLA,2696,0.1425776085461949,411,261,98,22520.0,23290.0,0.6454057220769099,6.49008525185954,41788.0
29,43,TOLIMA,DOLORES,3946,3904,2544,1,17,1,784,5,3,8,8,404,3,28,67,5,34,34,2544,784,1760,ABELARDO DE LA ESPRIELLA,1760,0.4508196721311475,34,34,8,3199.0,3275.0,0.17946310807495588,1.4526423136697757,7145.0
29,46,TOLIMA,ESPINAL,39568,38838,17320,30,360,9,13830,38,154,78,99,4686,37,580,943,38,735,631,17320,13830,3490,ABELARDO DE LA ESPRIELLA,3490,0.0898604459549925,735,631,99,23428.0,24893.0,1.058194771149284,10.711451798748532,62996.0
29,49,TOLIMA,FALAN,3497,3419,1518,4,13,1,1268,5,11,18,15,381,8,65,68,3,56,63,1518,1268,250,ABELARDO DE LA ESPRIELLA,250,0.0731207955542556,56,63,15,2814.0,2948.0,0.978984353529811,7.821322756115549,6311.0
29,52,TOLIMA,FLANDES,12153,11934,5385,8,101,3,4797,7,31,18,24,1010,6,169,183,12,204,195,5385,4797,588,ABELARDO DE LA ESPRIELLA,588,0.049270990447461,204,195,24,7915.0,8338.0,1.5837816219882406,14.299486887948216,20068.0
29,55,TOLIMA,FRESNO,14631,14297,6891,3,128,7,3561,4,47,49,71,2412,20,331,482,41,321,263,6891,3561,3330,ABELARDO DE LA ESPRIELLA,3330,0.2329159963628733,321,263,71,13860.0,14515.0,0.3938758702425711,3.7745151304175937,28491.0
29,58,TOLIMA,GUAMO,15540,15257,7665,15,93,5,4125,14,47,46,64,2486,27,204,249,35,246,219,7665,4125,3540,ABELARDO DE LA ESPRIELLA,3540,0.2320246444255096,246,219,64,10931.0,11460.0,0.3980115024036314,3.720096197682055,26471.0
29,61,TOLIMA,HERVEO,2994,2933,1704,3,13,4,592,0,10,11,13,403,10,45,78,8,52,48,1704,592,1112,ABELARDO DE LA ESPRIELLA,1112,0.3791339924991476,52,48,13,2726.0,2839.0,0.2051766772526411,1.631474522543668,5720.0
29,64,TOLIMA,HONDA,13122,12907,5405,7,94,2,5755,2,22,13,27,987,6,159,256,11,188,188,5405,5755,-350,IVAN CEPEDA,350,0.0271170682575346,188,188,27,9289.0,9692.0,2.550202103112057,23.408711235607555,22411.0
29,67,TOLIMA,ICONONZO,5450,5384,2109,4,49,2,2414,4,10,7,16,545,1,57,88,3,91,50,2109,2414,-305,IVAN CEPEDA,305,0.0566493313521545,91,50,16,4017.0,4174.0,1.2890410774260175,10.74656741960605,9467.0
29,70,TOLIMA,LERIDA,8615,8490,2913,5,51,1,4377,6,14,4,13,733,4,125,116,11,130,112,2913,4377,-1464,IVAN CEPEDA,1464,0.1724381625441696,130,112,13,6968.0,7223.0,0.4958810115076157,4.405984158887761,15583.0
29,73,TOLIMA,LIBANO,18381,17897,6087,13,124,4,8501,30,41,39,56,2012,17,250,418,21,340,428,6087,8501,-2414,IVAN CEPEDA,2414,0.134882941275074,340,428,56,15699.0,16523.0,0.6758866273394409,6.564595604592028,34080.0
29,76,TOLIMA,MARIQUITA,17208,16746,7507,11,135,2,6437,10,44,37,64,1325,17,358,442,27,394,398,7507,6437,1070,ABELARDO DE LA ESPRIELLA,1070,0.0638958557267407,394,398,64,13192.0,14048.0,1.3161731901042104,12.569857369750379,30400.0
29,79,TOLIMA,MELGAR,19925,19657,11627,8,143,4,5201,17,31,28,23,1460,25,329,444,18,322,245,11627,5201,6426,ABELARDO DE LA ESPRIELLA,6426,0.3269064455410286,322,245,23,12943.0,13533.0,0.2934416895245367,2.7914991477393665,32868.0
29,80,TOLIMA,MURILLO,1629,1585,657,1,4,1,535,2,6,4,6,298,2,13,28,1,33,38,657,535,122,ABELARDO DE LA ESPRIELLA,122,0.0769716088328075,33,38,6,2115.0,2192.0,0.8472845910394454,6.518182175104174,3744.0
29,82,TOLIMA,NATAGAIMA,7645,7547,2524,3,29,2,3943,3,16,9,28,826,8,44,44,9,87,70,2524,3943,-1419,IVAN CEPEDA,1419,0.188021730488936,87,70,28,7202.0,7387.0,0.4509120228593967,4.016549499671536,14847.0
29,85,TOLIMA,ORTEGA,11703,11455,5056,8,100,8,4172,13,25,59,82,1568,18,107,128,28,165,166,5056,4172,884,ABELARDO DE LA ESPRIELLA,884,0.0771715408118725,165,166,82,11896.0,12309.0,1.0721697473916274,10.097873968278718,23599.0
29,87,TOLIMA,PALOCABILDO,4304,4237,2160,7,15,2,1317,2,4,17,17,525,2,65,43,4,74,50,2160,1317,843,ABELARDO DE LA ESPRIELLA,843,0.1989615293839981,74,50,17,4303.0,4444.0,0.39968346151795603,3.3571552830735953,8607.0
29,88,TOLIMA,PIEDRAS,3200,3161,1421,1,7,0,1374,1,8,5,9,194,2,32,55,5,56,30,1421,1374,47,ABELARDO DE LA ESPRIELLA,47,0.0148687124327744,56,30,9,2482.0,2577.0,3.240602037421342,25.45418101952166,5682.0
29,89,TOLIMA,PLANADAS,10538,10293,4800,13,65,6,3475,10,22,36,70,1164,32,208,171,28,263,175,4800,3475,1325,ABELARDO DE LA ESPRIELLA,1325,0.1287282619255804,263,175,70,14021.0,14529.0,0.666001026176559,6.382934358717975,24559.0
29,91,TOLIMA,PRADO,4262,4216,2523,2,13,0,1111,3,6,4,12,390,5,40,70,4,45,34,2523,1111,1412,ABELARDO DE LA ESPRIELLA,1412,0.3349146110056926,45,34,12,3617.0,3708.0,0.2419984247524034,1.9888683075524194,7879.0
29,94,TOLIMA,PURIFICACION,12176,11980,5234,11,76,2,4918,6,30,22,30,1179,22,117,163,8,192,166,5234,4918,316,ABELARDO DE LA ESPRIELLA,316,0.0263772954924874,192,166,30,8202.0,8590.0,2.581576561286513,23.385134924189536,20378.0
29,97,TOLIMA,RIOBLANCO,6780,6633,3562,8,64,2,1723,15,13,24,53,808,9,105,108,18,174,94,3562,1723,1839,ABELARDO DE LA ESPRIELLA,1839,0.2772501130710086,174,94,53,11405.0,11726.0,0.30635194971469465,2.8704102866117873,18185.0
29,100,TOLIMA,RONCESVALLES,1892,1857,1114,2,12,0,377,1,1,7,7,228,4,19,36,3,53,28,1114,377,737,ABELARDO DE LA ESPRIELLA,737,0.3968766828217555,53,28,7,2515.0,2603.0,0.18500091642438313,1.4549959481139223,4407.0
29,103,TOLIMA,ROVIRA,10023,9861,5659,6,60,5,1952,15,21,31,30,1571,17,161,138,32,193,132,5659,1952,3707,ABELARDO DE LA ESPRIELLA,3707,0.3759253625392962,193,132,30,11577.0,11932.0,0.23829592868096766,2.236898883345041,21600.0
29,105,TOLIMA,SALDAÑA,7539,7418,3730,4,49,1,2234,5,11,16,29,963,9,97,156,11,132,92,3730,2234,1496,ABELARDO DE LA ESPRIELLA,1496,0.2016716095982744,132,92,29,5468.0,5721.0,0.4210200684495658,3.642696650293992,13007.0
29,106,TOLIMA,SAN ANTONIO,5187,5091,2786,2,33,1,1165,4,8,13,27,847,8,73,79,9,63,69,2786,1165,1621,ABELARDO DE LA ESPRIELLA,1621,0.3184050284816342,63,69,27,5536.0,5695.0,0.2599054587909464,2.2475375108594613,10723.0
29,109,TOLIMA,SAN LUIS,7344,7240,4568,5,35,0,1553,8,7,16,22,773,10,81,85,13,86,82,4568,1553,3015,ABELARDO DE LA ESPRIELLA,3015,0.4164364640883978,86,82,22,4915.0,5105.0,0.20841357026979032,1.7794708262739163,12259.0
29,112,TOLIMA,SANTA ISABEL,2603,2562,1446,2,9,2,516,2,4,6,10,436,1,42,51,5,40,31,1446,516,930,ABELARDO DE LA ESPRIELLA,930,0.3629976580796253,40,31,10,3125.0,3206.0,0.2104284988483367,1.698808462217148,5728.0
29,115,TOLIMA,SUAREZ,2743,2707,1472,0,10,1,697,2,4,6,11,408,6,35,28,1,37,25,1472,697,775,ABELARDO DE LA ESPRIELLA,775,0.2862947912818618,37,25,11,2068.0,2141.0,0.26676019513664734,2.0459160497584024,4811.0
29,118,TOLIMA,VALLE DE SAN JUAN,2821,2788,1674,0,7,0,466,3,7,18,14,525,7,25,26,3,27,19,1674,466,1208,ABELARDO DE LA ESPRIELLA,1208,0.4332855093256815,27,19,14,2003.0,2063.0,0.17896904412002332,1.3659635339684513,4824.0
29,121,TOLIMA,VENADILLO,6454,6341,2842,2,32,1,2527,3,19,13,23,601,5,101,96,10,89,90,2842,2527,315,ABELARDO DE LA ESPRIELLA,315,0.0496767071439835,89,90,23,5416.0,5618.0,1.4670630928035295,12.666489227485263,11870.0
29,124,TOLIMA,VILLAHERMOSA,3357,3286,1214,0,19,2,805,2,9,16,23,1006,6,42,72,9,84,48,1214,805,409,ABELARDO DE LA ESPRIELLA,409,0.1244674376141205,84,48,23,3653.0,3808.0,0.6022075468487897,4.96527467290215,7010.0
29,127,TOLIMA,VILLARRICA,2801,2776,1769,0,4,1,569,1,11,3,5,335,1,16,27,3,36,20,1769,569,1200,ABELARDO DE LA ESPRIELLA,1200,0.4322766570605187,36,20,5,2349.0,2410.0,0.17927978700042088,1.396194565522863,5150.0
31,1,VALLE,CALI,1063418,1053010,371718,363,6970,260,541270,756,1569,821,1321,56344,713,5180,45989,775,20282,9087,371718,541270,-169552,IVAN CEPEDA,169552,0.1610165145630146,20282,9087,1321,775730.0,806420.0,0.8108669664353195,11.028083642961636,1839148.0
31,4,VALLE,ALCALA,6412,6258,2833,6,37,0,2456,8,7,10,32,481,4,165,133,10,108,122,2833,2456,377,ABELARDO DE LA ESPRIELLA,377,0.0602428891019495,108,122,32,6192.0,6454.0,1.2445068559519263,10.917573667027392,12604.0
31,7,VALLE,ANDALUCIA,10949,10811,3604,1,44,0,5969,5,12,15,22,541,8,124,305,6,177,116,3604,5969,-2365,IVAN CEPEDA,2365,0.2187586717232448,177,116,22,9027.0,9342.0,0.40603540129982824,3.7121310198202964,19976.0
31,10,VALLE,ANSERMANUEVO,8531,8358,3422,6,53,1,2708,11,10,26,42,1561,11,174,201,12,162,131,3422,2708,714,ABELARDO DE LA ESPRIELLA,714,0.0854271356783919,162,131,42,10159.0,10494.0,0.9463863729637352,8.762264197388893,18690.0
31,13,VALLE,ARGELIA,2772,2729,1357,0,15,0,586,3,3,6,7,621,2,53,49,2,32,36,1357,586,771,ABELARDO DE LA ESPRIELLA,771,0.2825210699890069,32,36,7,2983.0,3058.0,0.270478187724267,2.170815562684807,5755.0
31,16,VALLE,BOLIVAR,7251,7165,3376,4,24,1,2275,5,7,7,15,1105,6,117,126,11,101,71,3376,2275,1101,ABELARDO DE LA ESPRIELLA,1101,0.1536636427076064,101,71,15,5983.0,6170.0,0.5423992006412997,4.733852038625422,13234.0
31,19,VALLE,BUENAVENTURA,91352,89716,10788,55,280,47,72065,124,162,86,241,3296,92,578,852,58,1233,1395,10788,72065,-61277,IVAN CEPEDA,61277,0.6830108341878818,1233,1395,241,141849.0,144718.0,0.16456330822127638,1.9554316081244536,233201.0
31,22,VALLE,BUGA,65520,64729,20612,13,349,19,36630,32,78,60,96,2694,36,475,2508,35,1188,695,20612,36630,-16018,IVAN CEPEDA,16018,0.2474624974895332,1188,695,96,44242.0,46221.0,0.43027548320857556,4.621679819620174,109762.0
31,25,VALLE,BUGALAGRANDE,12077,11935,3123,9,40,1,7580,11,12,19,30,569,11,124,252,7,177,112,3123,7580,-4457,IVAN CEPEDA,4457,0.3734394637620444,177,112,30,8860.0,9179.0,0.24481867959916456,2.233917199268096,20937.0
31,28,VALLE,CAICEDONIA,14286,13933,6695,16,107,3,4478,14,32,24,56,1681,30,163,406,17,267,297,6695,4478,2217,ABELARDO DE LA ESPRIELLA,2217,0.1591186392018947,267,297,56,13129.0,13749.0,0.5642244533554147,5.376378643954917,27415.0
31,31,VALLE,CANDELARIA,54990,54085,11821,32,300,6,36468,30,107,38,96,2378,33,382,1307,56,1127,809,11821,36468,-24647,IVAN CEPEDA,24647,0.455708606822594,1127,809,96,34257.0,36289.0,0.2340160884220003,2.457004532177355,89247.0
31,34,VALLE,CARTAGO,66940,65738,30265,34,477,31,24806,74,102,96,162,4669,42,849,2887,60,1346,1040,30265,24806,5459,ABELARDO DE LA ESPRIELLA,5459,0.0830417718823207,1346,1040,162,55273.0,57821.0,1.1923082945684345,13.073809017612529,122213.0
31,37,VALLE,DAGUA,19601,19279,7193,9,108,9,9228,11,38,51,67,1613,21,275,293,23,407,255,7193,9228,-2035,IVAN CEPEDA,2035,0.1055552673893874,407,255,67,18722.0,19451.0,0.8538618611747253,8.432487998170066,38323.0
31,40,VALLE,CALIMA (DARIEN),8513,8344,3579,4,57,2,3637,4,22,8,31,474,5,115,221,10,206,138,3579,3637,-58,IVAN CEPEDA,58,0.0069511025886864,206,138,31,7074.0,7449.0,5.326743666882413,47.49308306347729,15587.0
31,43,VALLE,EL AGUILA,3765,3696,1927,2,23,2,717,6,7,17,17,762,2,70,73,6,82,52,1927,717,1210,ABELARDO DE LA ESPRIELLA,1210,0.3273809523809524,82,52,17,3878.0,4029.0,0.24350150478146687,2.0214330149540007,7643.0
31,46,VALLE,EL CAIRO,2842,2784,1311,3,14,1,739,2,6,11,20,512,10,45,67,8,55,38,1311,739,572,ABELARDO DE LA ESPRIELLA,572,0.2054597701149425,55,38,20,3626.0,3739.0,0.36814311776763964,3.0286548547733183,6468.0
31,49,VALLE,EL CERRITO,31582,31177,7562,12,120,4,20795,16,39,25,51,1185,11,217,678,13,500,354,7562,20795,-13233,IVAN CEPEDA,13233,0.4244475093819161,500,354,51,24527.0,25432.0,0.23817533242609357,2.4160036092800192,56109.0
31,52,VALLE,EL DOVIO,5289,5161,2646,4,27,0,1627,7,17,16,30,380,13,150,130,14,130,98,2646,1627,1019,ABELARDO DE LA ESPRIELLA,1019,0.1974423561325324,130,98,30,5266.0,5524.0,0.4121183127527079,3.5512393784192597,10555.0
31,55,VALLE,FLORIDA,31818,31380,6025,8,125,1,22399,21,38,19,51,1427,16,167,649,10,475,387,6025,22399,-16374,IVAN CEPEDA,16374,0.5217973231357552,475,387,51,23074.0,23987.0,0.19469744285583088,1.9635838696518884,54892.0
31,58,VALLE,GINEBRA,11195,11030,3920,6,54,2,5636,5,14,18,24,774,7,116,248,10,220,141,3920,5636,-1716,IVAN CEPEDA,1716,0.1555757026291931,220,141,24,8092.0,8477.0,0.562187846535412,5.085118291864558,19287.0
31,61,VALLE,GUACARI,17813,17574,3866,7,58,3,11944,6,18,15,21,868,13,121,360,9,286,218,3866,11944,-8078,IVAN CEPEDA,8078,0.4596563104586321,286,218,21,12582.0,13107.0,0.2081145829198816,1.973129784185989,30395.0
31,64,VALLE,JAMUNDI,82296,80922,25922,40,505,19,45076,72,125,93,199,3693,50,603,2832,85,1807,1175,25922,45076,-19154,IVAN CEPEDA,19154,0.2366970663107684,1807,1175,199,49863.0,53044.0,0.45810246279990563,4.983648999245822,132159.0
31,67,VALLE,LA CUMBRE,8090,7990,2973,3,44,3,3864,5,29,15,22,663,12,65,145,9,160,78,2973,3864,-891,IVAN CEPEDA,891,0.111514392991239,160,78,22,6234.0,6494.0,0.7395067338255431,6.491972788399321,14324.0
31,70,VALLE,LA UNION,16524,16123,9339,8,122,5,3996,11,36,36,57,1250,16,347,601,19,337,344,9339,3996,5343,ABELARDO DE LA ESPRIELLA,5343,0.3313899398374992,337,344,57,11687.0,12425.0,0.2837829412562231,2.6753768265336904,28211.0
31,73,VALLE,LA VICTORIA,6236,6134,3343,4,34,1,1816,4,9,8,17,550,8,99,122,6,130,85,3343,1816,1527,ABELARDO DE LA ESPRIELLA,1527,0.2489403325725464,130,85,17,5330.0,5562.0,0.3368252937074399,2.90474522865509,11566.0
31,76,VALLE,OBANDO,5402,5265,1783,2,18,0,2772,2,8,9,26,370,5,122,90,5,79,111,1783,2772,-989,IVAN CEPEDA,989,0.1878442545109211,79,111,26,5469.0,5685.0,0.43311979724855953,3.744650811061646,10871.0
31,79,VALLE,PALMIRA,165881,163830,52511,56,1081,38,90115,126,282,157,271,8081,90,1138,6511,208,3436,1780,52511,90115,-37604,IVAN CEPEDA,37604,0.2295306109992065,3436,1780,271,123464.0,128951.0,0.5012549601739058,5.898365122275897,289345.0
31,82,VALLE,PRADERA,23537,23144,4855,4,101,5,16082,13,34,19,60,911,24,163,494,9,430,333,4855,16082,-11227,IVAN CEPEDA,11227,0.4850933287245074,430,333,60,18986.0,19809.0,0.20298261904186132,2.0082982881634406,42523.0
31,85,VALLE,RESTREPO,8048,7879,3543,0,31,1,3354,2,14,9,21,480,6,127,160,3,149,148,3543,3354,189,ABELARDO DE LA ESPRIELLA,189,0.0239878157126538,149,148,21,8244.0,8562.0,2.6397939952085783,23.903878094271583,16292.0
31,88,VALLE,RIOFRIO,8419,8259,3460,5,44,2,3432,4,16,20,37,829,8,135,176,14,114,123,3460,3432,28,ABELARDO DE LA ESPRIELLA,28,0.0033902409492674,114,123,37,7574.0,7848.0,6.735636722809291,60.40614264433941,15993.0
31,91,VALLE,ROLDANILLO,19494,19202,8798,15,97,1,7297,6,35,18,38,1518,9,276,783,16,333,254,8798,7297,1501,ABELARDO DE LA ESPRIELLA,1501,0.07816894073534,333,254,38,12035.0,12660.0,1.118627683802589,10.566872197945827,31529.0
31,94,VALLE,SAN PEDRO,8368,8239,2897,3,46,4,4290,2,12,7,26,545,1,127,157,8,140,103,2897,4290,-1393,IVAN CEPEDA,1393,0.1690739167374681,140,103,26,6887.0,7156.0,0.5035214389219264,4.469178839064619,15255.0
31,97,VALLE,SEVILLA,19252,18725,7471,10,141,5,7716,11,43,41,102,2086,19,227,565,28,362,425,7471,7716,-245,IVAN CEPEDA,245,0.0130841121495327,362,425,102,18412.0,19301.0,4.261661937774801,42.05392656707587,37664.0
31,100,VALLE,TORO,6250,6109,3042,4,30,2,1608,6,13,15,27,945,7,164,142,13,118,114,3042,1608,1434,ABELARDO DE LA ESPRIELLA,1434,0.2347356359469635,118,114,27,6566.0,6825.0,0.3562081189539084,3.1447812870529392,12816.0
31,103,VALLE,TRUJILLO,8816,8643,4086,0,43,5,2863,7,15,17,37,1059,17,164,200,16,151,136,4086,2863,1223,ABELARDO DE LA ESPRIELLA,1223,0.1415017933587874,151,136,37,7981.0,8305.0,0.598317717346084,5.399657902018687,16797.0
31,106,VALLE,TULUA,99660,98087,41369,38,579,27,43107,85,121,132,169,5371,87,1068,4064,79,1960,1404,41369,43107,-1738,IVAN CEPEDA,1738,0.017718963777055,1960,1404,169,74007.0,77540.0,4.146482677475241,46.68343275290393,173667.0
31,109,VALLE,ULLOA,2622,2558,992,2,14,0,1081,2,4,11,18,302,2,65,38,1,44,46,992,1081,-89,IVAN CEPEDA,89,0.0347928068803752,44,46,18,2761.0,2869.0,1.7519267897448754,13.94895901995743,5383.0
31,112,VALLE,VERSALLES,3802,3739,2086,2,19,2,788,4,9,6,17,603,6,69,77,7,61,46,2086,788,1298,ABELARDO DE LA ESPRIELLA,1298,0.3471516448248194,61,46,17,3617.0,3741.0,0.23034587715377292,1.8951420277951527,7419.0
31,115,VALLE,VIJES,6494,6415,1591,2,25,0,3828,3,6,9,14,689,3,50,107,4,98,65,1591,3828,-2237,IVAN CEPEDA,2237,0.3487139516757599,98,65,14,4962.0,5139.0,0.2443883241394079,2.088251394813808,11456.0
31,118,VALLE,YOTOCO,8483,8325,2680,3,38,2,4636,1,14,16,29,505,12,74,184,4,156,129,2680,4636,-1956,IVAN CEPEDA,1956,0.2349549549549549,156,129,29,7184.0,7498.0,0.36852238524486813,3.288150179671573,15667.0
31,121,VALLE,YUMBO,66046,65405,14169,19,288,17,44723,35,77,42,105,2963,34,434,1531,38,1035,536,14169,44723,-30554,IVAN CEPEDA,30554,0.46715082944729,1035,536,105,46753.0,48429.0,0.23238709003609365,2.5069628174328664,112799.0
31,124,VALLE,ZARZAL,22601,22316,6356,11,82,2,13457,8,25,17,37,1193,20,229,570,10,336,248,6356,13457,-7101,IVAN CEPEDA,7101,0.3182021867718229,336,248,37,17412.0,18033.0,0.30508949673211333,2.9898813831788122,40013.0
40,1,ARAUCA,ARAUCA,35855,35371,22710,23,143,11,7194,22,83,86,65,2745,25,567,1044,38,680,419,22710,7194,15516,ABELARDO DE LA ESPRIELLA,15516,0.4386644426224873,680,419,65,46138.0,47302.0,0.23344118300251232,2.5128376953850133,81993.0
40,5,ARAUCA,TAME,20113,19696,10658,8,118,3,5972,16,38,40,106,1289,17,432,484,23,598,311,10658,5972,4686,ABELARDO DE LA ESPRIELLA,4686,0.2379163281884646,598,311,106,19299.0,20314.0,0.39885318127770614,3.956270496797851,39412.0
40,10,ARAUCA,ARAUQUITA,14684,14270,4931,15,79,6,7671,10,36,36,83,501,10,271,198,21,485,331,4931,7671,-2740,IVAN CEPEDA,2740,0.1920112123335669,485,331,83,21735.0,22634.0,0.4735373187753931,4.748278339238297,36419.0
40,15,ARAUCA,CRAVO NORTE,1350,1333,976,1,2,1,242,0,2,7,1,49,2,16,8,1,26,16,976,242,734,ABELARDO DE LA ESPRIELLA,734,0.5506376594148538,26,16,1,2353.0,2396.0,0.12835272667886918,0.9988374835816322,3703.0
40,17,ARAUCA,FORTUL,6393,6189,1628,4,29,1,3869,3,9,18,41,228,7,115,88,7,183,163,1628,3869,-2241,IVAN CEPEDA,2241,0.362094037809016,183,163,41,7580.0,7967.0,0.23463666381453352,2.1077854502754922,13973.0
40,20,ARAUCA,PUERTO RONDON,1591,1575,1146,2,4,0,225,1,8,3,5,123,0,23,16,0,24,11,1146,225,921,ABELARDO DE LA ESPRIELLA,921,0.5847619047619048,24,11,5,2315.0,2355.0,0.12379147372199704,0.9612061992767289,3906.0
40,25,ARAUCA,SARAVENA,20743,20253,8564,17,91,3,8924,17,46,48,81,954,39,466,475,26,583,409,8564,8924,-360,IVAN CEPEDA,360,0.0177751444230484,583,409,81,20656.0,21729.0,3.5701371819559777,35.65299315212133,41399.0
44,1,CAQUETA,FLORENCIA,79329,78308,41108,31,352,22,26756,43,126,90,144,4237,67,1290,2590,71,1525,877,41108,26756,14352,ABELARDO DE LA ESPRIELLA,14352,0.1832762936098483,1525,877,144,58217.0,60763.0,0.5830212080043771,6.42183447593729,137546.0
44,2,CAQUETA,ALBANIA,2336,2295,1420,3,14,2,594,5,5,3,7,103,1,51,45,1,48,34,1420,594,826,ABELARDO DE LA ESPRIELLA,826,0.3599128540305011,48,34,7,2181.0,2270.0,0.2092093765630903,1.6167649452587136,4517.0
44,3,CAQUETA,CARTAGENA DEL CHAIRA,13436,12795,3953,31,117,21,6593,28,86,55,191,499,28,344,259,34,747,450,3953,6593,-2640,IVAN CEPEDA,2640,0.2063305978898007,747,450,191,11416.0,12804.0,0.43714980651450747,4.134384075146037,24852.0
44,4,CAQUETA,BELEN DE LOS ANDAQUIES,4336,4239,2490,1,18,2,1287,3,10,8,21,180,4,96,44,5,91,76,2490,1287,1203,ABELARDO DE LA ESPRIELLA,1203,0.283793347487615,91,76,21,4129.0,4317.0,0.2842922965972911,2.3796822041294097,8465.0
44,5,CAQUETA,EL DONCELLO,8280,8099,4301,9,36,0,2624,4,16,32,41,424,6,186,170,22,269,140,4301,2624,1677,ABELARDO DE LA ESPRIELLA,1677,0.2070626003210272,269,140,41,7708.0,8158.0,0.41460939504780836,3.734335779225379,15988.0
44,6,CAQUETA,EL PAUJIL,5899,5764,2531,7,17,1,2492,5,24,12,39,287,6,106,71,4,201,96,2531,2492,39,ABELARDO DE LA ESPRIELLA,39,0.00676613462873,201,96,39,5691.0,6027.0,5.164911665366427,44.95627206137313,11590.0
44,7,CAQUETA,LA MONTAÑITA,6259,6151,2032,4,30,2,3482,4,12,21,34,235,4,88,83,14,140,74,2032,3482,-1450,IVAN CEPEDA,1450,0.2357340269874817,140,74,34,6315.0,6563.0,0.3550396588596959,3.1205697613492402,12574.0
44,9,CAQUETA,PUERTO RICO,10168,9917,4853,8,61,4,3682,10,30,29,69,489,13,188,158,23,369,182,4853,3682,1171,ABELARDO DE LA ESPRIELLA,1171,0.1180800645356458,369,182,69,9710.0,10330.0,0.7184651725786765,6.640704878182829,19878.0
44,10,CAQUETA,SAN VICENTE DEL CAGUAN,24447,23742,9241,48,147,8,11114,22,83,95,196,1017,39,514,370,48,996,509,9241,11114,-1873,IVAN CEPEDA,1873,0.0788897312779041,996,509,196,17569.0,19270.0,1.1334315993912407,11.18284040273196,42016.0
44,12,CAQUETA,CURILLO,2910,2851,1475,0,17,2,988,2,5,0,17,145,0,90,39,6,82,42,1475,988,487,ABELARDO DE LA ESPRIELLA,487,0.1708172571027709,82,42,17,4826.0,4967.0,0.43998984991860435,3.744653569354989,7736.0
44,16,CAQUETA,MILAN,2571,2538,1123,0,11,1,1204,0,9,2,7,63,2,34,24,1,64,26,1123,1204,-81,IVAN CEPEDA,81,0.0319148936170212,64,26,7,4174.0,4271.0,1.8703436667011197,15.635768899531358,6745.0
44,17,CAQUETA,MORELIA,1981,1840,1234,0,11,0,386,0,1,5,127,101,2,38,36,2,24,14,1234,386,848,ABELARDO DE LA ESPRIELLA,848,0.4608695652173913,24,14,127,1994.0,2159.0,0.15966341289784006,1.2258738902820407,3975.0
44,20,CAQUETA,SAN JOSE DEL FRAGUA,5241,5130,2568,0,24,0,1930,4,10,10,34,197,5,171,69,8,134,77,2568,1930,638,ABELARDO DE LA ESPRIELLA,638,0.1243664717348927,134,77,34,5566.0,5811.0,0.635802647835954,5.510933910292819,10807.0
44,22,CAQUETA,SOLANO,3076,3003,729,2,14,2,2005,2,10,4,29,68,3,38,21,3,102,44,729,2005,-1276,IVAN CEPEDA,1276,0.4249084249084249,102,44,29,5808.0,5983.0,0.18412381904466768,1.6012962265964406,8884.0
44,24,CAQUETA,SOLITA,2341,2282,1227,3,7,1,744,1,10,5,22,94,2,46,28,7,107,37,1227,744,483,ABELARDO DE LA ESPRIELLA,483,0.2116564417177914,107,37,22,3834.0,4000.0,0.3488843178478706,2.8937510610620167,6175.0
44,40,CAQUETA,VALPARAISO,2383,2342,1498,1,3,1,587,2,3,4,12,87,0,66,41,3,46,29,1498,587,911,ABELARDO DE LA ESPRIELLA,911,0.3889837745516652,46,29,12,3287.0,3374.0,0.19447375891981397,1.5799341058557148,5670.0
46,1,CASANARE,YOPAL,94609,93390,54089,32,555,11,25755,51,124,97,145,5948,79,1332,3579,67,1671,1074,54089,25755,28334,ABELARDO DE LA ESPRIELLA,28334,0.3033943677053217,1671,1074,145,40660.0,43550.0,0.3651804703328961,3.9007438273864503,135269.0
46,40,CASANARE,AGUAZUL,21094,20581,11764,5,90,14,5718,10,29,34,42,1455,26,476,530,26,404,471,11764,5718,6046,ABELARDO DE LA ESPRIELLA,6046,0.2937660949419367,404,471,42,8572.0,9489.0,0.3269677673637185,2.9943688162683233,29666.0
46,120,CASANARE,CHAMEZA,1269,1261,835,0,4,2,267,0,1,4,3,88,2,21,21,3,13,5,835,267,568,ABELARDO DE LA ESPRIELLA,568,0.4504361617763679,13,5,3,589.0,610.0,0.15508019647182378,0.9948544968141303,1858.0
46,320,CASANARE,HATO COROZAL,4808,4761,3410,4,19,1,806,2,6,15,13,340,7,38,45,6,62,34,3410,806,2604,ABELARDO DE LA ESPRIELLA,2604,0.5469439193446755,62,34,13,3095.0,3204.0,0.1520516291301129,1.2274318146100696,7903.0
46,480,CASANARE,LA SALINA,389,378,109,1,2,0,229,0,3,1,3,11,0,0,3,0,19,8,109,229,-120,IVAN CEPEDA,120,0.3174603174603174,19,8,3,591.0,621.0,0.1813207857102244,1.1664257520422718,980.0
46,520,CASANARE,MANI,7649,7516,4699,4,43,10,1830,4,21,13,19,455,13,137,131,11,145,114,4699,1830,2869,ABELARDO DE LA ESPRIELLA,2869,0.381718999467802,145,114,19,4407.0,4685.0,0.2278399161976586,1.9257792112829628,12056.0
46,540,CASANARE,MONTERREY,8832,8686,5339,3,34,1,2032,2,13,7,14,706,5,155,221,12,156,132,5339,2032,3307,ABELARDO DE LA ESPRIELLA,3307,0.3807276076444854,156,132,14,3802.0,4104.0,0.23212035077163365,1.9312322708066207,12634.0
46,560,CASANARE,NUNCHIA,4194,4152,2990,2,14,2,566,5,9,12,20,401,2,63,35,9,42,22,2990,566,2424,ABELARDO DE LA ESPRIELLA,2424,0.5838150289017341,42,22,20,2373.0,2457.0,0.14030608587054613,1.0953841046246389,6567.0
46,640,CASANARE,OROCUE,5074,4985,3199,3,15,4,1241,0,7,5,28,279,7,88,47,4,86,61,3199,1241,1958,ABELARDO DE LA ESPRIELLA,1958,0.392778335005015,86,61,28,3832.0,4007.0,0.21139144100135104,1.7537134658198914,8906.0
46,680,CASANARE,PAZ DE ARIPORO (MORENO),17613,17374,11987,5,44,7,3152,2,29,14,56,1437,10,172,236,12,267,183,11987,3152,8835,ABELARDO DE LA ESPRIELLA,8835,0.5085184758835041,267,183,56,10667.0,11173.0,0.188282349125519,1.7550447204332416,28280.0
46,700,CASANARE,PORE,5200,5132,3622,2,19,1,847,4,5,10,21,381,4,87,72,6,72,47,3622,847,2775,ABELARDO DE LA ESPRIELLA,2775,0.5407248636009353,72,47,21,3370.0,3510.0,0.15513092157667738,1.266435506044143,8570.0
46,760,CASANARE,RECETOR,793,781,477,0,3,0,187,0,4,1,4,64,1,10,22,1,11,8,477,187,290,ABELARDO DE LA ESPRIELLA,290,0.3713188220230474,11,8,4,423.0,446.0,0.174705636223293,1.0661513818618884,1216.0
46,800,CASANARE,SABANALARGA,2002,1982,1371,1,3,1,393,0,2,1,1,140,0,16,33,2,19,19,1371,393,978,ABELARDO DE LA ESPRIELLA,978,0.4934409687184662,19,19,1,810.0,849.0,0.1508094612928808,1.0172454601588947,2812.0
46,815,CASANARE,SACAMA,1102,1087,312,2,4,0,621,0,1,1,6,66,2,14,21,1,42,9,312,621,-309,IVAN CEPEDA,309,0.2842686292548298,42,9,6,824.0,881.0,0.23760930429865476,1.6115119360476367,1926.0
46,830,CASANARE,SAN LUIS DE PALENQUE,4243,4201,3127,4,18,0,533,1,4,5,19,315,7,44,74,6,63,23,3127,533,2594,ABELARDO DE LA ESPRIELLA,2594,0.617472030468936,63,23,19,2404.0,2509.0,0.13296713600396878,1.0408717976619153,6647.0
46,840,CASANARE,TAMARA,2669,2627,1684,5,16,0,469,3,5,12,22,330,5,24,23,8,43,20,1684,469,1215,ABELARDO DE LA ESPRIELLA,1215,0.4625047582794062,43,20,22,1943.0,2028.0,0.16664336690019918,1.269038955298071,4612.0
46,850,CASANARE,TAURAMENA,14757,14514,9652,6,62,3,3174,5,28,17,28,664,10,288,332,12,261,215,9652,3174,6478,ABELARDO DE LA ESPRIELLA,6478,0.4463276836158192,261,215,28,5535.0,6039.0,0.2100012385951709,1.8283042345019156,20292.0
46,865,CASANARE,TRINIDAD,5949,5887,4167,2,20,3,946,1,10,11,13,535,2,48,64,4,74,49,4167,946,3221,ABELARDO DE LA ESPRIELLA,3221,0.5471377611686767,74,49,13,3981.0,4117.0,0.15580835235794738,1.2968120635877662,9930.0
46,880,CASANARE,VILLANUEVA,20257,19647,11281,6,111,7,5436,7,32,28,41,1087,14,629,539,15,455,569,11281,5436,5845,ABELARDO DE LA ESPRIELLA,5845,0.2975008907212297,455,569,41,8392.0,9457.0,0.32148625025964395,2.9430832421639,28649.0
48,1,LA GUAJIRA,RIOHACHA,70779,69900,26917,48,193,17,37453,27,116,69,162,2147,29,391,1172,44,1277,717,26917,37453,-10536,IVAN CEPEDA,10536,0.1507296137339056,1277,717,162,85609.0,87765.0,0.6940124458171409,7.899547709492814,156388.0
48,2,LA GUAJIRA,ALBANIA,10030,9887,2387,9,22,11,7040,1,26,7,34,104,5,79,75,3,118,109,2387,7040,-4653,IVAN CEPEDA,4653,0.4706179832102761,118,109,34,12171.0,12432.0,0.19140101912651,1.80454976806713,22201.0
48,4,LA GUAJIRA,BARRANCAS,12260,12190,3419,9,24,3,8124,3,23,15,9,281,4,53,110,2,120,61,3419,8124,-4705,IVAN CEPEDA,4705,0.3859721082854799,120,61,9,15096.0,15286.0,0.23760393867898472,2.289256466364191,27356.0
48,5,LA GUAJIRA,DIBULLA,8879,8789,2752,12,17,2,5527,5,14,8,42,150,5,94,71,8,124,48,2752,5527,-2775,IVAN CEPEDA,2775,0.3157355785641142,124,48,42,15607.0,15821.0,0.27879576528640526,2.695719929466939,24486.0
48,6,LA GUAJIRA,EL MOLINO,4285,4233,1926,1,6,1,2114,2,9,1,9,73,1,20,29,1,49,43,1926,2114,-188,IVAN CEPEDA,188,0.044412945901252,49,43,9,4923.0,5024.0,1.5347271340261444,13.079222011898306,9208.0
48,7,LA GUAJIRA,FONSECA,15163,15065,4835,7,33,1,9393,3,22,7,20,293,12,61,173,10,215,78,4835,9393,-4558,IVAN CEPEDA,4558,0.3025555924327912,215,78,20,17232.0,17545.0,0.307791511695772,3.007917566168447,32395.0
48,8,LA GUAJIRA,DISTRACCION,4985,4948,1959,4,6,1,2764,1,7,4,12,80,3,29,28,3,59,25,1959,2764,-805,IVAN CEPEDA,805,0.1626919967663702,59,25,12,6600.0,6696.0,0.4926077047137668,4.339585675390687,11585.0
48,9,LA GUAJIRA,HATONUEVO,7266,7214,1844,6,14,2,5031,2,12,4,20,99,10,35,65,3,87,32,1844,5031,-3187,IVAN CEPEDA,3187,0.4417798724701968,87,32,20,9142.0,9281.0,0.1966426131964086,1.7964939410899001,16408.0
48,10,LA GUAJIRA,MAICAO,50548,49978,20966,51,148,20,25692,24,125,58,115,1048,48,308,599,55,836,455,20966,25692,-4726,IVAN CEPEDA,4726,0.0945616071071271,836,455,115,91448.0,92854.0,1.0347352623511954,11.836123940635352,141996.0
48,11,LA GUAJIRA,MANAURE,13466,13180,3967,16,62,20,7997,12,87,34,74,551,19,109,104,37,165,212,3967,7997,-4030,IVAN CEPEDA,4030,0.3057663125948406,165,212,74,50519.0,50970.0,0.30042887095067117,3.256352174190998,63985.0
48,12,LA GUAJIRA,LA JAGUA DEL PILAR,2586,2556,992,1,1,0,1435,2,4,1,7,43,0,15,21,1,40,23,992,1435,-443,IVAN CEPEDA,443,0.1733176838810641,40,23,7,2781.0,2851.0,0.4280323539534804,3.405329435296168,5367.0
48,13,LA GUAJIRA,SAN JUAN DEL CESAR,18906,18711,10232,10,28,1,7360,6,22,16,39,529,10,84,162,12,239,156,10232,7360,2872,ABELARDO DE LA ESPRIELLA,2872,0.1534925979370423,239,156,39,17652.0,18086.0,0.6016737413428351,5.898176836860846,36558.0
48,16,LA GUAJIRA,URIBIA,22886,22269,8026,45,94,30,12551,21,175,67,172,521,35,217,148,44,295,445,8026,12551,-4525,IVAN CEPEDA,4525,0.2031972697471822,295,445,172,108332.0,109244.0,0.4695649138529237,5.447586136348004,131218.0
48,18,LA GUAJIRA,URUMITA,5345,5310,2087,0,7,0,3036,4,3,0,7,47,2,15,41,0,68,28,2087,3036,-949,IVAN CEPEDA,949,0.1787193973634651,68,28,7,4038.0,4141.0,0.45451265425050347,3.785605918486582,9383.0
48,20,LA GUAJIRA,VILLANUEVA,10080,9962,4316,4,19,0,5027,4,16,9,16,246,7,37,148,5,124,102,4316,5027,-711,IVAN CEPEDA,711,0.071371210600281,124,102,16,10232.0,10474.0,1.1314362219914007,10.473418564856779,20312.0
50,1,GUAINIA,INIRIDA,9623,9524,3351,8,88,1,4926,11,19,26,28,598,6,113,164,13,200,71,3351,4926,-1575,IVAN CEPEDA,1575,0.1653716925661486,200,71,28,18256.0,18555.0,0.52241471048922,5.134578301327597,27879.0
50,70,GUAINIA,BARRANCOMINAS,1724,1700,124,4,15,1,1457,3,9,10,14,15,4,17,10,6,25,10,124,1457,-1333,IVAN CEPEDA,1333,0.7841176470588235,25,10,14,3760.0,3809.0,0.09367593857091085,0.7723941289292215,5484.0
50,73,GUAINIA,CACAHUAL,41,41,4,0,2,0,31,0,0,0,0,1,0,0,0,0,3,0,4,31,-27,IVAN CEPEDA,27,0.6585365853658537,3,0,0,224.0,227.0,0.055908228511352825,0.3035450960906995,265.0
50,78,GUAINIA,LA GUADALUPE,63,63,24,0,2,1,25,0,1,0,0,5,0,0,5,0,0,0,24,25,-1,IVAN CEPEDA,1,0.0158730158730158,0,0,0,148.0,148.0,1.6074210690285893,8.04344872046451,211.0
50,83,GUAINIA,MORICHAL (MORICHAL NUEVO),56,56,4,0,0,0,43,0,0,1,0,7,0,0,1,0,0,0,4,43,-39,IVAN CEPEDA,39,0.6964285714285714,0,0,0,182.0,182.0,0.05723227274993297,0.2981507323864192,238.0
50,87,GUAINIA,PANA PANA (CAMPO ALEGRE),247,246,36,0,4,0,144,0,0,3,1,39,0,1,3,2,14,0,36,144,-108,IVAN CEPEDA,108,0.4390243902439024,14,0,1,377.0,392.0,0.12269686138063395,0.7329676898618214,624.0
50,90,GUAINIA,PUERTO COLOMBIA,226,226,115,2,1,1,88,1,2,1,0,10,0,1,3,0,1,0,115,88,27,ABELARDO DE LA ESPRIELLA,27,0.1194690265486725,1,0,0,1048.0,1049.0,0.4190152781786732,2.914898824024736,1274.0
50,92,GUAINIA,SAN FELIPE,154,153,64,0,0,0,64,1,0,3,0,13,0,2,2,0,4,1,64,64,0,ABELARDO DE LA ESPRIELLA,0,0.0,4,1,0,771.0,776.0,5.0369526024136295,33.523137592993,925.0
52,1,META,VILLAVICENCIO,260921,258018,136730,62,1691,64,78547,150,346,255,200,20462,115,4433,11253,164,3746,2703,136730,78547,58183,ABELARDO DE LA ESPRIELLA,58183,0.2254997713337829,3746,2703,200,144128.0,150777.0,0.5291210447479334,6.309008553662693,405049.0
52,5,META,ACACIAS,59158,57447,30711,19,434,25,17424,49,108,61,82,3765,34,1613,2025,51,1128,1629,30711,17424,13287,ABELARDO DE LA ESPRIELLA,13287,0.231291451250718,1128,1629,82,19699.0,22538.0,0.4541659231185689,4.5521061469700435,78857.0
52,6,META,BARRANCA DE UPIA,3711,3611,1818,1,15,1,1226,2,3,4,6,280,2,121,55,1,82,94,1818,1226,592,ABELARDO DE LA ESPRIELLA,592,0.1639435059540293,82,94,6,2174.0,2356.0,0.47095847985850675,3.6570608393678325,5885.0
52,8,META,CABUYARO,4255,4160,2468,3,7,1,1065,0,9,7,11,280,5,157,57,1,100,84,2468,1065,1403,ABELARDO DE LA ESPRIELLA,1403,0.3372596153846154,100,84,11,2197.0,2392.0,0.23997926449791665,1.867111412607121,6452.0
52,10,META,CASTILLA LA NUEVA,10159,9888,5026,1,69,4,3122,6,12,14,17,763,6,379,270,12,204,254,5026,3122,1904,ABELARDO DE LA ESPRIELLA,1904,0.1925566343042071,204,254,17,3283.0,3758.0,0.45415339462317095,3.7385490730411357,13442.0
52,15,META,CUBARRAL,3933,3904,2654,1,11,0,740,0,3,2,3,320,3,51,65,5,49,26,2654,740,1914,ABELARDO DE LA ESPRIELLA,1914,0.4902663934426229,49,26,3,1925.0,2003.0,0.16531218508129308,1.2568520883626413,5858.0
52,20,META,CUMARAL,13359,13168,7338,6,58,2,3842,6,21,12,24,988,5,273,378,4,235,167,7338,3842,3496,ABELARDO DE LA ESPRIELLA,3496,0.2654921020656136,235,167,24,6573.0,6999.0,0.344315528125414,3.0484544877004343,19932.0
52,25,META,EL CALVARIO,774,769,527,3,2,0,87,0,2,0,1,111,1,9,20,0,7,4,527,87,440,ABELARDO DE LA ESPRIELLA,440,0.5721716514954487,7,4,1,710.0,722.0,0.11416547847657763,0.7515980638548692,1484.0
52,27,META,EL CASTILLO,3468,3401,1496,6,13,1,1529,2,4,10,10,158,2,61,37,2,80,57,1496,1529,-33,IVAN CEPEDA,33,0.0097030285210232,80,57,10,2871.0,3018.0,4.127344567500781,33.07109510634263,6339.0
52,28,META,EL DORADO,2601,2564,1652,0,8,0,547,2,0,1,10,253,2,29,36,3,31,27,1652,547,1105,ABELARDO DE LA ESPRIELLA,1105,0.4309672386895475,31,27,10,1329.0,1397.0,0.17801126861334193,1.2892996465465942,3930.0
52,30,META,FUENTE DE ORO,5889,5758,3214,1,22,0,1842,7,8,8,19,301,7,159,82,7,100,112,3214,1842,1372,ABELARDO DE LA ESPRIELLA,1372,0.2382771795762417,100,112,19,4167.0,4398.0,0.3487440586478786,2.9256601240300633,10056.0
52,35,META,GRANADA,36192,35468,19393,22,200,6,11123,25,47,51,77,2036,27,924,871,40,703,647,19393,11123,8270,ABELARDO DE LA ESPRIELLA,8270,0.2331679260178188,703,647,77,24347.0,25774.0,0.43083043582662023,4.376013802637842,60539.0
52,40,META,GUAMAL,10453,10270,6331,2,53,2,2443,3,5,10,30,680,7,269,302,5,158,153,6331,2443,3888,ABELARDO DE LA ESPRIELLA,3888,0.3785783836416748,158,153,30,3470.0,3811.0,0.2377147072000722,1.9601739064741364,13923.0
52,41,META,LA MACARENA,7367,7112,2132,9,56,4,4053,10,28,17,62,200,10,186,81,15,311,193,2132,4053,-1921,IVAN CEPEDA,1921,0.2701068616422947,311,193,62,4677.0,5243.0,0.3166534130127942,2.7120857687903595,12044.0
52,42,META,LEJANIAS,5201,5082,3018,4,19,0,1358,2,11,11,18,347,2,117,91,3,99,101,3018,1358,1660,ABELARDO DE LA ESPRIELLA,1660,0.3266430539157812,99,101,18,3831.0,4049.0,0.2534927371346206,2.105630363796422,9032.0
52,43,META,PUERTO GAITAN,35895,34430,14580,37,185,14,15043,36,81,50,123,1030,27,1586,697,43,1021,1342,14580,15043,-463,IVAN CEPEDA,463,0.0134475747894278,1021,1342,123,21657.0,24143.0,4.4553488768736385,44.96245050394564,57552.0
52,44,META,MESETAS,5332,5224,2060,4,30,1,2625,2,13,10,27,168,4,104,61,8,134,81,2060,2625,-565,IVAN CEPEDA,565,0.1081546707503828,134,81,27,4039.0,4281.0,0.7245765251988799,6.059036044539751,9371.0
52,45,META,PUERTO LOPEZ,16159,15806,8631,14,65,2,4893,12,20,24,47,1077,5,426,313,19,305,306,8631,4893,3738,ABELARDO DE LA ESPRIELLA,3738,0.2364924712134632,305,306,47,10195.0,10853.0,0.39223137774884403,3.6447272991122825,26354.0
52,46,META,MAPIRIPAN,2751,2670,1260,3,6,0,1211,1,6,6,20,67,1,52,17,4,36,61,1260,1211,49,ABELARDO DE LA ESPRIELLA,49,0.0183520599250936,36,61,20,3424.0,3541.0,2.782940017041429,22.743429287909027,6175.0
52,47,META,PUERTO CONCORDIA,3651,3555,1726,4,22,1,1359,6,9,6,18,185,6,115,39,8,69,78,1726,1359,367,ABELARDO DE LA ESPRIELLA,367,0.1032348804500703,69,78,18,3808.0,3973.0,0.7220735840524941,5.984205351413225,7459.0
52,48,META,PUERTO LLERAS,3868,3813,2259,5,12,2,1079,3,7,9,12,214,8,107,53,9,46,43,2259,1079,1180,ABELARDO DE LA ESPRIELLA,1180,0.3094676108051403,46,43,12,3422.0,3523.0,0.2581305117403682,2.1082427479824966,7290.0
52,49,META,PUERTO RICO,5049,4892,1987,14,38,1,2214,5,16,18,26,268,6,144,55,17,109,131,1987,2214,-227,IVAN CEPEDA,227,0.0464022894521668,109,131,26,4688.0,4954.0,1.5062439794210785,12.815353398935125,9737.0
52,50,META,RESTREPO,11725,11625,6950,11,54,0,3030,6,7,11,13,851,8,157,409,7,124,87,6950,3030,3920,ABELARDO DE LA ESPRIELLA,3920,0.3372043010752688,124,87,13,6786.0,7010.0,0.26961069374057,2.3874662196090393,18511.0
52,55,META,SAN CARLOS DE GUAROA,6174,6038,3223,4,29,1,1974,5,18,11,15,355,2,207,88,14,107,121,3223,1974,1249,ABELARDO DE LA ESPRIELLA,1249,0.2068565750248426,107,121,15,3724.0,3967.0,0.4014632119552088,3.326531187182744,9898.0
52,58,META,SAN JUAN DE ARAMA,3620,3570,1682,4,16,0,1376,2,8,5,10,304,1,61,40,3,68,40,1682,1376,306,ABELARDO DE LA ESPRIELLA,306,0.0857142857142857,68,40,10,2765.0,2883.0,0.8546896512412113,6.809255613213557,6385.0
52,59,META,SAN JUANITO,737,728,522,0,3,0,112,0,1,1,0,42,0,18,11,0,18,9,522,112,410,ABELARDO DE LA ESPRIELLA,410,0.5631868131868132,18,9,0,621.0,648.0,0.1150004427938627,0.7446776297028357,1358.0
52,60,META,SAN MARTIN DE LOS LLANOS,11784,11565,6590,3,60,2,3202,8,19,28,28,768,9,401,240,18,217,191,6590,3202,3388,ABELARDO DE LA ESPRIELLA,3388,0.2929528750540424,217,191,28,7276.0,7712.0,0.30882113388259547,2.7641537409947596,19060.0
52,74,META,URIBE,5040,4962,442,1,10,0,4282,2,13,4,20,61,1,41,36,1,68,58,442,4282,-3840,IVAN CEPEDA,3840,0.7738814993954051,68,58,20,2580.0,2726.0,0.1085593381416819,0.8588082975487691,7620.0
52,80,META,VISTA HERMOSA,7729,7495,3670,5,48,1,2894,4,16,15,33,372,6,164,86,20,194,201,3670,2894,776,ABELARDO DE LA ESPRIELLA,776,0.1035356904603068,194,201,33,6712.0,7140.0,0.7858431817999576,6.973264424567233,14441.0
54,1,GUAVIARE,SAN JOSE DEL GUAVIARE,25927,25271,12040,11,217,15,9150,32,65,55,102,1588,15,544,676,28,835,554,12040,9150,2890,ABELARDO DE LA ESPRIELLA,2890,0.1143603339796604,835,554,102,22398.0,23889.0,0.8151676678626434,8.217880716672875,48325.0
54,3,GUAVIARE,CALAMAR,3161,3080,1198,2,28,2,1434,5,9,10,16,122,8,81,57,11,113,65,1198,1434,-236,IVAN CEPEDA,236,0.0766233766233766,113,65,16,4101.0,4295.0,0.9273489226266021,7.757681433917465,7262.0
54,7,GUAVIARE,EL RETORNO,4703,4593,2609,2,37,3,1305,4,13,9,28,266,8,110,87,5,135,82,2609,1305,1304,ABELARDO DE LA ESPRIELLA,1304,0.2839102982799913,135,82,28,5348.0,5593.0,0.2869074827454968,2.4758537407594736,10051.0
54,12,GUAVIARE,MIRAFLORES,1160,1130,213,1,16,0,788,0,3,2,6,40,2,19,15,1,30,24,213,788,-575,IVAN CEPEDA,575,0.5088495575221239,30,24,6,2506.0,2566.0,0.13550859539504037,1.0638093040981909,3666.0
56,1,SAN ANDRES,SAN ANDRES,16896,16787,7404,10,64,1,7346,15,29,18,30,694,20,48,511,9,618,79,7404,7346,58,ABELARDO DE LA ESPRIELLA,58,0.0034550545064633,618,79,30,32047.0,32774.0,7.230308595019304,75.17656465383808,48943.0
56,4,SAN ANDRES,PROVIDENCIA,1221,1213,389,1,6,1,590,3,2,4,1,132,3,4,24,3,51,7,389,590,-201,IVAN CEPEDA,201,0.1657048639736191,51,7,1,3626.0,3685.0,0.4041820932564344,3.3192634477735337,4847.0
60,1,AMAZONAS,LETICIA,20991,20715,7328,25,187,7,10415,20,54,39,73,1414,25,303,476,21,401,203,7328,10415,-3087,IVAN CEPEDA,3087,0.1490224475018103,401,203,73,24233.0,24910.0,0.624984823443284,6.326761836715357,45224.0
60,7,AMAZONAS,PUERTO NARIÑO,2243,2204,327,9,19,4,1629,5,4,8,24,112,7,24,9,4,43,15,327,1629,-1302,IVAN CEPEDA,1302,0.5907441016333939,43,15,24,2929.0,3011.0,0.1281491198490197,1.0265205309942254,5172.0
60,10,AMAZONAS,EL ENCANTO,271,270,37,0,3,0,216,0,2,1,1,8,1,0,1,1,0,0,37,216,-179,IVAN CEPEDA,179,0.662962962962963,0,0,1,489.0,490.0,0.08324557411323716,0.5158265488788519,760.0
60,13,AMAZONAS,LA CHORRERA,587,585,25,0,1,0,544,0,0,0,0,12,0,1,0,0,2,2,25,544,-519,IVAN CEPEDA,519,0.8871794871794871,2,2,0,545.0,549.0,0.07103728830908931,0.44823948393716945,1132.0
60,16,AMAZONAS,LA PEDRERA,405,400,49,0,3,0,327,1,2,3,2,7,1,1,3,0,3,3,49,327,-278,IVAN CEPEDA,278,0.695,3,3,2,943.0,951.0,0.08502072946534141,0.5831202023434465,1348.0
60,17,AMAZONAS,LA VICTORIA,29,29,0,0,0,0,28,0,0,0,0,0,0,0,0,0,1,0,0,28,-28,IVAN CEPEDA,28,0.9655172413793104,1,0,0,46.0,47.0,0.03486557938077148,0.13497166614473188,75.0
60,19,AMAZONAS,MIRITI PARANA,96,96,4,0,0,0,89,0,0,0,0,1,0,0,0,0,2,0,4,89,-85,IVAN CEPEDA,85,0.8854166666666666,2,0,0,464.0,466.0,0.051090304087520334,0.3140178307963271,560.0
60,21,AMAZONAS,PUERTO SANTANDER,133,132,19,0,2,0,93,0,0,0,0,14,0,0,2,0,2,1,19,93,-74,IVAN CEPEDA,74,0.5606060606060606,2,1,0,439.0,442.0,0.08570447224180451,0.5222461812103324,572.0
60,22,AMAZONAS,TARAPACA,500,494,69,3,2,0,356,1,4,2,1,16,0,12,3,1,25,5,69,356,-287,IVAN CEPEDA,287,0.5809716599190283,25,5,1,1107.0,1138.0,0.10498909141292502,0.7389033525519263,1607.0
60,30,AMAZONAS,PUERTO ALEGRIA,112,112,14,0,0,0,94,0,0,0,0,3,1,0,0,0,0,0,14,94,-80,IVAN CEPEDA,80,0.7142857142857143,0,0,0,177.0,177.0,0.06526965430174829,0.3382132209940503,289.0
60,40,AMAZONAS,PUERTO ARICA,190,190,15,1,1,1,163,0,0,0,0,9,0,0,0,0,0,0,15,163,-148,IVAN CEPEDA,148,0.7789473684210526,0,0,0,345.0,345.0,0.06657317887450698,0.38921601435077136,535.0
64,1,PUTUMAYO,MOCOA,25252,25001,5426,6,86,5,17187,6,21,18,37,1099,17,213,493,18,406,214,5426,17187,-11761,IVAN CEPEDA,11761,0.4704211831526739,406,214,37,18128.0,18785.0,0.2107881886930103,2.0743385702654478,43380.0
64,2,PUTUMAYO,PUERTO ASIS,26863,26197,5145,14,152,9,18004,27,55,40,131,855,19,483,501,56,837,535,5145,18004,-12859,IVAN CEPEDA,12859,0.4908577318013513,837,535,131,26725.0,28228.0,0.2031203215006483,2.0815984021383604,53588.0
64,4,PUTUMAYO,PUERTO LEGUIZAMO,5532,5422,1978,7,28,5,2867,5,22,16,41,185,8,72,90,11,128,69,1978,2867,-889,IVAN CEPEDA,889,0.1639616377720398,128,69,41,10190.0,10428.0,0.49427014811785425,4.573158262831319,15722.0
64,7,PUTUMAYO,COLON,2870,2848,663,0,10,1,1878,1,1,9,3,184,1,14,39,1,46,19,663,1878,-1215,IVAN CEPEDA,1215,0.4266151685393258,46,19,3,1864.0,1932.0,0.18219072326575453,1.3786059534548751,4734.0
64,13,PUTUMAYO,SAN FRANCISCO,2933,2903,698,9,8,0,1851,0,2,1,6,208,0,13,51,4,58,24,698,1851,-1153,IVAN CEPEDA,1153,0.3971753358594557,58,24,6,1910.0,1998.0,0.19583318717263884,1.488411012959578,4843.0
64,16,PUTUMAYO,SANTIAGO,3702,3655,646,0,10,1,2767,1,3,0,15,107,0,23,34,1,62,32,646,2767,-2121,IVAN CEPEDA,2121,0.5803009575923392,62,32,15,3013.0,3122.0,0.13898207053629405,1.1183260903476884,6715.0
64,18,PUTUMAYO,SAN MIGUEL (LA DORADA),7353,7211,698,2,35,8,5752,5,16,8,29,192,6,133,109,54,193,113,698,5752,-5054,IVAN CEPEDA,5054,0.7008736652336708,193,113,29,8569.0,8904.0,0.12496596819918933,1.1364865267385345,15922.0
64,19,PUTUMAYO,SIBUNDOY,7266,7196,1467,0,34,2,5006,3,5,5,20,381,1,33,123,5,131,50,1467,5006,-3539,IVAN CEPEDA,3539,0.4918010005558643,131,50,20,4092.0,4293.0,0.17699086972065647,1.4805240196345302,11358.0
64,23,PUTUMAYO,ORITO,16064,15852,1925,3,60,4,12783,4,28,18,57,340,11,204,215,34,223,155,1925,12783,-10858,IVAN CEPEDA,10858,0.684960888215998,223,155,57,15803.0,16238.0,0.1391605513321692,1.3491853465549992,31867.0
64,25,PUTUMAYO,PUERTO GUZMAN,5417,5297,1159,3,37,4,3573,5,17,14,31,161,6,86,47,11,174,89,1159,3573,-2414,IVAN CEPEDA,2414,0.4557296582971493,174,89,31,7446.0,7740.0,0.18412150733936844,1.6486766644125728,12863.0
64,26,PUTUMAYO,PUERTO CAICEDO,4914,4806,795,3,24,0,3513,1,9,11,24,165,3,70,79,10,123,84,795,3513,-2718,IVAN CEPEDA,2718,0.5655430711610487,123,84,24,5892.0,6123.0,0.1473013731325364,1.2844636661488993,10806.0
64,28,PUTUMAYO,VALLE DEL GUAMUEZ (LA HORMIGA),15293,15068,1768,7,53,7,12120,3,27,15,63,187,11,192,190,166,322,162,1768,12120,-10352,IVAN CEPEDA,10352,0.6870188478895672,322,162,63,15155.0,15702.0,0.13802201994317334,1.3335145217504574,30448.0
64,30,PUTUMAYO,VILLAGARZON,11035,10845,2719,3,45,4,7115,5,16,15,34,350,3,161,160,15,234,156,2719,7115,-4396,IVAN CEPEDA,4396,0.4053480866758875,234,156,34,10169.0,10593.0,0.22370517465875725,2.0733091964270676,21204.0
68,1,VAUPES,MITU,7511,7450,1206,3,52,6,5531,4,43,13,23,291,12,39,121,8,121,38,1206,5531,-4325,IVAN CEPEDA,4325,0.5805369127516778,121,38,23,12482.0,12664.0,0.15098300102881068,1.4262756494880011,19993.0
68,4,VAUPES,CARURU,541,535,57,0,7,0,413,1,5,3,2,24,0,9,8,1,7,4,57,413,-356,IVAN CEPEDA,356,0.6654205607476635,7,4,2,1202.0,1215.0,0.0930403148242114,0.6608953209951962,1743.0
68,10,VAUPES,MORICHAL (PAPUNAGUA),85,85,17,0,2,0,61,0,1,0,0,0,2,0,1,0,1,0,17,61,-44,IVAN CEPEDA,44,0.5176470588235295,1,0,0,101.0,102.0,0.08441906804493825,0.3912595018272054,186.0
68,13,VAUPES,BUENOS AIRES (PACOA),356,353,7,0,3,0,330,0,2,0,2,3,0,1,3,2,2,1,7,330,-323,IVAN CEPEDA,323,0.9150141643059492,2,1,2,897.0,902.0,0.06345088691195976,0.43182913209103513,1253.0
68,17,VAUPES,TARAIRA,406,402,85,0,3,1,278,0,0,0,1,14,0,2,11,0,8,3,85,278,-193,IVAN CEPEDA,193,0.4800995024875621,8,3,1,1470.0,1482.0,0.12240242096754476,0.8937607321525908,1876.0
68,22,VAUPES,YAVARATE,355,353,7,0,2,1,319,0,2,0,2,12,3,1,3,1,2,0,7,319,-312,IVAN CEPEDA,312,0.8838526912181303,2,0,2,704.0,708.0,0.06566291035198626,0.43100185700206867,1059.0
72,1,VICHADA,PUERTO CARREÑO,8568,8443,4399,13,48,3,2767,10,28,19,33,614,10,158,176,8,190,92,4399,2767,1632,ABELARDO DE LA ESPRIELLA,1632,0.1932962217221366,190,92,33,12669.0,12984.0,0.44473091198545023,4.212291124605496,21237.0
72,2,VICHADA,SANTA ROSALIA,1658,1640,1206,0,10,0,289,1,2,1,9,73,2,25,7,0,24,9,1206,289,917,ABELARDO DE LA ESPRIELLA,917,0.5591463414634147,24,9,9,1799.0,1841.0,0.130073068238566,0.977968309571785,3457.0
72,6,VICHADA,CUMARIBO,7857,7756,1230,13,28,3,6066,4,35,14,45,132,19,82,44,14,72,56,1230,6066,-4836,IVAN CEPEDA,4836,0.6235172769468799,72,56,45,17441.0,17614.0,0.1413750069083255,1.3821536161226498,25298.0
72,8,VICHADA,LA PRIMAVERA,3488,3468,2499,3,6,0,647,4,5,1,8,135,4,47,66,3,48,12,2499,647,1852,ABELARDO DE LA ESPRIELLA,1852,0.5340253748558247,48,12,8,3875.0,3943.0,0.14983899692417946,1.240659509825505,7363.0
88,115,CONSULADOS,GHANA,45,45,16,0,2,0,21,0,0,0,0,4,0,0,2,0,0,0,16,21,-5,IVAN CEPEDA,5,0.1111111111111111,0,0,0,31.0,31.0,0.31612635383854915,1.0956104543194298,76.0
88,120,CONSULADOS,ALEMANIA,12005,11994,2500,2,362,2,5649,10,6,4,0,1464,1,14,1843,4,133,11,2500,5649,-3149,IVAN CEPEDA,3149,0.2625479406369851,133,11,0,8893.0,9037.0,0.3446089210332215,3.139109236679153,20898.0
88,130,CONSULADOS,ARGELIA,8,8,2,0,0,0,2,0,0,0,0,0,0,0,4,0,0,0,2,2,0,ABELARDO DE LA ESPRIELLA,0,0.0,0,0,0,14.0,14.0,2.1972245773362196,5.950194458522068,22.0
88,135,CONSULADOS,AZERBAIYAN,22,22,3,0,1,0,11,0,0,0,0,4,0,0,3,0,0,0,3,11,-8,IVAN CEPEDA,8,0.3636363636363636,0,0,0,12.0,12.0,0.08391833667936897,0.21524628374498836,34.0
88,140,CONSULADOS,CURAZAO,1191,1184,801,1,4,0,293,0,0,0,3,38,0,9,25,1,12,4,801,293,508,ABELARDO DE LA ESPRIELLA,508,0.429054054054054,12,4,3,1743.0,1762.0,0.16119878607698465,1.2049242020045499,2934.0
88,155,CONSULADOS,ARGENTINA,10374,10356,3817,3,170,0,4499,8,2,8,0,908,8,13,779,3,138,18,3817,4499,-682,IVAN CEPEDA,682,0.0658555426805716,138,18,0,11064.0,11220.0,1.2188190304723572,11.366148426744127,21438.0
88,160,CONSULADOS,ARUBA,3515,3505,2377,0,24,0,773,1,1,4,2,203,1,30,67,2,22,8,2377,773,1604,ABELARDO DE LA ESPRIELLA,1604,0.4576319543509272,22,8,2,3569.0,3601.0,0.1745439119277114,1.4293827752545398,7084.0
88,165,CONSULADOS,AUSTRALIA,20296,20274,6933,1,376,4,8565,9,12,5,0,1431,2,49,2580,11,296,22,6933,8565,-1632,IVAN CEPEDA,1632,0.0804971885173128,296,22,0,11825.0,12143.0,1.0958510470285372,10.3060303459001,32121.0
88,170,CONSULADOS,AUSTRIA,1640,1640,416,0,45,0,802,3,0,2,0,161,0,0,189,0,22,0,416,802,-386,IVAN CEPEDA,386,0.2353658536585365,22,0,0,1213.0,1235.0,0.30171521345397,2.1481023862389828,2853.0
88,190,CONSULADOS,BELGICA,2656,2655,801,0,64,0,1161,2,1,1,1,350,3,7,236,2,27,0,801,1161,-360,IVAN CEPEDA,360,0.135593220338983,27,0,1,2398.0,2426.0,0.5415483284344393,4.221050359591904,5054.0
88,215,CONSULADOS,BOLIVIA,645,644,439,0,3,0,125,0,1,0,0,39,1,15,19,0,2,1,439,125,314,ABELARDO DE LA ESPRIELLA,314,0.4875776397515527,2,1,0,1173.0,1176.0,0.13001489214881032,0.919299432219438,1818.0
88,220,CONSULADOS,BRASIL,4170,4159,1418,0,72,0,1895,2,1,3,1,440,0,10,270,2,46,10,1418,1895,-477,IVAN CEPEDA,477,0.1146910314979562,46,10,1,5094.0,5151.0,0.6683135309047386,5.712169491500925,9264.0
88,250,CONSULADOS,CANADA,42038,42006,21109,10,695,4,11879,13,12,11,8,4353,9,84,3443,12,372,24,21109,11879,9230,ABELARDO DE LA ESPRIELLA,9230,0.2197305146883778,372,24,8,31199.0,31603.0,0.4633947546970517,4.801251113690395,73237.0
88,275,CONSULADOS,COREA DEL SUR,252,252,96,0,9,0,82,0,0,0,0,34,0,0,30,0,1,0,96,82,14,ABELARDO DE LA ESPRIELLA,14,0.0555555555555555,1,0,0,176.0,177.0,0.8440763626872495,4.373821011363165,428.0
88,285,CONSULADOS,COSTA RICA,5712,5702,3788,1,39,2,1060,2,2,1,2,495,0,12,276,2,22,8,3788,1060,2728,ABELARDO DE LA ESPRIELLA,2728,0.478428621536303,22,8,2,6136.0,6168.0,0.1770729078888288,1.5453669776071481,11848.0
88,290,CONSULADOS,CUBA,608,606,120,0,2,0,449,0,0,0,1,14,0,0,13,0,8,1,120,449,-329,IVAN CEPEDA,329,0.5429042904290429,8,1,1,308.0,318.0,0.11590665693852015,0.6682240273354916,916.0
88,305,CONSULADOS,CHILE,18348,18233,7897,9,204,5,7341,21,11,19,15,1558,9,182,738,13,226,100,7897,7341,556,ABELARDO DE LA ESPRIELLA,556,0.0304941589425766,226,100,15,26905.0,27246.0,2.4228292470668564,24.743625107384442,45253.0
88,315,CONSULADOS,CHINA REPUBLICA POPULAR,720,720,300,0,12,0,226,2,0,0,0,99,0,1,63,0,17,0,300,226,74,ABELARDO DE LA ESPRIELLA,74,0.1027777777777777,17,0,0,568.0,585.0,0.5835049481336412,3.7188636332562433,1288.0
88,325,CONSULADOS,DINAMARCA,665,664,123,0,32,0,304,0,1,0,1,103,0,1,90,0,10,0,123,304,-181,IVAN CEPEDA,181,0.2725903614457831,10,0,1,413.0,424.0,0.2300073862180499,1.392025210902875,1078.0
88,330,CONSULADOS,ECUADOR,9367,9228,5035,15,86,4,2505,14,45,48,47,1008,12,51,242,48,115,92,5035,2505,2530,ABELARDO DE LA ESPRIELLA,2530,0.2741655830082358,115,92,47,33990.0,34244.0,0.32129527730319707,3.3547390447696452,43357.0
88,335,CONSULADOS,EGIPTO,161,161,91,0,4,0,38,0,0,1,0,14,2,0,8,0,3,0,91,38,53,ABELARDO DE LA ESPRIELLA,53,0.3291925465838509,3,0,0,292.0,295.0,0.14999139534378575,0.853504954561769,453.0
88,340,CONSULADOS,EL SALVADOR,441,441,279,0,12,0,60,0,3,1,0,57,0,1,24,0,4,0,279,60,219,ABELARDO DE LA ESPRIELLA,219,0.4965986394557823,4,0,0,407.0,411.0,0.12023936520282283,0.7239640253971612,848.0
88,350,CONSULADOS,EMIRATOS ARABES UNIDOS,2542,2539,1664,0,31,0,446,0,0,0,0,225,0,19,130,0,24,3,1664,446,1218,ABELARDO DE LA ESPRIELLA,1218,0.4797164237888933,24,3,0,1988.0,2015.0,0.16009100326584536,1.2181117327472528,4530.0
88,355,CONSULADOS,ESPAÑA,127637,127207,51858,36,1233,27,54162,74,72,66,46,11073,46,977,6053,75,1455,384,51858,54162,-2304,IVAN CEPEDA,2304,0.0181122108060091,1455,384,46,180359.0,182244.0,4.180951438539959,50.64431303428935,307996.0
88,360,CONSULADOS,ESTADOS UNIDOS,216105,215917,155816,14,1267,16,32324,32,61,58,33,17507,21,489,7525,64,723,155,155816,32324,123492,ABELARDO DE LA ESPRIELLA,123492,0.5719419962300328,723,155,33,238157.0,239068.0,0.21106319984687882,2.613913779826279,454262.0
88,370,CONSULADOS,REPUBLICA DE FILIPINAS,91,91,37,0,3,0,29,0,0,1,0,14,0,0,6,0,1,0,37,29,8,ABELARDO DE LA ESPRIELLA,8,0.0879120879120879,1,0,0,94.0,95.0,0.4618212800353117,2.107913124310536,185.0
88,375,CONSULADOS,FINLANDIA,302,302,70,0,9,0,141,0,0,1,0,40,1,1,35,0,4,0,70,141,-71,IVAN CEPEDA,71,0.2350993377483443,4,0,0,252.0,256.0,0.23311906339689675,1.2935954196288924,554.0
88,380,CONSULADOS,FRANCIA,14271,14259,3607,5,357,2,6699,5,6,5,1,1670,2,50,1690,5,156,11,3607,6699,-3092,IVAN CEPEDA,3092,0.2168455010870327,156,11,1,12610.0,12778.0,0.42166204082215625,3.9870500847817265,26881.0
88,410,CONSULADOS,GUATEMALA,1308,1307,932,0,18,0,138,1,0,1,0,133,0,4,72,2,6,1,932,138,794,ABELARDO DE LA ESPRIELLA,794,0.6074980872226473,6,1,0,999.0,1006.0,0.11621500828114546,0.8035955079591801,2307.0
88,430,CONSULADOS,HAITI,14,14,3,0,0,0,8,0,0,0,0,1,0,0,0,1,1,0,3,8,-5,IVAN CEPEDA,5,0.3571428571428571,1,0,0,10.0,11.0,0.07376012220900963,0.1832870181663436,24.0
88,435,CONSULADOS,PAISES BAJOS,3139,3137,986,0,93,0,1121,1,2,1,0,495,2,1,402,0,33,2,986,1121,-135,IVAN CEPEDA,135,0.043034746573159,33,2,0,3415.0,3450.0,1.5181256541287556,12.36728816368529,6554.0
88,440,CONSULADOS,HONDURAS,313,313,200,0,3,0,47,0,0,0,0,46,0,0,17,0,0,0,200,47,153,ABELARDO DE LA ESPRIELLA,153,0.4888178913738019,0,0,0,467.0,467.0,0.11526036025038644,0.7086746707755476,780.0
88,445,CONSULADOS,HUNGRIA,246,246,54,0,6,0,106,0,0,0,0,31,0,1,38,0,10,0,54,106,-52,IVAN CEPEDA,52,0.2113821138211382,10,0,0,144.0,154.0,0.24886329981830382,1.2551234169830385,390.0
88,455,CONSULADOS,INDIA,32,32,12,0,1,0,9,0,0,0,0,3,0,0,6,0,1,0,12,9,3,ABELARDO DE LA ESPRIELLA,3,0.09375,1,0,0,63.0,64.0,0.3370127770088174,1.4068218461377842,95.0
88,460,CONSULADOS,INDONESIA,35,35,11,0,0,0,8,0,0,0,0,13,0,0,3,0,0,0,11,8,3,ABELARDO DE LA ESPRIELLA,3,0.0857142857142857,0,0,0,66.0,66.0,0.374397501032728,1.574226409310733,101.0
88,465,CONSULADOS,INGLATERRA,11654,11638,5175,6,180,0,3788,3,1,1,5,1622,12,53,717,3,77,11,5175,3788,1387,ABELARDO DE LA ESPRIELLA,1387,0.1191785530159821,77,11,5,11677.0,11770.0,0.7247423498994982,6.7932957089020904,23331.0
88,470,CONSULADOS,IRLANDA,603,603,171,0,30,0,247,0,0,0,0,94,0,1,57,0,3,0,171,247,-76,IVAN CEPEDA,76,0.1260364842454394,3,0,0,318.0,321.0,0.4707247642758376,2.718224415075065,921.0
88,490,CONSULADOS,ISRAEL,897,895,728,0,3,0,92,0,0,1,0,44,0,6,19,0,2,2,728,92,636,ABELARDO DE LA ESPRIELLA,636,0.7106145251396648,2,2,0,1414.0,1418.0,0.09433532319734185,0.6846581993967218,2311.0
88,495,CONSULADOS,ITALIA,8452,8437,3087,2,137,2,3313,6,5,3,0,851,1,37,885,5,103,15,3087,3313,-226,IVAN CEPEDA,226,0.0267867725494844,103,15,0,11277.0,11395.0,2.4575411122362767,22.955935017107308,19729.0
88,500,CONSULADOS,JAMAICA,140,140,82,0,0,0,39,0,0,1,0,15,0,0,2,0,1,0,82,39,43,ABELARDO DE LA ESPRIELLA,43,0.3071428571428571,1,0,0,206.0,207.0,0.15604197852543777,0.8328800024114594,346.0
88,505,CONSULADOS,JAPON,526,525,227,0,18,0,182,0,0,1,1,48,0,1,38,0,10,0,227,182,45,ABELARDO DE LA ESPRIELLA,45,0.0857142857142857,10,0,1,933.0,944.0,0.6545837087934923,4.484674039468928,1459.0
88,515,CONSULADOS,KENIA,68,68,16,0,3,0,25,0,0,0,0,15,0,0,9,0,0,0,16,25,-9,IVAN CEPEDA,9,0.1323529411764706,0,0,0,55.0,55.0,0.29743723379402237,1.197289471940354,123.0
88,535,CONSULADOS,LIBANO,123,123,58,0,0,0,24,0,0,0,0,36,0,0,2,0,3,0,58,24,34,ABELARDO DE LA ESPRIELLA,34,0.2764227642276423,3,0,0,1327.0,1330.0,0.16829254401629848,1.2106436872316815,1450.0
88,560,CONSULADOS,MALASIA,101,101,46,0,2,0,18,0,0,0,0,28,0,0,5,0,2,0,46,18,28,ABELARDO DE LA ESPRIELLA,28,0.2772277227722772,2,0,0,62.0,64.0,0.16102111483685327,0.6721644919593638,163.0
88,580,CONSULADOS,MARRUECOS,34,34,12,0,1,0,7,0,0,0,0,8,0,0,6,0,0,0,12,7,5,ABELARDO DE LA ESPRIELLA,5,0.1470588235294117,0,0,0,38.0,38.0,0.22637047582516875,0.8293221930492065,72.0
88,590,CONSULADOS,MEXICO,12324,12319,6119,1,153,4,3081,0,1,5,0,2013,2,11,849,2,78,5,6119,3081,3038,ABELARDO DE LA ESPRIELLA,3038,0.2466109262115431,78,5,0,9702.0,9785.0,0.3670529301360597,3.3727422219370644,22026.0
88,620,CONSULADOS,NICARAGUA,112,112,76,0,1,0,24,0,0,0,0,6,0,0,5,0,0,0,76,24,52,ABELARDO DE LA ESPRIELLA,52,0.4642857142857143,0,0,0,175.0,175.0,0.09967383955116381,0.5153619921232931,287.0
88,625,CONSULADOS,NUEVA ZELANDIA,1299,1297,448,0,33,0,494,2,1,0,0,149,0,2,140,0,28,2,448,494,-46,IVAN CEPEDA,46,0.0354664610639938,28,2,0,1035.0,1065.0,1.57667426263379,10.992050456683177,2334.0
88,635,CONSULADOS,NORUEGA,568,567,145,0,18,0,258,1,0,0,0,89,0,0,48,0,8,1,145,258,-113,IVAN CEPEDA,113,0.1992945326278659,8,1,0,616.0,625.0,0.3030237502666971,1.9512760987319995,1184.0
88,655,CONSULADOS,PANAMA,11042,11028,7161,1,66,2,2052,4,6,8,3,1157,4,52,448,5,62,11,7161,2052,5109,ABELARDO DE LA ESPRIELLA,5109,0.4632752992383025,62,11,3,18154.0,18230.0,0.19667798977227544,1.9295839047072187,29196.0
88,665,CONSULADOS,PARAGUAY,371,371,248,0,2,0,77,1,0,0,0,32,0,1,10,0,0,0,248,77,171,ABELARDO DE LA ESPRIELLA,171,0.4609164420485175,0,0,0,434.0,434.0,0.12568883406418277,0.763603159183997,805.0
88,670,CONSULADOS,PERU,3468,3464,1964,2,49,0,654,0,1,1,0,530,0,21,210,3,29,4,1964,654,1310,ABELARDO DE LA ESPRIELLA,1310,0.378175519630485,29,4,0,5686.0,5719.0,0.20996862242582065,1.8165905876042703,9154.0
88,675,CONSULADOS,POLONIA,1065,1063,282,0,14,0,622,1,0,0,0,59,0,14,54,0,17,2,282,622,-340,IVAN CEPEDA,340,0.3198494825964252,17,2,0,2502.0,2521.0,0.2113021556086299,1.6550891127091827,3567.0
88,680,CONSULADOS,PORTUGAL,3190,3178,1176,0,38,1,1329,3,1,2,1,267,1,10,299,2,49,11,1176,1329,-153,IVAN CEPEDA,153,0.0481434864694776,49,11,1,2150.0,2211.0,1.3869691087658056,10.68195391343795,5340.0
88,683,CONSULADOS,PUERTO RICO,1193,1191,699,0,10,0,274,1,1,0,0,129,0,3,70,0,4,2,699,274,425,ABELARDO DE LA ESPRIELLA,425,0.3568429890848026,4,2,0,1148.0,1154.0,0.19309045172968642,1.3616459877690827,2341.0
88,685,CONSULADOS,REPUBLICA DOMINICANA,2105,2101,1399,0,27,0,328,3,1,1,1,234,0,3,90,0,15,3,1399,328,1071,ABELARDO DE LA ESPRIELLA,1071,0.509757258448358,15,3,1,1917.0,1936.0,0.14719649272963545,1.114114895490057,4022.0
88,688,CONSULADOS,REPUBLICA DE SINGAPUR,196,196,86,0,1,0,32,0,0,0,0,52,0,0,22,0,3,0,86,32,54,ABELARDO DE LA ESPRIELLA,54,0.2755102040816326,3,0,0,142.0,145.0,0.18504430500940777,0.9221880237543016,338.0
88,690,CONSULADOS,REPUBLICA SOCIALISTA DE VIETNA,33,33,8,0,0,0,17,0,0,0,0,4,0,0,3,0,1,0,8,17,-9,IVAN CEPEDA,9,0.2727272727272727,1,0,0,51.0,52.0,0.1247265780410861,0.4952009242015518,84.0
88,700,CONSULADOS,RUSIA,175,175,31,0,4,0,111,0,0,0,0,11,0,0,11,0,7,0,31,111,-80,IVAN CEPEDA,80,0.4571428571428571,7,0,0,646.0,653.0,0.11068314362466992,0.7175707021154906,821.0
88,745,CONSULADOS,SUDAFRICA,110,110,53,0,6,0,21,1,0,0,0,22,0,0,6,0,1,0,53,21,32,ABELARDO DE LA ESPRIELLA,32,0.2909090909090909,1,0,0,106.0,107.0,0.15651006711309873,0.732800672589547,216.0
88,755,CONSULADOS,SUECIA,1518,1515,384,0,39,0,815,1,2,0,2,165,0,6,88,0,15,1,384,815,-431,IVAN CEPEDA,431,0.2844884488448845,15,1,2,2230.0,2248.0,0.24869670083596346,1.9195010610093077,3748.0
88,760,CONSULADOS,SUIZA,4515,4510,1672,1,80,0,1766,1,1,2,2,580,0,13,363,1,30,3,1672,1766,-94,IVAN CEPEDA,94,0.0208425720620842,30,3,2,4557.0,4592.0,2.7281363306766315,23.004433110462653,9072.0
88,765,CONSULADOS,TAILANDIA,114,114,46,0,2,0,43,0,0,0,0,10,0,0,13,0,0,0,46,43,3,ABELARDO DE LA ESPRIELLA,3,0.0263157894736842,0,0,0,74.0,74.0,1.3065755136072723,5.641124249436998,188.0
88,770,CONSULADOS,TURQUIA,225,225,57,0,2,0,119,0,0,0,0,27,0,0,17,0,3,0,57,119,-62,IVAN CEPEDA,62,0.2755555555555555,3,0,0,216.0,219.0,0.18982418285389333,1.0238409416045868,441.0
88,785,CONSULADOS,TRINIDAD Y TOBAGO,160,160,91,0,3,0,31,1,0,0,0,13,0,0,16,0,5,0,91,31,60,ABELARDO DE LA ESPRIELLA,60,0.375,5,0,0,158.0,163.0,0.13198452896063542,0.6731034682385353,318.0
88,805,CONSULADOS,URUGUAY,783,781,317,0,8,0,313,1,0,1,0,83,0,2,44,0,12,2,317,313,4,ABELARDO DE LA ESPRIELLA,4,0.0051216389244558,12,2,0,748.0,762.0,4.405511051960963,29.24051361154034,1531.0
88,815,CONSULADOS,VENEZUELA,21751,21601,14313,61,117,10,4352,22,61,81,69,2128,31,71,199,84,71,81,14313,4352,9961,ABELARDO DE LA ESPRIELLA,9961,0.4611360585158094,71,81,69,159031.0,159252.0,0.21183989214112578,2.5374710633846966,180782.0
16,160001,BOGOTA D.C.,ZONA 01 - LOCALIDAD 1 USAQUÉN,329418,328335,172062,39,5495,34,71061,89,255,221,76,47921,103,793,26244,192,3826,1007,172062,71061,101001,ABELARDO DE LA ESPRIELLA,101001,0.3076156973822468,3826,1007,76,114920.0,119829.0,0.3999107367163307,4.6764879106641155,444338.0
16,160002,BOGOTA D.C.,ZONA 02 - LOCALIDAD 2 CHAPINERO,110683,110421,48915,24,2078,11,27739,32,105,56,21,21242,62,195,8776,56,1130,241,48915,27739,21176,ABELARDO DE LA ESPRIELLA,21176,0.1917751152407603,1130,241,21,57488.0,58880.0,0.5754953803138265,6.320823296339314,168171.0
16,160003,BOGOTA D.C.,ZONA 03 - LOCALIDAD 3 SANTA FE,56798,56136,15041,18,1305,17,30310,39,98,69,50,4501,35,291,3379,42,991,612,15041,30310,-15269,IVAN CEPEDA,15269,0.2720001425110446,991,612,50,42253.0,43906.0,0.3877852795845924,4.1453583428540695,99051.0
16,160004,BOGOTA D.C.,ZONA 04 - LOCALIDAD 4 SAN CRISTÓBAL,187491,184625,47615,92,5646,43,104832,185,387,270,162,12151,107,1385,8076,162,3674,2704,47615,104832,-57217,IVAN CEPEDA,57217,0.3099092755585647,3674,2704,162,99184.0,105724.0,0.3790476976646366,4.3850499300710375,286675.0
16,160005,BOGOTA D.C.,ZONA 05 - LOCALIDAD 5 USME,168288,165493,39667,90,4867,88,99723,161,336,231,212,9339,108,1587,5836,113,3347,2583,39667,99723,-60056,IVAN CEPEDA,60056,0.3628914818149408,3347,2583,212,90020.0,96162.0,0.3222570320157997,3.6975127169553335,258308.0
16,160006,BOGOTA D.C.,ZONA 06 - LOCALIDAD 6 TUNJUELITO,104808,103665,35501,37,2827,18,49472,74,163,123,63,7454,46,701,5219,86,1944,1080,35501,49472,-13971,IVAN CEPEDA,13971,0.1347706554767761,1944,1080,63,52590.0,55677.0,0.79773966855162,8.717172888761995,157398.0
16,160007,BOGOTA D.C.,ZONA 07 - LOCALIDAD 7 BOSA,337313,332995,91586,137,9584,80,186265,223,638,401,250,20058,142,2734,14434,207,6506,4068,91586,186265,-94679,IVAN CEPEDA,94679,0.2843255904743314,6506,4068,250,153458.0,164282.0,0.43203466393750073,5.188453689517729,490771.0
16,160008,BOGOTA D.C.,ZONA 08 - LOCALIDAD 8 KENNEDY,519099,514678,187029,169,14009,83,228376,321,891,469,233,39081,224,3091,31278,322,9335,4188,187029,228376,-41347,IVAN CEPEDA,41347,0.0803356661835166,9335,4188,233,155619.0,169375.0,1.4558257264218735,17.527961769165618,674718.0
16,160009,BOGOTA D.C.,ZONA 09 - LOCALIDAD 9 FONTIBÓN,230338,228840,96185,53,5533,33,81178,123,322,161,89,22379,110,946,17962,136,3719,1409,96185,81178,15007,ABELARDO DE LA ESPRIELLA,15007,0.0655785701800384,3719,1409,89,74139.0,79356.0,1.6328415169592263,18.421247636087816,304477.0
16,160010,BOGOTA D.C.,ZONA 10 - LOCALIDAD 10 ENGATIVÁ,451064,448247,178219,117,11912,75,170758,270,809,434,182,41558,168,1865,33615,247,8200,2635,178219,170758,7461,ABELARDO DE LA ESPRIELLA,7461,0.0166448409024488,8200,2635,182,151384.0,162401.0,4.883910539118881,58.59632849053786,602448.0
16,160011,BOGOTA D.C.,ZONA 11 - LOCALIDAD 11 SUBA,620631,617285,273433,142,14083,114,203006,280,798,512,237,65646,218,2294,46862,395,9502,3109,273433,203006,70427,ABELARDO DE LA ESPRIELLA,70427,0.1140915460443717,9502,3109,237,164702.0,177550.0,1.074455767030812,12.986961007298088,785333.0
16,160012,BOGOTA D.C.,ZONA 12 - LOCALIDAD 12 BARRIOS UNIDOS,102677,102234,46645,18,2299,13,31881,49,124,82,45,11163,42,338,7952,65,1563,398,46645,31881,14764,ABELARDO DE LA ESPRIELLA,14764,0.144413795801788,1563,398,45,43102.0,45108.0,0.7470206469559234,8.005698555468365,145779.0
16,160013,BOGOTA D.C.,ZONA 13 - LOCALIDAD 13 TEUSAQUILLO,107416,107144,42087,8,2211,12,38360,48,106,62,28,12996,45,186,9448,57,1518,244,42087,38360,3727,ABELARDO DE LA ESPRIELLA,3727,0.0347849622937355,1518,244,28,42709.0,44499.0,2.5861221586597742,27.679897688646566,150125.0
16,160014,BOGOTA D.C.,ZONA 14 - LOCALIDAD 14 LOS MÁRTIRES,49774,49441,21952,13,930,6,18545,32,63,43,30,3959,29,295,2772,37,765,303,21952,18545,3407,ABELARDO DE LA ESPRIELLA,3407,0.0689104184785906,765,303,30,31369.0,32467.0,1.369724778144511,14.228715059536295,81143.0
16,160015,BOGOTA D.C.,ZONA 15 - LOCALIDAD 15 ANTONIO NARIÑO,68407,67902,27401,14,1392,11,27228,38,111,53,37,6030,29,341,4086,27,1141,468,27401,27228,173,ABELARDO DE LA ESPRIELLA,173,0.0025477894612824,1141,468,37,33820.0,35466.0,8.86676934572601,92.89144966488757,102227.0
16,160016,BOGOTA D.C.,ZONA 16 - LOCALIDAD 16 PUENTE ARANDA,151121,150229,64689,44,3646,35,54928,66,265,114,64,12940,57,629,10102,97,2617,828,64689,54928,9761,ABELARDO DE LA ESPRIELLA,9761,0.0649741394803932,2617,828,64,60167.0,63676.0,1.5898712295555855,17.586485742674398,211288.0
16,160017,BOGOTA D.C.,ZONA 17 - LOCALIDAD 17 LA CANDELARIA,24792,24569,6830,8,574,9,13172,25,49,44,23,2092,37,119,1167,26,417,200,6830,13172,-6342,IVAN CEPEDA,6342,0.2581301640278399,417,200,23,16817.0,17457.0,0.377028877081714,3.682649643220403,41609.0
16,160018,BOGOTA D.C.,ZONA 18 - LOCALIDAD 18 RAFAEL URIBE URIBE,175713,173353,53684,77,4852,49,88776,142,346,215,170,11981,91,1198,8488,132,3322,2190,53684,88776,-35092,IVAN CEPEDA,35092,0.2024308780349921,3322,2190,170,88684.0,94366.0,0.5678595850629704,6.504801288354314,264397.0
16,160019,BOGOTA D.C.,ZONA 19 - LOCALIDAD 19 CIUDAD BOLÍVAR,287753,282823,74692,136,8223,89,161835,243,518,399,305,16723,133,2768,11022,250,5792,4625,74692,161835,-87143,IVAN CEPEDA,87143,0.3081185052135081,5792,4625,305,160196.0,170918.0,0.3945881760826304,4.75437124667878,447949.0
16,160020,BOGOTA D.C.,ZONA 20 - LOCALIDAD 20 SUMAPAZ,2197,2185,339,1,21,0,1664,3,6,8,1,79,1,10,28,1,24,11,339,1664,-1325,IVAN CEPEDA,1325,0.6064073226544623,24,11,1,2138.0,2174.0,0.1247523899557428,0.9586951632479853,4335.0
16,160090,BOGOTA D.C.,ZONA 90 - PUESTO CENSO / CORFERIAS,43758,43371,19823,13,938,7,16825,44,57,40,17,2811,28,316,1644,24,801,370,19823,16825,2998,ABELARDO DE LA ESPRIELLA,2998,0.0691245302160429,801,370,17,227816.0,229004.0,1.349463854185025,16.654406963983103,271574.0
16,160098,BOGOTA D.C.,ZONA 98 - ESTABLECIMIENTOS CARCELARIOS,545,537,122,1,15,0,315,1,2,0,2,38,0,8,20,5,10,6,122,315,-193,IVAN CEPEDA,193,0.3594040968342644,10,6,2,816.0,834.0,0.170216264899273,1.1451183005689862,1361.0
