territorio,indicador,periodo_fecha,periodo_label,tipo_eleccion,anio,valor,fuente,orden
AMAZONAS,Potencial,2006-03-01,CONGRESO 2006,Congreso,2006,30244,Histórico 2006-2026,1
AMAZONAS,Sufragantes,2006-03-01,CONGRESO 2006,Congreso,2006,15449,Histórico 2006-2026,1
AMAZONAS,Votos válidos,2006-03-01,CONGRESO 2006,Congreso,2006,13817,Histórico 2006-2026,1
AMAZONAS,Votos por candidatos,2006-03-01,CONGRESO 2006,Congreso,2006,13553,Histórico 2006-2026,1
AMAZONAS,Voto en blanco,2006-03-01,CONGRESO 2006,Congreso,2006,264,Histórico 2006-2026,1
AMAZONAS,Votos nulos,2006-03-01,CONGRESO 2006,Congreso,2006,1179,Histórico 2006-2026,1
AMAZONAS,Votos no marcados,2006-03-01,CONGRESO 2006,Congreso,2006,453,Histórico 2006-2026,1
ANTIOQUIA,Potencial,2006-03-01,CONGRESO 2006,Congreso,2006,3383364,Histórico 2006-2026,1
ANTIOQUIA,Sufragantes,2006-03-01,CONGRESO 2006,Congreso,2006,1214323,Histórico 2006-2026,1
ANTIOQUIA,Votos válidos,2006-03-01,CONGRESO 2006,Congreso,2006,971868,Histórico 2006-2026,1
ANTIOQUIA,Votos por candidatos,2006-03-01,CONGRESO 2006,Congreso,2006,943147,Histórico 2006-2026,1
ANTIOQUIA,Voto en blanco,2006-03-01,CONGRESO 2006,Congreso,2006,28721,Histórico 2006-2026,1
ANTIOQUIA,Votos nulos,2006-03-01,CONGRESO 2006,Congreso,2006,203096,Histórico 2006-2026,1
ANTIOQUIA,Votos no marcados,2006-03-01,CONGRESO 2006,Congreso,2006,39359,Histórico 2006-2026,1
ARAUCA,Potencial,2006-03-01,CONGRESO 2006,Congreso,2006,123113,Histórico 2006-2026,1
ARAUCA,Sufragantes,2006-03-01,CONGRESO 2006,Congreso,2006,40884,Histórico 2006-2026,1
ARAUCA,Votos válidos,2006-03-01,CONGRESO 2006,Congreso,2006,34762,Histórico 2006-2026,1
ARAUCA,Votos por candidatos,2006-03-01,CONGRESO 2006,Congreso,2006,33755,Histórico 2006-2026,1
ARAUCA,Voto en blanco,2006-03-01,CONGRESO 2006,Congreso,2006,1007,Histórico 2006-2026,1
ARAUCA,Votos nulos,2006-03-01,CONGRESO 2006,Congreso,2006,4601,Histórico 2006-2026,1
ARAUCA,Votos no marcados,2006-03-01,CONGRESO 2006,Congreso,2006,1521,Histórico 2006-2026,1
ATLANTICO,Potencial,2006-03-01,CONGRESO 2006,Congreso,2006,1423301,Histórico 2006-2026,1
ATLANTICO,Sufragantes,2006-03-01,CONGRESO 2006,Congreso,2006,611109,Histórico 2006-2026,1
ATLANTICO,Votos válidos,2006-03-01,CONGRESO 2006,Congreso,2006,516915,Histórico 2006-2026,1
ATLANTICO,Votos por candidatos,2006-03-01,CONGRESO 2006,Congreso,2006,506117,Histórico 2006-2026,1
ATLANTICO,Voto en blanco,2006-03-01,CONGRESO 2006,Congreso,2006,10798,Histórico 2006-2026,1
ATLANTICO,Votos nulos,2006-03-01,CONGRESO 2006,Congreso,2006,76137,Histórico 2006-2026,1
ATLANTICO,Votos no marcados,2006-03-01,CONGRESO 2006,Congreso,2006,18057,Histórico 2006-2026,1
BOGOTA D.C.,Potencial,2006-03-01,CONGRESO 2006,Congreso,2006,4208113,Histórico 2006-2026,1
BOGOTA D.C.,Sufragantes,2006-03-01,CONGRESO 2006,Congreso,2006,1575906,Histórico 2006-2026,1
BOGOTA D.C.,Votos válidos,2006-03-01,CONGRESO 2006,Congreso,2006,1305194,Histórico 2006-2026,1
BOGOTA D.C.,Votos por candidatos,2006-03-01,CONGRESO 2006,Congreso,2006,1247173,Histórico 2006-2026,1
BOGOTA D.C.,Voto en blanco,2006-03-01,CONGRESO 2006,Congreso,2006,58021,Histórico 2006-2026,1
BOGOTA D.C.,Votos nulos,2006-03-01,CONGRESO 2006,Congreso,2006,228547,Histórico 2006-2026,1
BOGOTA D.C.,Votos no marcados,2006-03-01,CONGRESO 2006,Congreso,2006,42165,Histórico 2006-2026,1
BOLIVAR,Potencial,2006-03-01,CONGRESO 2006,Congreso,2006,1151098,Histórico 2006-2026,1
BOLIVAR,Sufragantes,2006-03-01,CONGRESO 2006,Congreso,2006,477895,Histórico 2006-2026,1
BOLIVAR,Votos válidos,2006-03-01,CONGRESO 2006,Congreso,2006,407112,Histórico 2006-2026,1
BOLIVAR,Votos por candidatos,2006-03-01,CONGRESO 2006,Congreso,2006,400081,Histórico 2006-2026,1
BOLIVAR,Voto en blanco,2006-03-01,CONGRESO 2006,Congreso,2006,7031,Histórico 2006-2026,1
BOLIVAR,Votos nulos,2006-03-01,CONGRESO 2006,Congreso,2006,53825,Histórico 2006-2026,1
BOLIVAR,Votos no marcados,2006-03-01,CONGRESO 2006,Congreso,2006,16958,Histórico 2006-2026,1
BOYACA,Potencial,2006-03-01,CONGRESO 2006,Congreso,2006,785300,Histórico 2006-2026,1
BOYACA,Sufragantes,2006-03-01,CONGRESO 2006,Congreso,2006,378261,Histórico 2006-2026,1
BOYACA,Votos válidos,2006-03-01,CONGRESO 2006,Congreso,2006,310471,Histórico 2006-2026,1
BOYACA,Votos por candidatos,2006-03-01,CONGRESO 2006,Congreso,2006,299992,Histórico 2006-2026,1
BOYACA,Voto en blanco,2006-03-01,CONGRESO 2006,Congreso,2006,10479,Histórico 2006-2026,1
BOYACA,Votos nulos,2006-03-01,CONGRESO 2006,Congreso,2006,53742,Histórico 2006-2026,1
BOYACA,Votos no marcados,2006-03-01,CONGRESO 2006,Congreso,2006,14048,Histórico 2006-2026,1
CALDAS,Potencial,2006-03-01,CONGRESO 2006,Congreso,2006,695294,Histórico 2006-2026,1
CALDAS,Sufragantes,2006-03-01,CONGRESO 2006,Congreso,2006,318266,Histórico 2006-2026,1
CALDAS,Votos válidos,2006-03-01,CONGRESO 2006,Congreso,2006,255987,Histórico 2006-2026,1
CALDAS,Votos por candidatos,2006-03-01,CONGRESO 2006,Congreso,2006,247280,Histórico 2006-2026,1
CALDAS,Voto en blanco,2006-03-01,CONGRESO 2006,Congreso,2006,8707,Histórico 2006-2026,1
CALDAS,Votos nulos,2006-03-01,CONGRESO 2006,Congreso,2006,49594,Histórico 2006-2026,1
CALDAS,Votos no marcados,2006-03-01,CONGRESO 2006,Congreso,2006,12685,Histórico 2006-2026,1
CAQUETA,Potencial,2006-03-01,CONGRESO 2006,Congreso,2006,222532,Histórico 2006-2026,1
CAQUETA,Sufragantes,2006-03-01,CONGRESO 2006,Congreso,2006,60647,Histórico 2006-2026,1
CAQUETA,Votos válidos,2006-03-01,CONGRESO 2006,Congreso,2006,53900,Histórico 2006-2026,1
CAQUETA,Votos por candidatos,2006-03-01,CONGRESO 2006,Congreso,2006,52466,Histórico 2006-2026,1
CAQUETA,Voto en blanco,2006-03-01,CONGRESO 2006,Congreso,2006,1434,Histórico 2006-2026,1
CAQUETA,Votos nulos,2006-03-01,CONGRESO 2006,Congreso,2006,4678,Histórico 2006-2026,1
CAQUETA,Votos no marcados,2006-03-01,CONGRESO 2006,Congreso,2006,2069,Histórico 2006-2026,1
CASANARE,Potencial,2006-03-01,CONGRESO 2006,Congreso,2006,164696,Histórico 2006-2026,1
CASANARE,Sufragantes,2006-03-01,CONGRESO 2006,Congreso,2006,83482,Histórico 2006-2026,1
CASANARE,Votos válidos,2006-03-01,CONGRESO 2006,Congreso,2006,72238,Histórico 2006-2026,1
CASANARE,Votos por candidatos,2006-03-01,CONGRESO 2006,Congreso,2006,69899,Histórico 2006-2026,1
CASANARE,Voto en blanco,2006-03-01,CONGRESO 2006,Congreso,2006,2339,Histórico 2006-2026,1
CASANARE,Votos nulos,2006-03-01,CONGRESO 2006,Congreso,2006,6987,Histórico 2006-2026,1
CASANARE,Votos no marcados,2006-03-01,CONGRESO 2006,Congreso,2006,4257,Histórico 2006-2026,1
CAUCA,Potencial,2006-03-01,CONGRESO 2006,Congreso,2006,712418,Histórico 2006-2026,1
CAUCA,Sufragantes,2006-03-01,CONGRESO 2006,Congreso,2006,285936,Histórico 2006-2026,1
CAUCA,Votos válidos,2006-03-01,CONGRESO 2006,Congreso,2006,225097,Histórico 2006-2026,1
CAUCA,Votos por candidatos,2006-03-01,CONGRESO 2006,Congreso,2006,218013,Histórico 2006-2026,1
CAUCA,Voto en blanco,2006-03-01,CONGRESO 2006,Congreso,2006,7084,Histórico 2006-2026,1
CAUCA,Votos nulos,2006-03-01,CONGRESO 2006,Congreso,2006,43558,Histórico 2006-2026,1
CAUCA,Votos no marcados,2006-03-01,CONGRESO 2006,Congreso,2006,17281,Histórico 2006-2026,1
CESAR,Potencial,2006-03-01,CONGRESO 2006,Congreso,2006,533692,Histórico 2006-2026,1
CESAR,Sufragantes,2006-03-01,CONGRESO 2006,Congreso,2006,214438,Histórico 2006-2026,1
CESAR,Votos válidos,2006-03-01,CONGRESO 2006,Congreso,2006,186192,Histórico 2006-2026,1
CESAR,Votos por candidatos,2006-03-01,CONGRESO 2006,Congreso,2006,182699,Histórico 2006-2026,1
CESAR,Voto en blanco,2006-03-01,CONGRESO 2006,Congreso,2006,3493,Histórico 2006-2026,1
CESAR,Votos nulos,2006-03-01,CONGRESO 2006,Congreso,2006,22014,Histórico 2006-2026,1
CESAR,Votos no marcados,2006-03-01,CONGRESO 2006,Congreso,2006,6232,Histórico 2006-2026,1
CHOCO,Potencial,2006-03-01,CONGRESO 2006,Congreso,2006,214609,Histórico 2006-2026,1
CHOCO,Sufragantes,2006-03-01,CONGRESO 2006,Congreso,2006,88705,Histórico 2006-2026,1
CHOCO,Votos válidos,2006-03-01,CONGRESO 2006,Congreso,2006,75448,Histórico 2006-2026,1
CHOCO,Votos por candidatos,2006-03-01,CONGRESO 2006,Congreso,2006,74182,Histórico 2006-2026,1
CHOCO,Voto en blanco,2006-03-01,CONGRESO 2006,Congreso,2006,1266,Histórico 2006-2026,1
CHOCO,Votos nulos,2006-03-01,CONGRESO 2006,Congreso,2006,8357,Histórico 2006-2026,1
CHOCO,Votos no marcados,2006-03-01,CONGRESO 2006,Congreso,2006,4900,Histórico 2006-2026,1
CONSULADOS,Potencial,2006-03-01,CONGRESO 2006,Congreso,2006,273687,Histórico 2006-2026,1
CONSULADOS,Sufragantes,2006-03-01,CONGRESO 2006,Congreso,2006,41188,Histórico 2006-2026,1
CONSULADOS,Votos válidos,2006-03-01,CONGRESO 2006,Congreso,2006,37176,Histórico 2006-2026,1
CONSULADOS,Votos por candidatos,2006-03-01,CONGRESO 2006,Congreso,2006,35321,Histórico 2006-2026,1
CONSULADOS,Voto en blanco,2006-03-01,CONGRESO 2006,Congreso,2006,1855,Histórico 2006-2026,1
CONSULADOS,Votos nulos,2006-03-01,CONGRESO 2006,Congreso,2006,2947,Histórico 2006-2026,1
CONSULADOS,Votos no marcados,2006-03-01,CONGRESO 2006,Congreso,2006,1065,Histórico 2006-2026,1
CORDOBA,Potencial,2006-03-01,CONGRESO 2006,Congreso,2006,906876,Histórico 2006-2026,1
CORDOBA,Sufragantes,2006-03-01,CONGRESO 2006,Congreso,2006,464509,Histórico 2006-2026,1
CORDOBA,Votos válidos,2006-03-01,CONGRESO 2006,Congreso,2006,406076,Histórico 2006-2026,1
CORDOBA,Votos por candidatos,2006-03-01,CONGRESO 2006,Congreso,2006,401906,Histórico 2006-2026,1
CORDOBA,Voto en blanco,2006-03-01,CONGRESO 2006,Congreso,2006,4170,Histórico 2006-2026,1
CORDOBA,Votos nulos,2006-03-01,CONGRESO 2006,Congreso,2006,44544,Histórico 2006-2026,1
CORDOBA,Votos no marcados,2006-03-01,CONGRESO 2006,Congreso,2006,13889,Histórico 2006-2026,1
CUNDINAMARCA,Potencial,2006-03-01,CONGRESO 2006,Congreso,2006,1309689,Histórico 2006-2026,1
CUNDINAMARCA,Sufragantes,2006-03-01,CONGRESO 2006,Congreso,2006,555232,Histórico 2006-2026,1
CUNDINAMARCA,Votos válidos,2006-03-01,CONGRESO 2006,Congreso,2006,437820,Histórico 2006-2026,1
CUNDINAMARCA,Votos por candidatos,2006-03-01,CONGRESO 2006,Congreso,2006,417266,Histórico 2006-2026,1
CUNDINAMARCA,Voto en blanco,2006-03-01,CONGRESO 2006,Congreso,2006,20554,Histórico 2006-2026,1
CUNDINAMARCA,Votos nulos,2006-03-01,CONGRESO 2006,Congreso,2006,93996,Histórico 2006-2026,1
CUNDINAMARCA,Votos no marcados,2006-03-01,CONGRESO 2006,Congreso,2006,23416,Histórico 2006-2026,1
GUAINIA,Potencial,2006-03-01,CONGRESO 2006,Congreso,2006,16060,Histórico 2006-2026,1
GUAINIA,Sufragantes,2006-03-01,CONGRESO 2006,Congreso,2006,7117,Histórico 2006-2026,1
GUAINIA,Votos válidos,2006-03-01,CONGRESO 2006,Congreso,2006,6568,Histórico 2006-2026,1
GUAINIA,Votos por candidatos,2006-03-01,CONGRESO 2006,Congreso,2006,6467,Histórico 2006-2026,1
GUAINIA,Voto en blanco,2006-03-01,CONGRESO 2006,Congreso,2006,101,Histórico 2006-2026,1
GUAINIA,Votos nulos,2006-03-01,CONGRESO 2006,Congreso,2006,243,Histórico 2006-2026,1
GUAINIA,Votos no marcados,2006-03-01,CONGRESO 2006,Congreso,2006,306,Histórico 2006-2026,1
GUAVIARE,Potencial,2006-03-01,CONGRESO 2006,Congreso,2006,44559,Histórico 2006-2026,1
GUAVIARE,Sufragantes,2006-03-01,CONGRESO 2006,Congreso,2006,15899,Histórico 2006-2026,1
GUAVIARE,Votos válidos,2006-03-01,CONGRESO 2006,Congreso,2006,14161,Histórico 2006-2026,1
GUAVIARE,Votos por candidatos,2006-03-01,CONGRESO 2006,Congreso,2006,13972,Histórico 2006-2026,1
GUAVIARE,Voto en blanco,2006-03-01,CONGRESO 2006,Congreso,2006,189,Histórico 2006-2026,1
GUAVIARE,Votos nulos,2006-03-01,CONGRESO 2006,Congreso,2006,1363,Histórico 2006-2026,1
GUAVIARE,Votos no marcados,2006-03-01,CONGRESO 2006,Congreso,2006,375,Histórico 2006-2026,1
HUILA,Potencial,2006-03-01,CONGRESO 2006,Congreso,2006,591276,Histórico 2006-2026,1
HUILA,Sufragantes,2006-03-01,CONGRESO 2006,Congreso,2006,241297,Histórico 2006-2026,1
HUILA,Votos válidos,2006-03-01,CONGRESO 2006,Congreso,2006,207875,Histórico 2006-2026,1
HUILA,Votos por candidatos,2006-03-01,CONGRESO 2006,Congreso,2006,202842,Histórico 2006-2026,1
HUILA,Voto en blanco,2006-03-01,CONGRESO 2006,Congreso,2006,5033,Histórico 2006-2026,1
HUILA,Votos nulos,2006-03-01,CONGRESO 2006,Congreso,2006,26171,Histórico 2006-2026,1
HUILA,Votos no marcados,2006-03-01,CONGRESO 2006,Congreso,2006,7251,Histórico 2006-2026,1
LA GUAJIRA,Potencial,2006-03-01,CONGRESO 2006,Congreso,2006,374775,Histórico 2006-2026,1
LA GUAJIRA,Sufragantes,2006-03-01,CONGRESO 2006,Congreso,2006,129352,Histórico 2006-2026,1
LA GUAJIRA,Votos válidos,2006-03-01,CONGRESO 2006,Congreso,2006,108472,Histórico 2006-2026,1
LA GUAJIRA,Votos por candidatos,2006-03-01,CONGRESO 2006,Congreso,2006,105830,Histórico 2006-2026,1
LA GUAJIRA,Voto en blanco,2006-03-01,CONGRESO 2006,Congreso,2006,2642,Histórico 2006-2026,1
LA GUAJIRA,Votos nulos,2006-03-01,CONGRESO 2006,Congreso,2006,14953,Histórico 2006-2026,1
LA GUAJIRA,Votos no marcados,2006-03-01,CONGRESO 2006,Congreso,2006,5927,Histórico 2006-2026,1
MAGDALENA,Potencial,2006-03-01,CONGRESO 2006,Congreso,2006,684288,Histórico 2006-2026,1
MAGDALENA,Sufragantes,2006-03-01,CONGRESO 2006,Congreso,2006,309704,Histórico 2006-2026,1
MAGDALENA,Votos válidos,2006-03-01,CONGRESO 2006,Congreso,2006,269419,Histórico 2006-2026,1
MAGDALENA,Votos por candidatos,2006-03-01,CONGRESO 2006,Congreso,2006,265816,Histórico 2006-2026,1
MAGDALENA,Voto en blanco,2006-03-01,CONGRESO 2006,Congreso,2006,3603,Histórico 2006-2026,1
MAGDALENA,Votos nulos,2006-03-01,CONGRESO 2006,Congreso,2006,34030,Histórico 2006-2026,1
MAGDALENA,Votos no marcados,2006-03-01,CONGRESO 2006,Congreso,2006,6255,Histórico 2006-2026,1
META,Potencial,2006-03-01,CONGRESO 2006,Congreso,2006,449986,Histórico 2006-2026,1
META,Sufragantes,2006-03-01,CONGRESO 2006,Congreso,2006,181777,Histórico 2006-2026,1
META,Votos válidos,2006-03-01,CONGRESO 2006,Congreso,2006,153303,Histórico 2006-2026,1
META,Votos por candidatos,2006-03-01,CONGRESO 2006,Congreso,2006,146517,Histórico 2006-2026,1
META,Voto en blanco,2006-03-01,CONGRESO 2006,Congreso,2006,6786,Histórico 2006-2026,1
META,Votos nulos,2006-03-01,CONGRESO 2006,Congreso,2006,21899,Histórico 2006-2026,1
META,Votos no marcados,2006-03-01,CONGRESO 2006,Congreso,2006,6575,Histórico 2006-2026,1
NARIÑO,Potencial,2006-03-01,CONGRESO 2006,Congreso,2006,861168,Histórico 2006-2026,1
NARIÑO,Sufragantes,2006-03-01,CONGRESO 2006,Congreso,2006,368790,Histórico 2006-2026,1
NARIÑO,Votos válidos,2006-03-01,CONGRESO 2006,Congreso,2006,306404,Histórico 2006-2026,1
NARIÑO,Votos por candidatos,2006-03-01,CONGRESO 2006,Congreso,2006,299698,Histórico 2006-2026,1
NARIÑO,Voto en blanco,2006-03-01,CONGRESO 2006,Congreso,2006,6706,Histórico 2006-2026,1
NARIÑO,Votos nulos,2006-03-01,CONGRESO 2006,Congreso,2006,47378,Histórico 2006-2026,1
NARIÑO,Votos no marcados,2006-03-01,CONGRESO 2006,Congreso,2006,15008,Histórico 2006-2026,1
NORTE DE SAN,Potencial,2006-03-01,CONGRESO 2006,Congreso,2006,852252,Histórico 2006-2026,1
NORTE DE SAN,Sufragantes,2006-03-01,CONGRESO 2006,Congreso,2006,364435,Histórico 2006-2026,1
NORTE DE SAN,Votos válidos,2006-03-01,CONGRESO 2006,Congreso,2006,310319,Histórico 2006-2026,1
NORTE DE SAN,Votos por candidatos,2006-03-01,CONGRESO 2006,Congreso,2006,302657,Histórico 2006-2026,1
NORTE DE SAN,Voto en blanco,2006-03-01,CONGRESO 2006,Congreso,2006,7662,Histórico 2006-2026,1
NORTE DE SAN,Votos nulos,2006-03-01,CONGRESO 2006,Congreso,2006,44190,Histórico 2006-2026,1
NORTE DE SAN,Votos no marcados,2006-03-01,CONGRESO 2006,Congreso,2006,9926,Histórico 2006-2026,1
PUTUMAYO,Potencial,2006-03-01,CONGRESO 2006,Congreso,2006,154911,Histórico 2006-2026,1
PUTUMAYO,Sufragantes,2006-03-01,CONGRESO 2006,Congreso,2006,51983,Histórico 2006-2026,1
PUTUMAYO,Votos válidos,2006-03-01,CONGRESO 2006,Congreso,2006,44072,Histórico 2006-2026,1
PUTUMAYO,Votos por candidatos,2006-03-01,CONGRESO 2006,Congreso,2006,42829,Histórico 2006-2026,1
PUTUMAYO,Voto en blanco,2006-03-01,CONGRESO 2006,Congreso,2006,1243,Histórico 2006-2026,1
PUTUMAYO,Votos nulos,2006-03-01,CONGRESO 2006,Congreso,2006,5930,Histórico 2006-2026,1
PUTUMAYO,Votos no marcados,2006-03-01,CONGRESO 2006,Congreso,2006,1981,Histórico 2006-2026,1
QUINDIO,Potencial,2006-03-01,CONGRESO 2006,Congreso,2006,375447,Histórico 2006-2026,1
QUINDIO,Sufragantes,2006-03-01,CONGRESO 2006,Congreso,2006,168356,Histórico 2006-2026,1
QUINDIO,Votos válidos,2006-03-01,CONGRESO 2006,Congreso,2006,143853,Histórico 2006-2026,1
QUINDIO,Votos por candidatos,2006-03-01,CONGRESO 2006,Congreso,2006,140379,Histórico 2006-2026,1
QUINDIO,Voto en blanco,2006-03-01,CONGRESO 2006,Congreso,2006,3474,Histórico 2006-2026,1
QUINDIO,Votos nulos,2006-03-01,CONGRESO 2006,Congreso,2006,17853,Histórico 2006-2026,1
QUINDIO,Votos no marcados,2006-03-01,CONGRESO 2006,Congreso,2006,6650,Histórico 2006-2026,1
RISARALDA,Potencial,2006-03-01,CONGRESO 2006,Congreso,2006,601944,Histórico 2006-2026,1
RISARALDA,Sufragantes,2006-03-01,CONGRESO 2006,Congreso,2006,242015,Histórico 2006-2026,1
RISARALDA,Votos válidos,2006-03-01,CONGRESO 2006,Congreso,2006,190966,Histórico 2006-2026,1
RISARALDA,Votos por candidatos,2006-03-01,CONGRESO 2006,Congreso,2006,184317,Histórico 2006-2026,1
RISARALDA,Voto en blanco,2006-03-01,CONGRESO 2006,Congreso,2006,6649,Histórico 2006-2026,1
RISARALDA,Votos nulos,2006-03-01,CONGRESO 2006,Congreso,2006,39275,Histórico 2006-2026,1
RISARALDA,Votos no marcados,2006-03-01,CONGRESO 2006,Congreso,2006,11774,Histórico 2006-2026,1
SAN ANDRES,Potencial,2006-03-01,CONGRESO 2006,Congreso,2006,40282,Histórico 2006-2026,1
SAN ANDRES,Sufragantes,2006-03-01,CONGRESO 2006,Congreso,2006,19270,Histórico 2006-2026,1
SAN ANDRES,Votos válidos,2006-03-01,CONGRESO 2006,Congreso,2006,16425,Histórico 2006-2026,1
SAN ANDRES,Votos por candidatos,2006-03-01,CONGRESO 2006,Congreso,2006,16048,Histórico 2006-2026,1
SAN ANDRES,Voto en blanco,2006-03-01,CONGRESO 2006,Congreso,2006,377,Histórico 2006-2026,1
SAN ANDRES,Votos nulos,2006-03-01,CONGRESO 2006,Congreso,2006,2036,Histórico 2006-2026,1
SAN ANDRES,Votos no marcados,2006-03-01,CONGRESO 2006,Congreso,2006,809,Histórico 2006-2026,1
SANTANDER,Potencial,2006-03-01,CONGRESO 2006,Congreso,2006,1297430,Histórico 2006-2026,1
SANTANDER,Sufragantes,2006-03-01,CONGRESO 2006,Congreso,2006,580681,Histórico 2006-2026,1
SANTANDER,Votos válidos,2006-03-01,CONGRESO 2006,Congreso,2006,487544,Histórico 2006-2026,1
SANTANDER,Votos por candidatos,2006-03-01,CONGRESO 2006,Congreso,2006,471427,Histórico 2006-2026,1
SANTANDER,Voto en blanco,2006-03-01,CONGRESO 2006,Congreso,2006,16117,Histórico 2006-2026,1
SANTANDER,Votos nulos,2006-03-01,CONGRESO 2006,Congreso,2006,75313,Histórico 2006-2026,1
SANTANDER,Votos no marcados,2006-03-01,CONGRESO 2006,Congreso,2006,17824,Histórico 2006-2026,1
SUCRE,Potencial,2006-03-01,CONGRESO 2006,Congreso,2006,509098,Histórico 2006-2026,1
SUCRE,Sufragantes,2006-03-01,CONGRESO 2006,Congreso,2006,278790,Histórico 2006-2026,1
SUCRE,Votos válidos,2006-03-01,CONGRESO 2006,Congreso,2006,240300,Histórico 2006-2026,1
SUCRE,Votos por candidatos,2006-03-01,CONGRESO 2006,Congreso,2006,237353,Histórico 2006-2026,1
SUCRE,Voto en blanco,2006-03-01,CONGRESO 2006,Congreso,2006,2947,Histórico 2006-2026,1
SUCRE,Votos nulos,2006-03-01,CONGRESO 2006,Congreso,2006,28632,Histórico 2006-2026,1
SUCRE,Votos no marcados,2006-03-01,CONGRESO 2006,Congreso,2006,9858,Histórico 2006-2026,1
TOLIMA,Potencial,2006-03-01,CONGRESO 2006,Congreso,2006,858945,Histórico 2006-2026,1
TOLIMA,Sufragantes,2006-03-01,CONGRESO 2006,Congreso,2006,348214,Histórico 2006-2026,1
TOLIMA,Votos válidos,2006-03-01,CONGRESO 2006,Congreso,2006,288819,Histórico 2006-2026,1
TOLIMA,Votos por candidatos,2006-03-01,CONGRESO 2006,Congreso,2006,280768,Histórico 2006-2026,1
TOLIMA,Voto en blanco,2006-03-01,CONGRESO 2006,Congreso,2006,8051,Histórico 2006-2026,1
TOLIMA,Votos nulos,2006-03-01,CONGRESO 2006,Congreso,2006,47308,Histórico 2006-2026,1
TOLIMA,Votos no marcados,2006-03-01,CONGRESO 2006,Congreso,2006,12087,Histórico 2006-2026,1
VALLE,Potencial,2006-03-01,CONGRESO 2006,Congreso,2006,2697357,Histórico 2006-2026,1
VALLE,Sufragantes,2006-03-01,CONGRESO 2006,Congreso,2006,922824,Histórico 2006-2026,1
VALLE,Votos válidos,2006-03-01,CONGRESO 2006,Congreso,2006,754823,Histórico 2006-2026,1
VALLE,Votos por candidatos,2006-03-01,CONGRESO 2006,Congreso,2006,733219,Histórico 2006-2026,1
VALLE,Voto en blanco,2006-03-01,CONGRESO 2006,Congreso,2006,21604,Histórico 2006-2026,1
VALLE,Votos nulos,2006-03-01,CONGRESO 2006,Congreso,2006,145424,Histórico 2006-2026,1
VALLE,Votos no marcados,2006-03-01,CONGRESO 2006,Congreso,2006,22577,Histórico 2006-2026,1
VAUPES,Potencial,2006-03-01,CONGRESO 2006,Congreso,2006,15188,Histórico 2006-2026,1
VAUPES,Sufragantes,2006-03-01,CONGRESO 2006,Congreso,2006,7639,Histórico 2006-2026,1
VAUPES,Votos válidos,2006-03-01,CONGRESO 2006,Congreso,2006,7174,Histórico 2006-2026,1
VAUPES,Votos por candidatos,2006-03-01,CONGRESO 2006,Congreso,2006,7128,Histórico 2006-2026,1
VAUPES,Voto en blanco,2006-03-01,CONGRESO 2006,Congreso,2006,46,Histórico 2006-2026,1
VAUPES,Votos nulos,2006-03-01,CONGRESO 2006,Congreso,2006,252,Histórico 2006-2026,1
VAUPES,Votos no marcados,2006-03-01,CONGRESO 2006,Congreso,2006,213,Histórico 2006-2026,1
VICHADA,Potencial,2006-03-01,CONGRESO 2006,Congreso,2006,30279,Histórico 2006-2026,1
VICHADA,Sufragantes,2006-03-01,CONGRESO 2006,Congreso,2006,10565,Histórico 2006-2026,1
VICHADA,Votos válidos,2006-03-01,CONGRESO 2006,Congreso,2006,9428,Histórico 2006-2026,1
VICHADA,Votos por candidatos,2006-03-01,CONGRESO 2006,Congreso,2006,9292,Histórico 2006-2026,1
VICHADA,Voto en blanco,2006-03-01,CONGRESO 2006,Congreso,2006,136,Histórico 2006-2026,1
VICHADA,Votos nulos,2006-03-01,CONGRESO 2006,Congreso,2006,787,Histórico 2006-2026,1
VICHADA,Votos no marcados,2006-03-01,CONGRESO 2006,Congreso,2006,350,Histórico 2006-2026,1
AMAZONAS,Potencial,2006-05-01,PRESIDENCIA 2006,Presidencia 1V,2006,30402,Histórico 2006-2026,2
AMAZONAS,Sufragantes,2006-05-01,PRESIDENCIA 2006,Presidencia 1V,2006,12140,Histórico 2006-2026,2
AMAZONAS,Votos válidos,2006-05-01,PRESIDENCIA 2006,Presidencia 1V,2006,11897,Histórico 2006-2026,2
AMAZONAS,Votos por candidatos,2006-05-01,PRESIDENCIA 2006,Presidencia 1V,2006,11764,Histórico 2006-2026,2
AMAZONAS,Voto en blanco,2006-05-01,PRESIDENCIA 2006,Presidencia 1V,2006,133,Histórico 2006-2026,2
AMAZONAS,Votos nulos,2006-05-01,PRESIDENCIA 2006,Presidencia 1V,2006,117,Histórico 2006-2026,2
AMAZONAS,Votos no marcados,2006-05-01,PRESIDENCIA 2006,Presidencia 1V,2006,126,Histórico 2006-2026,2
ANTIOQUIA,Potencial,2006-05-01,PRESIDENCIA 2006,Presidencia 1V,2006,3400976,Histórico 2006-2026,2
ANTIOQUIA,Sufragantes,2006-05-01,PRESIDENCIA 2006,Presidencia 1V,2006,1587158,Histórico 2006-2026,2
ANTIOQUIA,Votos válidos,2006-05-01,PRESIDENCIA 2006,Presidencia 1V,2006,1558391,Histórico 2006-2026,2
ANTIOQUIA,Votos por candidatos,2006-05-01,PRESIDENCIA 2006,Presidencia 1V,2006,1519061,Histórico 2006-2026,2
ANTIOQUIA,Voto en blanco,2006-05-01,PRESIDENCIA 2006,Presidencia 1V,2006,39330,Histórico 2006-2026,2
ANTIOQUIA,Votos nulos,2006-05-01,PRESIDENCIA 2006,Presidencia 1V,2006,21793,Histórico 2006-2026,2
ANTIOQUIA,Votos no marcados,2006-05-01,PRESIDENCIA 2006,Presidencia 1V,2006,6974,Histórico 2006-2026,2
ARAUCA,Potencial,2006-05-01,PRESIDENCIA 2006,Presidencia 1V,2006,123754,Histórico 2006-2026,2
ARAUCA,Sufragantes,2006-05-01,PRESIDENCIA 2006,Presidencia 1V,2006,47421,Histórico 2006-2026,2
ARAUCA,Votos válidos,2006-05-01,PRESIDENCIA 2006,Presidencia 1V,2006,46492,Histórico 2006-2026,2
ARAUCA,Votos por candidatos,2006-05-01,PRESIDENCIA 2006,Presidencia 1V,2006,45585,Histórico 2006-2026,2
ARAUCA,Voto en blanco,2006-05-01,PRESIDENCIA 2006,Presidencia 1V,2006,907,Histórico 2006-2026,2
ARAUCA,Votos nulos,2006-05-01,PRESIDENCIA 2006,Presidencia 1V,2006,533,Histórico 2006-2026,2
ARAUCA,Votos no marcados,2006-05-01,PRESIDENCIA 2006,Presidencia 1V,2006,396,Histórico 2006-2026,2
ATLANTICO,Potencial,2006-05-01,PRESIDENCIA 2006,Presidencia 1V,2006,1430710,Histórico 2006-2026,2
ATLANTICO,Sufragantes,2006-05-01,PRESIDENCIA 2006,Presidencia 1V,2006,445404,Histórico 2006-2026,2
ATLANTICO,Votos válidos,2006-05-01,PRESIDENCIA 2006,Presidencia 1V,2006,440907,Histórico 2006-2026,2
ATLANTICO,Votos por candidatos,2006-05-01,PRESIDENCIA 2006,Presidencia 1V,2006,436706,Histórico 2006-2026,2
ATLANTICO,Voto en blanco,2006-05-01,PRESIDENCIA 2006,Presidencia 1V,2006,4201,Histórico 2006-2026,2
ATLANTICO,Votos nulos,2006-05-01,PRESIDENCIA 2006,Presidencia 1V,2006,3728,Histórico 2006-2026,2
ATLANTICO,Votos no marcados,2006-05-01,PRESIDENCIA 2006,Presidencia 1V,2006,769,Histórico 2006-2026,2
BOGOTA D.C.,Potencial,2006-05-01,PRESIDENCIA 2006,Presidencia 1V,2006,4230018,Histórico 2006-2026,2
BOGOTA D.C.,Sufragantes,2006-05-01,PRESIDENCIA 2006,Presidencia 1V,2006,2201713,Histórico 2006-2026,2
BOGOTA D.C.,Votos válidos,2006-05-01,PRESIDENCIA 2006,Presidencia 1V,2006,2180824,Histórico 2006-2026,2
BOGOTA D.C.,Votos por candidatos,2006-05-01,PRESIDENCIA 2006,Presidencia 1V,2006,2138540,Histórico 2006-2026,2
BOGOTA D.C.,Voto en blanco,2006-05-01,PRESIDENCIA 2006,Presidencia 1V,2006,42284,Histórico 2006-2026,2
BOGOTA D.C.,Votos nulos,2006-05-01,PRESIDENCIA 2006,Presidencia 1V,2006,18197,Histórico 2006-2026,2
BOGOTA D.C.,Votos no marcados,2006-05-01,PRESIDENCIA 2006,Presidencia 1V,2006,2692,Histórico 2006-2026,2
BOLIVAR,Potencial,2006-05-01,PRESIDENCIA 2006,Presidencia 1V,2006,1157090,Histórico 2006-2026,2
BOLIVAR,Sufragantes,2006-05-01,PRESIDENCIA 2006,Presidencia 1V,2006,372713,Histórico 2006-2026,2
BOLIVAR,Votos válidos,2006-05-01,PRESIDENCIA 2006,Presidencia 1V,2006,368905,Histórico 2006-2026,2
BOLIVAR,Votos por candidatos,2006-05-01,PRESIDENCIA 2006,Presidencia 1V,2006,365142,Histórico 2006-2026,2
BOLIVAR,Voto en blanco,2006-05-01,PRESIDENCIA 2006,Presidencia 1V,2006,3763,Histórico 2006-2026,2
BOLIVAR,Votos nulos,2006-05-01,PRESIDENCIA 2006,Presidencia 1V,2006,2829,Histórico 2006-2026,2
BOLIVAR,Votos no marcados,2006-05-01,PRESIDENCIA 2006,Presidencia 1V,2006,979,Histórico 2006-2026,2
BOYACA,Potencial,2006-05-01,PRESIDENCIA 2006,Presidencia 1V,2006,789388,Histórico 2006-2026,2
BOYACA,Sufragantes,2006-05-01,PRESIDENCIA 2006,Presidencia 1V,2006,434621,Histórico 2006-2026,2
BOYACA,Votos válidos,2006-05-01,PRESIDENCIA 2006,Presidencia 1V,2006,426159,Histórico 2006-2026,2
BOYACA,Votos por candidatos,2006-05-01,PRESIDENCIA 2006,Presidencia 1V,2006,418300,Histórico 2006-2026,2
BOYACA,Voto en blanco,2006-05-01,PRESIDENCIA 2006,Presidencia 1V,2006,7859,Histórico 2006-2026,2
BOYACA,Votos nulos,2006-05-01,PRESIDENCIA 2006,Presidencia 1V,2006,5967,Histórico 2006-2026,2
BOYACA,Votos no marcados,2006-05-01,PRESIDENCIA 2006,Presidencia 1V,2006,2495,Histórico 2006-2026,2
CALDAS,Potencial,2006-05-01,PRESIDENCIA 2006,Presidencia 1V,2006,698913,Histórico 2006-2026,2
CALDAS,Sufragantes,2006-05-01,PRESIDENCIA 2006,Presidencia 1V,2006,364337,Histórico 2006-2026,2
CALDAS,Votos válidos,2006-05-01,PRESIDENCIA 2006,Presidencia 1V,2006,355082,Histórico 2006-2026,2
CALDAS,Votos por candidatos,2006-05-01,PRESIDENCIA 2006,Presidencia 1V,2006,346204,Histórico 2006-2026,2
CALDAS,Voto en blanco,2006-05-01,PRESIDENCIA 2006,Presidencia 1V,2006,8878,Histórico 2006-2026,2
CALDAS,Votos nulos,2006-05-01,PRESIDENCIA 2006,Presidencia 1V,2006,7168,Histórico 2006-2026,2
CALDAS,Votos no marcados,2006-05-01,PRESIDENCIA 2006,Presidencia 1V,2006,2087,Histórico 2006-2026,2
CAQUETA,Potencial,2006-05-01,PRESIDENCIA 2006,Presidencia 1V,2006,223690,Histórico 2006-2026,2
CAQUETA,Sufragantes,2006-05-01,PRESIDENCIA 2006,Presidencia 1V,2006,70029,Histórico 2006-2026,2
CAQUETA,Votos válidos,2006-05-01,PRESIDENCIA 2006,Presidencia 1V,2006,68765,Histórico 2006-2026,2
CAQUETA,Votos por candidatos,2006-05-01,PRESIDENCIA 2006,Presidencia 1V,2006,67028,Histórico 2006-2026,2
CAQUETA,Voto en blanco,2006-05-01,PRESIDENCIA 2006,Presidencia 1V,2006,1737,Histórico 2006-2026,2
CAQUETA,Votos nulos,2006-05-01,PRESIDENCIA 2006,Presidencia 1V,2006,743,Histórico 2006-2026,2
CAQUETA,Votos no marcados,2006-05-01,PRESIDENCIA 2006,Presidencia 1V,2006,521,Histórico 2006-2026,2
CASANARE,Potencial,2006-05-01,PRESIDENCIA 2006,Presidencia 1V,2006,165553,Histórico 2006-2026,2
CASANARE,Sufragantes,2006-05-01,PRESIDENCIA 2006,Presidencia 1V,2006,97834,Histórico 2006-2026,2
CASANARE,Votos válidos,2006-05-01,PRESIDENCIA 2006,Presidencia 1V,2006,96000,Histórico 2006-2026,2
CASANARE,Votos por candidatos,2006-05-01,PRESIDENCIA 2006,Presidencia 1V,2006,94284,Histórico 2006-2026,2
CASANARE,Voto en blanco,2006-05-01,PRESIDENCIA 2006,Presidencia 1V,2006,1716,Histórico 2006-2026,2
CASANARE,Votos nulos,2006-05-01,PRESIDENCIA 2006,Presidencia 1V,2006,919,Histórico 2006-2026,2
CASANARE,Votos no marcados,2006-05-01,PRESIDENCIA 2006,Presidencia 1V,2006,915,Histórico 2006-2026,2
CAUCA,Potencial,2006-05-01,PRESIDENCIA 2006,Presidencia 1V,2006,716126,Histórico 2006-2026,2
CAUCA,Sufragantes,2006-05-01,PRESIDENCIA 2006,Presidencia 1V,2006,306817,Histórico 2006-2026,2
CAUCA,Votos válidos,2006-05-01,PRESIDENCIA 2006,Presidencia 1V,2006,299708,Histórico 2006-2026,2
CAUCA,Votos por candidatos,2006-05-01,PRESIDENCIA 2006,Presidencia 1V,2006,292952,Histórico 2006-2026,2
CAUCA,Voto en blanco,2006-05-01,PRESIDENCIA 2006,Presidencia 1V,2006,6756,Histórico 2006-2026,2
CAUCA,Votos nulos,2006-05-01,PRESIDENCIA 2006,Presidencia 1V,2006,4675,Histórico 2006-2026,2
CAUCA,Votos no marcados,2006-05-01,PRESIDENCIA 2006,Presidencia 1V,2006,2434,Histórico 2006-2026,2
CESAR,Potencial,2006-05-01,PRESIDENCIA 2006,Presidencia 1V,2006,536470,Histórico 2006-2026,2
CESAR,Sufragantes,2006-05-01,PRESIDENCIA 2006,Presidencia 1V,2006,225244,Histórico 2006-2026,2
CESAR,Votos válidos,2006-05-01,PRESIDENCIA 2006,Presidencia 1V,2006,222282,Histórico 2006-2026,2
CESAR,Votos por candidatos,2006-05-01,PRESIDENCIA 2006,Presidencia 1V,2006,219649,Histórico 2006-2026,2
CESAR,Voto en blanco,2006-05-01,PRESIDENCIA 2006,Presidencia 1V,2006,2633,Histórico 2006-2026,2
CESAR,Votos nulos,2006-05-01,PRESIDENCIA 2006,Presidencia 1V,2006,1964,Histórico 2006-2026,2
CESAR,Votos no marcados,2006-05-01,PRESIDENCIA 2006,Presidencia 1V,2006,998,Histórico 2006-2026,2
CHOCO,Potencial,2006-05-01,PRESIDENCIA 2006,Presidencia 1V,2006,215726,Histórico 2006-2026,2
CHOCO,Sufragantes,2006-05-01,PRESIDENCIA 2006,Presidencia 1V,2006,73626,Histórico 2006-2026,2
CHOCO,Votos válidos,2006-05-01,PRESIDENCIA 2006,Presidencia 1V,2006,71353,Histórico 2006-2026,2
CHOCO,Votos por candidatos,2006-05-01,PRESIDENCIA 2006,Presidencia 1V,2006,69862,Histórico 2006-2026,2
CHOCO,Voto en blanco,2006-05-01,PRESIDENCIA 2006,Presidencia 1V,2006,1491,Histórico 2006-2026,2
CHOCO,Votos nulos,2006-05-01,PRESIDENCIA 2006,Presidencia 1V,2006,1516,Histórico 2006-2026,2
CHOCO,Votos no marcados,2006-05-01,PRESIDENCIA 2006,Presidencia 1V,2006,757,Histórico 2006-2026,2
CONSULADOS,Potencial,2006-05-01,PRESIDENCIA 2006,Presidencia 1V,2006,275112,Histórico 2006-2026,2
CONSULADOS,Sufragantes,2006-05-01,PRESIDENCIA 2006,Presidencia 1V,2006,121155,Histórico 2006-2026,2
CONSULADOS,Votos válidos,2006-05-01,PRESIDENCIA 2006,Presidencia 1V,2006,120540,Histórico 2006-2026,2
CONSULADOS,Votos por candidatos,2006-05-01,PRESIDENCIA 2006,Presidencia 1V,2006,119693,Histórico 2006-2026,2
CONSULADOS,Voto en blanco,2006-05-01,PRESIDENCIA 2006,Presidencia 1V,2006,847,Histórico 2006-2026,2
CONSULADOS,Votos nulos,2006-05-01,PRESIDENCIA 2006,Presidencia 1V,2006,447,Histórico 2006-2026,2
CONSULADOS,Votos no marcados,2006-05-01,PRESIDENCIA 2006,Presidencia 1V,2006,168,Histórico 2006-2026,2
CORDOBA,Potencial,2006-05-01,PRESIDENCIA 2006,Presidencia 1V,2006,911597,Histórico 2006-2026,2
CORDOBA,Sufragantes,2006-05-01,PRESIDENCIA 2006,Presidencia 1V,2006,383614,Histórico 2006-2026,2
CORDOBA,Votos válidos,2006-05-01,PRESIDENCIA 2006,Presidencia 1V,2006,379025,Histórico 2006-2026,2
CORDOBA,Votos por candidatos,2006-05-01,PRESIDENCIA 2006,Presidencia 1V,2006,376112,Histórico 2006-2026,2
CORDOBA,Voto en blanco,2006-05-01,PRESIDENCIA 2006,Presidencia 1V,2006,2913,Histórico 2006-2026,2
CORDOBA,Votos nulos,2006-05-01,PRESIDENCIA 2006,Presidencia 1V,2006,2759,Histórico 2006-2026,2
CORDOBA,Votos no marcados,2006-05-01,PRESIDENCIA 2006,Presidencia 1V,2006,1830,Histórico 2006-2026,2
CUNDINAMARCA,Potencial,2006-05-01,PRESIDENCIA 2006,Presidencia 1V,2006,1316506,Histórico 2006-2026,2
CUNDINAMARCA,Sufragantes,2006-05-01,PRESIDENCIA 2006,Presidencia 1V,2006,739979,Histórico 2006-2026,2
CUNDINAMARCA,Votos válidos,2006-05-01,PRESIDENCIA 2006,Presidencia 1V,2006,728445,Histórico 2006-2026,2
CUNDINAMARCA,Votos por candidatos,2006-05-01,PRESIDENCIA 2006,Presidencia 1V,2006,715092,Histórico 2006-2026,2
CUNDINAMARCA,Voto en blanco,2006-05-01,PRESIDENCIA 2006,Presidencia 1V,2006,13353,Histórico 2006-2026,2
CUNDINAMARCA,Votos nulos,2006-05-01,PRESIDENCIA 2006,Presidencia 1V,2006,9200,Histórico 2006-2026,2
CUNDINAMARCA,Votos no marcados,2006-05-01,PRESIDENCIA 2006,Presidencia 1V,2006,2334,Histórico 2006-2026,2
GUAINIA,Potencial,2006-05-01,PRESIDENCIA 2006,Presidencia 1V,2006,16144,Histórico 2006-2026,2
GUAINIA,Sufragantes,2006-05-01,PRESIDENCIA 2006,Presidencia 1V,2006,4455,Histórico 2006-2026,2
GUAINIA,Votos válidos,2006-05-01,PRESIDENCIA 2006,Presidencia 1V,2006,4398,Histórico 2006-2026,2
GUAINIA,Votos por candidatos,2006-05-01,PRESIDENCIA 2006,Presidencia 1V,2006,4302,Histórico 2006-2026,2
GUAINIA,Voto en blanco,2006-05-01,PRESIDENCIA 2006,Presidencia 1V,2006,96,Histórico 2006-2026,2
GUAINIA,Votos nulos,2006-05-01,PRESIDENCIA 2006,Presidencia 1V,2006,37,Histórico 2006-2026,2
GUAINIA,Votos no marcados,2006-05-01,PRESIDENCIA 2006,Presidencia 1V,2006,20,Histórico 2006-2026,2
GUAVIARE,Potencial,2006-05-01,PRESIDENCIA 2006,Presidencia 1V,2006,44791,Histórico 2006-2026,2
GUAVIARE,Sufragantes,2006-05-01,PRESIDENCIA 2006,Presidencia 1V,2006,13830,Histórico 2006-2026,2
GUAVIARE,Votos válidos,2006-05-01,PRESIDENCIA 2006,Presidencia 1V,2006,13442,Histórico 2006-2026,2
GUAVIARE,Votos por candidatos,2006-05-01,PRESIDENCIA 2006,Presidencia 1V,2006,12888,Histórico 2006-2026,2
GUAVIARE,Voto en blanco,2006-05-01,PRESIDENCIA 2006,Presidencia 1V,2006,554,Histórico 2006-2026,2
GUAVIARE,Votos nulos,2006-05-01,PRESIDENCIA 2006,Presidencia 1V,2006,250,Histórico 2006-2026,2
GUAVIARE,Votos no marcados,2006-05-01,PRESIDENCIA 2006,Presidencia 1V,2006,138,Histórico 2006-2026,2
HUILA,Potencial,2006-05-01,PRESIDENCIA 2006,Presidencia 1V,2006,594354,Histórico 2006-2026,2
HUILA,Sufragantes,2006-05-01,PRESIDENCIA 2006,Presidencia 1V,2006,281954,Histórico 2006-2026,2
HUILA,Votos válidos,2006-05-01,PRESIDENCIA 2006,Presidencia 1V,2006,278230,Histórico 2006-2026,2
HUILA,Votos por candidatos,2006-05-01,PRESIDENCIA 2006,Presidencia 1V,2006,273355,Histórico 2006-2026,2
HUILA,Voto en blanco,2006-05-01,PRESIDENCIA 2006,Presidencia 1V,2006,4875,Histórico 2006-2026,2
HUILA,Votos nulos,2006-05-01,PRESIDENCIA 2006,Presidencia 1V,2006,2548,Histórico 2006-2026,2
HUILA,Votos no marcados,2006-05-01,PRESIDENCIA 2006,Presidencia 1V,2006,1176,Histórico 2006-2026,2
LA GUAJIRA,Potencial,2006-05-01,PRESIDENCIA 2006,Presidencia 1V,2006,376726,Histórico 2006-2026,2
LA GUAJIRA,Sufragantes,2006-05-01,PRESIDENCIA 2006,Presidencia 1V,2006,108100,Histórico 2006-2026,2
LA GUAJIRA,Votos válidos,2006-05-01,PRESIDENCIA 2006,Presidencia 1V,2006,106825,Histórico 2006-2026,2
LA GUAJIRA,Votos por candidatos,2006-05-01,PRESIDENCIA 2006,Presidencia 1V,2006,105898,Histórico 2006-2026,2
LA GUAJIRA,Voto en blanco,2006-05-01,PRESIDENCIA 2006,Presidencia 1V,2006,927,Histórico 2006-2026,2
LA GUAJIRA,Votos nulos,2006-05-01,PRESIDENCIA 2006,Presidencia 1V,2006,983,Histórico 2006-2026,2
LA GUAJIRA,Votos no marcados,2006-05-01,PRESIDENCIA 2006,Presidencia 1V,2006,292,Histórico 2006-2026,2
MAGDALENA,Potencial,2006-05-01,PRESIDENCIA 2006,Presidencia 1V,2006,687850,Histórico 2006-2026,2
MAGDALENA,Sufragantes,2006-05-01,PRESIDENCIA 2006,Presidencia 1V,2006,248646,Histórico 2006-2026,2
MAGDALENA,Votos válidos,2006-05-01,PRESIDENCIA 2006,Presidencia 1V,2006,245835,Histórico 2006-2026,2
MAGDALENA,Votos por candidatos,2006-05-01,PRESIDENCIA 2006,Presidencia 1V,2006,243334,Histórico 2006-2026,2
MAGDALENA,Voto en blanco,2006-05-01,PRESIDENCIA 2006,Presidencia 1V,2006,2501,Histórico 2006-2026,2
MAGDALENA,Votos nulos,2006-05-01,PRESIDENCIA 2006,Presidencia 1V,2006,2151,Histórico 2006-2026,2
MAGDALENA,Votos no marcados,2006-05-01,PRESIDENCIA 2006,Presidencia 1V,2006,660,Histórico 2006-2026,2
META,Potencial,2006-05-01,PRESIDENCIA 2006,Presidencia 1V,2006,452328,Histórico 2006-2026,2
META,Sufragantes,2006-05-01,PRESIDENCIA 2006,Presidencia 1V,2006,221582,Histórico 2006-2026,2
META,Votos válidos,2006-05-01,PRESIDENCIA 2006,Presidencia 1V,2006,218698,Histórico 2006-2026,2
META,Votos por candidatos,2006-05-01,PRESIDENCIA 2006,Presidencia 1V,2006,215123,Histórico 2006-2026,2
META,Voto en blanco,2006-05-01,PRESIDENCIA 2006,Presidencia 1V,2006,3575,Histórico 2006-2026,2
META,Votos nulos,2006-05-01,PRESIDENCIA 2006,Presidencia 1V,2006,2051,Histórico 2006-2026,2
META,Votos no marcados,2006-05-01,PRESIDENCIA 2006,Presidencia 1V,2006,833,Histórico 2006-2026,2
NARIÑO,Potencial,2006-05-01,PRESIDENCIA 2006,Presidencia 1V,2006,865651,Histórico 2006-2026,2
NARIÑO,Sufragantes,2006-05-01,PRESIDENCIA 2006,Presidencia 1V,2006,362564,Histórico 2006-2026,2
NARIÑO,Votos válidos,2006-05-01,PRESIDENCIA 2006,Presidencia 1V,2006,356143,Histórico 2006-2026,2
NARIÑO,Votos por candidatos,2006-05-01,PRESIDENCIA 2006,Presidencia 1V,2006,348921,Histórico 2006-2026,2
NARIÑO,Voto en blanco,2006-05-01,PRESIDENCIA 2006,Presidencia 1V,2006,7222,Histórico 2006-2026,2
NARIÑO,Votos nulos,2006-05-01,PRESIDENCIA 2006,Presidencia 1V,2006,4136,Histórico 2006-2026,2
NARIÑO,Votos no marcados,2006-05-01,PRESIDENCIA 2006,Presidencia 1V,2006,2285,Histórico 2006-2026,2
NORTE DE SAN,Potencial,2006-05-01,PRESIDENCIA 2006,Presidencia 1V,2006,856688,Histórico 2006-2026,2
NORTE DE SAN,Sufragantes,2006-05-01,PRESIDENCIA 2006,Presidencia 1V,2006,361760,Histórico 2006-2026,2
NORTE DE SAN,Votos válidos,2006-05-01,PRESIDENCIA 2006,Presidencia 1V,2006,355246,Histórico 2006-2026,2
NORTE DE SAN,Votos por candidatos,2006-05-01,PRESIDENCIA 2006,Presidencia 1V,2006,347829,Histórico 2006-2026,2
NORTE DE SAN,Voto en blanco,2006-05-01,PRESIDENCIA 2006,Presidencia 1V,2006,7417,Histórico 2006-2026,2
NORTE DE SAN,Votos nulos,2006-05-01,PRESIDENCIA 2006,Presidencia 1V,2006,4801,Histórico 2006-2026,2
NORTE DE SAN,Votos no marcados,2006-05-01,PRESIDENCIA 2006,Presidencia 1V,2006,1713,Histórico 2006-2026,2
PUTUMAYO,Potencial,2006-05-01,PRESIDENCIA 2006,Presidencia 1V,2006,155717,Histórico 2006-2026,2
PUTUMAYO,Sufragantes,2006-05-01,PRESIDENCIA 2006,Presidencia 1V,2006,56120,Histórico 2006-2026,2
PUTUMAYO,Votos válidos,2006-05-01,PRESIDENCIA 2006,Presidencia 1V,2006,55148,Histórico 2006-2026,2
PUTUMAYO,Votos por candidatos,2006-05-01,PRESIDENCIA 2006,Presidencia 1V,2006,53925,Histórico 2006-2026,2
PUTUMAYO,Voto en blanco,2006-05-01,PRESIDENCIA 2006,Presidencia 1V,2006,1223,Histórico 2006-2026,2
PUTUMAYO,Votos nulos,2006-05-01,PRESIDENCIA 2006,Presidencia 1V,2006,558,Histórico 2006-2026,2
PUTUMAYO,Votos no marcados,2006-05-01,PRESIDENCIA 2006,Presidencia 1V,2006,414,Histórico 2006-2026,2
QUINDIO,Potencial,2006-05-01,PRESIDENCIA 2006,Presidencia 1V,2006,377401,Histórico 2006-2026,2
QUINDIO,Sufragantes,2006-05-01,PRESIDENCIA 2006,Presidencia 1V,2006,195983,Histórico 2006-2026,2
QUINDIO,Votos válidos,2006-05-01,PRESIDENCIA 2006,Presidencia 1V,2006,191751,Histórico 2006-2026,2
QUINDIO,Votos por candidatos,2006-05-01,PRESIDENCIA 2006,Presidencia 1V,2006,186898,Histórico 2006-2026,2
QUINDIO,Voto en blanco,2006-05-01,PRESIDENCIA 2006,Presidencia 1V,2006,4853,Histórico 2006-2026,2
QUINDIO,Votos nulos,2006-05-01,PRESIDENCIA 2006,Presidencia 1V,2006,3005,Histórico 2006-2026,2
QUINDIO,Votos no marcados,2006-05-01,PRESIDENCIA 2006,Presidencia 1V,2006,1227,Histórico 2006-2026,2
RISARALDA,Potencial,2006-05-01,PRESIDENCIA 2006,Presidencia 1V,2006,605077,Histórico 2006-2026,2
RISARALDA,Sufragantes,2006-05-01,PRESIDENCIA 2006,Presidencia 1V,2006,296272,Histórico 2006-2026,2
RISARALDA,Votos válidos,2006-05-01,PRESIDENCIA 2006,Presidencia 1V,2006,290196,Histórico 2006-2026,2
RISARALDA,Votos por candidatos,2006-05-01,PRESIDENCIA 2006,Presidencia 1V,2006,283649,Histórico 2006-2026,2
RISARALDA,Voto en blanco,2006-05-01,PRESIDENCIA 2006,Presidencia 1V,2006,6547,Histórico 2006-2026,2
RISARALDA,Votos nulos,2006-05-01,PRESIDENCIA 2006,Presidencia 1V,2006,4569,Histórico 2006-2026,2
RISARALDA,Votos no marcados,2006-05-01,PRESIDENCIA 2006,Presidencia 1V,2006,1507,Histórico 2006-2026,2
SAN ANDRES,Potencial,2006-05-01,PRESIDENCIA 2006,Presidencia 1V,2006,40492,Histórico 2006-2026,2
SAN ANDRES,Sufragantes,2006-05-01,PRESIDENCIA 2006,Presidencia 1V,2006,11879,Histórico 2006-2026,2
SAN ANDRES,Votos válidos,2006-05-01,PRESIDENCIA 2006,Presidencia 1V,2006,11804,Histórico 2006-2026,2
SAN ANDRES,Votos por candidatos,2006-05-01,PRESIDENCIA 2006,Presidencia 1V,2006,11638,Histórico 2006-2026,2
SAN ANDRES,Voto en blanco,2006-05-01,PRESIDENCIA 2006,Presidencia 1V,2006,166,Histórico 2006-2026,2
SAN ANDRES,Votos nulos,2006-05-01,PRESIDENCIA 2006,Presidencia 1V,2006,41,Histórico 2006-2026,2
SAN ANDRES,Votos no marcados,2006-05-01,PRESIDENCIA 2006,Presidencia 1V,2006,34,Histórico 2006-2026,2
SANTANDER,Potencial,2006-05-01,PRESIDENCIA 2006,Presidencia 1V,2006,1304184,Histórico 2006-2026,2
SANTANDER,Sufragantes,2006-05-01,PRESIDENCIA 2006,Presidencia 1V,2006,670390,Histórico 2006-2026,2
SANTANDER,Votos válidos,2006-05-01,PRESIDENCIA 2006,Presidencia 1V,2006,661341,Histórico 2006-2026,2
SANTANDER,Votos por candidatos,2006-05-01,PRESIDENCIA 2006,Presidencia 1V,2006,649244,Histórico 2006-2026,2
SANTANDER,Voto en blanco,2006-05-01,PRESIDENCIA 2006,Presidencia 1V,2006,12097,Histórico 2006-2026,2
SANTANDER,Votos nulos,2006-05-01,PRESIDENCIA 2006,Presidencia 1V,2006,6436,Histórico 2006-2026,2
SANTANDER,Votos no marcados,2006-05-01,PRESIDENCIA 2006,Presidencia 1V,2006,2613,Histórico 2006-2026,2
SUCRE,Potencial,2006-05-01,PRESIDENCIA 2006,Presidencia 1V,2006,511748,Histórico 2006-2026,2
SUCRE,Sufragantes,2006-05-01,PRESIDENCIA 2006,Presidencia 1V,2006,223133,Histórico 2006-2026,2
SUCRE,Votos válidos,2006-05-01,PRESIDENCIA 2006,Presidencia 1V,2006,220376,Histórico 2006-2026,2
SUCRE,Votos por candidatos,2006-05-01,PRESIDENCIA 2006,Presidencia 1V,2006,218597,Histórico 2006-2026,2
SUCRE,Voto en blanco,2006-05-01,PRESIDENCIA 2006,Presidencia 1V,2006,1779,Histórico 2006-2026,2
SUCRE,Votos nulos,2006-05-01,PRESIDENCIA 2006,Presidencia 1V,2006,2176,Histórico 2006-2026,2
SUCRE,Votos no marcados,2006-05-01,PRESIDENCIA 2006,Presidencia 1V,2006,581,Histórico 2006-2026,2
TOLIMA,Potencial,2006-05-01,PRESIDENCIA 2006,Presidencia 1V,2006,863416,Histórico 2006-2026,2
TOLIMA,Sufragantes,2006-05-01,PRESIDENCIA 2006,Presidencia 1V,2006,395200,Histórico 2006-2026,2
TOLIMA,Votos válidos,2006-05-01,PRESIDENCIA 2006,Presidencia 1V,2006,388573,Histórico 2006-2026,2
TOLIMA,Votos por candidatos,2006-05-01,PRESIDENCIA 2006,Presidencia 1V,2006,380293,Histórico 2006-2026,2
TOLIMA,Voto en blanco,2006-05-01,PRESIDENCIA 2006,Presidencia 1V,2006,8280,Histórico 2006-2026,2
TOLIMA,Votos nulos,2006-05-01,PRESIDENCIA 2006,Presidencia 1V,2006,4615,Histórico 2006-2026,2
TOLIMA,Votos no marcados,2006-05-01,PRESIDENCIA 2006,Presidencia 1V,2006,2012,Histórico 2006-2026,2
VALLE,Potencial,2006-05-01,PRESIDENCIA 2006,Presidencia 1V,2006,2711398,Histórico 2006-2026,2
VALLE,Sufragantes,2006-05-01,PRESIDENCIA 2006,Presidencia 1V,2006,1094914,Histórico 2006-2026,2
VALLE,Votos válidos,2006-05-01,PRESIDENCIA 2006,Presidencia 1V,2006,1080631,Histórico 2006-2026,2
VALLE,Votos por candidatos,2006-05-01,PRESIDENCIA 2006,Presidencia 1V,2006,1055437,Histórico 2006-2026,2
VALLE,Voto en blanco,2006-05-01,PRESIDENCIA 2006,Presidencia 1V,2006,25194,Histórico 2006-2026,2
VALLE,Votos nulos,2006-05-01,PRESIDENCIA 2006,Presidencia 1V,2006,11341,Histórico 2006-2026,2
VALLE,Votos no marcados,2006-05-01,PRESIDENCIA 2006,Presidencia 1V,2006,2942,Histórico 2006-2026,2
VAUPES,Potencial,2006-05-01,PRESIDENCIA 2006,Presidencia 1V,2006,15267,Histórico 2006-2026,2
VAUPES,Sufragantes,2006-05-01,PRESIDENCIA 2006,Presidencia 1V,2006,3880,Histórico 2006-2026,2
VAUPES,Votos válidos,2006-05-01,PRESIDENCIA 2006,Presidencia 1V,2006,3829,Histórico 2006-2026,2
VAUPES,Votos por candidatos,2006-05-01,PRESIDENCIA 2006,Presidencia 1V,2006,3794,Histórico 2006-2026,2
VAUPES,Voto en blanco,2006-05-01,PRESIDENCIA 2006,Presidencia 1V,2006,35,Histórico 2006-2026,2
VAUPES,Votos nulos,2006-05-01,PRESIDENCIA 2006,Presidencia 1V,2006,27,Histórico 2006-2026,2
VAUPES,Votos no marcados,2006-05-01,PRESIDENCIA 2006,Presidencia 1V,2006,24,Histórico 2006-2026,2
VICHADA,Potencial,2006-05-01,PRESIDENCIA 2006,Presidencia 1V,2006,30437,Histórico 2006-2026,2
VICHADA,Sufragantes,2006-05-01,PRESIDENCIA 2006,Presidencia 1V,2006,7270,Histórico 2006-2026,2
VICHADA,Votos válidos,2006-05-01,PRESIDENCIA 2006,Presidencia 1V,2006,7169,Histórico 2006-2026,2
VICHADA,Votos por candidatos,2006-05-01,PRESIDENCIA 2006,Presidencia 1V,2006,7014,Histórico 2006-2026,2
VICHADA,Voto en blanco,2006-05-01,PRESIDENCIA 2006,Presidencia 1V,2006,155,Histórico 2006-2026,2
VICHADA,Votos nulos,2006-05-01,PRESIDENCIA 2006,Presidencia 1V,2006,52,Histórico 2006-2026,2
VICHADA,Votos no marcados,2006-05-01,PRESIDENCIA 2006,Presidencia 1V,2006,49,Histórico 2006-2026,2
AMAZONAS,Potencial,2010-03-01,CONGRESO 2010,Congreso,2010,35837,Histórico 2006-2026,3
AMAZONAS,Sufragantes,2010-03-01,CONGRESO 2010,Congreso,2010,19345,Histórico 2006-2026,3
AMAZONAS,Votos válidos,2010-03-01,CONGRESO 2010,Congreso,2010,16502,Histórico 2006-2026,3
AMAZONAS,Votos por candidatos,2010-03-01,CONGRESO 2010,Congreso,2010,16307,Histórico 2006-2026,3
AMAZONAS,Voto en blanco,2010-03-01,CONGRESO 2010,Congreso,2010,195,Histórico 2006-2026,3
AMAZONAS,Votos nulos,2010-03-01,CONGRESO 2010,Congreso,2010,1900,Histórico 2006-2026,3
AMAZONAS,Votos no marcados,2010-03-01,CONGRESO 2010,Congreso,2010,943,Histórico 2006-2026,3
ANTIOQUIA,Potencial,2010-03-01,CONGRESO 2010,Congreso,2010,3845692,Histórico 2006-2026,3
ANTIOQUIA,Sufragantes,2010-03-01,CONGRESO 2010,Congreso,2010,1429178,Histórico 2006-2026,3
ANTIOQUIA,Votos válidos,2010-03-01,CONGRESO 2010,Congreso,2010,1079349,Histórico 2006-2026,3
ANTIOQUIA,Votos por candidatos,2010-03-01,CONGRESO 2010,Congreso,2010,1048183,Histórico 2006-2026,3
ANTIOQUIA,Voto en blanco,2010-03-01,CONGRESO 2010,Congreso,2010,31166,Histórico 2006-2026,3
ANTIOQUIA,Votos nulos,2010-03-01,CONGRESO 2010,Congreso,2010,277304,Histórico 2006-2026,3
ANTIOQUIA,Votos no marcados,2010-03-01,CONGRESO 2010,Congreso,2010,72525,Histórico 2006-2026,3
ARAUCA,Potencial,2010-03-01,CONGRESO 2010,Congreso,2010,140746,Histórico 2006-2026,3
ARAUCA,Sufragantes,2010-03-01,CONGRESO 2010,Congreso,2010,51442,Histórico 2006-2026,3
ARAUCA,Votos válidos,2010-03-01,CONGRESO 2010,Congreso,2010,41280,Histórico 2006-2026,3
ARAUCA,Votos por candidatos,2010-03-01,CONGRESO 2010,Congreso,2010,40265,Histórico 2006-2026,3
ARAUCA,Voto en blanco,2010-03-01,CONGRESO 2010,Congreso,2010,1015,Histórico 2006-2026,3
ARAUCA,Votos nulos,2010-03-01,CONGRESO 2010,Congreso,2010,6445,Histórico 2006-2026,3
ARAUCA,Votos no marcados,2010-03-01,CONGRESO 2010,Congreso,2010,3717,Histórico 2006-2026,3
ATLANTICO,Potencial,2010-03-01,CONGRESO 2010,Congreso,2010,1551598,Histórico 2006-2026,3
ATLANTICO,Sufragantes,2010-03-01,CONGRESO 2010,Congreso,2010,695547,Histórico 2006-2026,3
ATLANTICO,Votos válidos,2010-03-01,CONGRESO 2010,Congreso,2010,540152,Histórico 2006-2026,3
ATLANTICO,Votos por candidatos,2010-03-01,CONGRESO 2010,Congreso,2010,527985,Histórico 2006-2026,3
ATLANTICO,Voto en blanco,2010-03-01,CONGRESO 2010,Congreso,2010,12167,Histórico 2006-2026,3
ATLANTICO,Votos nulos,2010-03-01,CONGRESO 2010,Congreso,2010,114685,Histórico 2006-2026,3
ATLANTICO,Votos no marcados,2010-03-01,CONGRESO 2010,Congreso,2010,40710,Histórico 2006-2026,3
BOGOTA D.C.,Potencial,2010-03-01,CONGRESO 2010,Congreso,2010,4731410,Histórico 2006-2026,3
BOGOTA D.C.,Sufragantes,2010-03-01,CONGRESO 2010,Congreso,2010,1781786,Histórico 2006-2026,3
BOGOTA D.C.,Votos válidos,2010-03-01,CONGRESO 2010,Congreso,2010,1354972,Histórico 2006-2026,3
BOGOTA D.C.,Votos por candidatos,2010-03-01,CONGRESO 2010,Congreso,2010,1297622,Histórico 2006-2026,3
BOGOTA D.C.,Voto en blanco,2010-03-01,CONGRESO 2010,Congreso,2010,57350,Histórico 2006-2026,3
BOGOTA D.C.,Votos nulos,2010-03-01,CONGRESO 2010,Congreso,2010,358674,Histórico 2006-2026,3
BOGOTA D.C.,Votos no marcados,2010-03-01,CONGRESO 2010,Congreso,2010,68140,Histórico 2006-2026,3
BOLIVAR,Potencial,2010-03-01,CONGRESO 2010,Congreso,2010,1293415,Histórico 2006-2026,3
BOLIVAR,Sufragantes,2010-03-01,CONGRESO 2010,Congreso,2010,552204,Histórico 2006-2026,3
BOLIVAR,Votos válidos,2010-03-01,CONGRESO 2010,Congreso,2010,428480,Histórico 2006-2026,3
BOLIVAR,Votos por candidatos,2010-03-01,CONGRESO 2010,Congreso,2010,420843,Histórico 2006-2026,3
BOLIVAR,Voto en blanco,2010-03-01,CONGRESO 2010,Congreso,2010,7637,Histórico 2006-2026,3
BOLIVAR,Votos nulos,2010-03-01,CONGRESO 2010,Congreso,2010,87532,Histórico 2006-2026,3
BOLIVAR,Votos no marcados,2010-03-01,CONGRESO 2010,Congreso,2010,36192,Histórico 2006-2026,3
BOYACA,Potencial,2010-03-01,CONGRESO 2010,Congreso,2010,839468,Histórico 2006-2026,3
BOYACA,Sufragantes,2010-03-01,CONGRESO 2010,Congreso,2010,397149,Histórico 2006-2026,3
BOYACA,Votos válidos,2010-03-01,CONGRESO 2010,Congreso,2010,316690,Histórico 2006-2026,3
BOYACA,Votos por candidatos,2010-03-01,CONGRESO 2010,Congreso,2010,306336,Histórico 2006-2026,3
BOYACA,Voto en blanco,2010-03-01,CONGRESO 2010,Congreso,2010,10354,Histórico 2006-2026,3
BOYACA,Votos nulos,2010-03-01,CONGRESO 2010,Congreso,2010,53383,Histórico 2006-2026,3
BOYACA,Votos no marcados,2010-03-01,CONGRESO 2010,Congreso,2010,27076,Histórico 2006-2026,3
CALDAS,Potencial,2010-03-01,CONGRESO 2010,Congreso,2010,728806,Histórico 2006-2026,3
CALDAS,Sufragantes,2010-03-01,CONGRESO 2010,Congreso,2010,347053,Histórico 2006-2026,3
CALDAS,Votos válidos,2010-03-01,CONGRESO 2010,Congreso,2010,262987,Histórico 2006-2026,3
CALDAS,Votos por candidatos,2010-03-01,CONGRESO 2010,Congreso,2010,254646,Histórico 2006-2026,3
CALDAS,Voto en blanco,2010-03-01,CONGRESO 2010,Congreso,2010,8341,Histórico 2006-2026,3
CALDAS,Votos nulos,2010-03-01,CONGRESO 2010,Congreso,2010,58959,Histórico 2006-2026,3
CALDAS,Votos no marcados,2010-03-01,CONGRESO 2010,Congreso,2010,25107,Histórico 2006-2026,3
CAQUETA,Potencial,2010-03-01,CONGRESO 2010,Congreso,2010,246000,Histórico 2006-2026,3
CAQUETA,Sufragantes,2010-03-01,CONGRESO 2010,Congreso,2010,86353,Histórico 2006-2026,3
CAQUETA,Votos válidos,2010-03-01,CONGRESO 2010,Congreso,2010,70333,Histórico 2006-2026,3
CAQUETA,Votos por candidatos,2010-03-01,CONGRESO 2010,Congreso,2010,68475,Histórico 2006-2026,3
CAQUETA,Voto en blanco,2010-03-01,CONGRESO 2010,Congreso,2010,1858,Histórico 2006-2026,3
CAQUETA,Votos nulos,2010-03-01,CONGRESO 2010,Congreso,2010,8134,Histórico 2006-2026,3
CAQUETA,Votos no marcados,2010-03-01,CONGRESO 2010,Congreso,2010,7886,Histórico 2006-2026,3
CASANARE,Potencial,2010-03-01,CONGRESO 2010,Congreso,2010,197567,Histórico 2006-2026,3
CASANARE,Sufragantes,2010-03-01,CONGRESO 2010,Congreso,2010,96774,Histórico 2006-2026,3
CASANARE,Votos válidos,2010-03-01,CONGRESO 2010,Congreso,2010,76680,Histórico 2006-2026,3
CASANARE,Votos por candidatos,2010-03-01,CONGRESO 2010,Congreso,2010,73688,Histórico 2006-2026,3
CASANARE,Voto en blanco,2010-03-01,CONGRESO 2010,Congreso,2010,2992,Histórico 2006-2026,3
CASANARE,Votos nulos,2010-03-01,CONGRESO 2010,Congreso,2010,12963,Histórico 2006-2026,3
CASANARE,Votos no marcados,2010-03-01,CONGRESO 2010,Congreso,2010,7131,Histórico 2006-2026,3
CAUCA,Potencial,2010-03-01,CONGRESO 2010,Congreso,2010,801089,Histórico 2006-2026,3
CAUCA,Sufragantes,2010-03-01,CONGRESO 2010,Congreso,2010,320399,Histórico 2006-2026,3
CAUCA,Votos válidos,2010-03-01,CONGRESO 2010,Congreso,2010,236965,Histórico 2006-2026,3
CAUCA,Votos por candidatos,2010-03-01,CONGRESO 2010,Congreso,2010,229615,Histórico 2006-2026,3
CAUCA,Voto en blanco,2010-03-01,CONGRESO 2010,Congreso,2010,7350,Histórico 2006-2026,3
CAUCA,Votos nulos,2010-03-01,CONGRESO 2010,Congreso,2010,52130,Histórico 2006-2026,3
CAUCA,Votos no marcados,2010-03-01,CONGRESO 2010,Congreso,2010,31304,Histórico 2006-2026,3
CESAR,Potencial,2010-03-01,CONGRESO 2010,Congreso,2010,611577,Histórico 2006-2026,3
CESAR,Sufragantes,2010-03-01,CONGRESO 2010,Congreso,2010,254678,Histórico 2006-2026,3
CESAR,Votos válidos,2010-03-01,CONGRESO 2010,Congreso,2010,204099,Histórico 2006-2026,3
CESAR,Votos por candidatos,2010-03-01,CONGRESO 2010,Congreso,2010,200674,Histórico 2006-2026,3
CESAR,Voto en blanco,2010-03-01,CONGRESO 2010,Congreso,2010,3425,Histórico 2006-2026,3
CESAR,Votos nulos,2010-03-01,CONGRESO 2010,Congreso,2010,34227,Histórico 2006-2026,3
CESAR,Votos no marcados,2010-03-01,CONGRESO 2010,Congreso,2010,16352,Histórico 2006-2026,3
CHOCO,Potencial,2010-03-01,CONGRESO 2010,Congreso,2010,248488,Histórico 2006-2026,3
CHOCO,Sufragantes,2010-03-01,CONGRESO 2010,Congreso,2010,95987,Histórico 2006-2026,3
CHOCO,Votos válidos,2010-03-01,CONGRESO 2010,Congreso,2010,77326,Histórico 2006-2026,3
CHOCO,Votos por candidatos,2010-03-01,CONGRESO 2010,Congreso,2010,76372,Histórico 2006-2026,3
CHOCO,Voto en blanco,2010-03-01,CONGRESO 2010,Congreso,2010,954,Histórico 2006-2026,3
CHOCO,Votos nulos,2010-03-01,CONGRESO 2010,Congreso,2010,12101,Histórico 2006-2026,3
CHOCO,Votos no marcados,2010-03-01,CONGRESO 2010,Congreso,2010,6560,Histórico 2006-2026,3
CONSULADOS,Potencial,2010-03-01,CONGRESO 2010,Congreso,2010,410657,Histórico 2006-2026,3
CONSULADOS,Sufragantes,2010-03-01,CONGRESO 2010,Congreso,2010,47979,Histórico 2006-2026,3
CONSULADOS,Votos válidos,2010-03-01,CONGRESO 2010,Congreso,2010,37992,Histórico 2006-2026,3
CONSULADOS,Votos por candidatos,2010-03-01,CONGRESO 2010,Congreso,2010,36561,Histórico 2006-2026,3
CONSULADOS,Voto en blanco,2010-03-01,CONGRESO 2010,Congreso,2010,1431,Histórico 2006-2026,3
CONSULADOS,Votos nulos,2010-03-01,CONGRESO 2010,Congreso,2010,8299,Histórico 2006-2026,3
CONSULADOS,Votos no marcados,2010-03-01,CONGRESO 2010,Congreso,2010,1688,Histórico 2006-2026,3
CORDOBA,Potencial,2010-03-01,CONGRESO 2010,Congreso,2010,1041986,Histórico 2006-2026,3
CORDOBA,Sufragantes,2010-03-01,CONGRESO 2010,Congreso,2010,557714,Histórico 2006-2026,3
CORDOBA,Votos válidos,2010-03-01,CONGRESO 2010,Congreso,2010,463049,Histórico 2006-2026,3
CORDOBA,Votos por candidatos,2010-03-01,CONGRESO 2010,Congreso,2010,457163,Histórico 2006-2026,3
CORDOBA,Voto en blanco,2010-03-01,CONGRESO 2010,Congreso,2010,5886,Histórico 2006-2026,3
CORDOBA,Votos nulos,2010-03-01,CONGRESO 2010,Congreso,2010,57280,Histórico 2006-2026,3
CORDOBA,Votos no marcados,2010-03-01,CONGRESO 2010,Congreso,2010,37385,Histórico 2006-2026,3
CUNDINAMARCA,Potencial,2010-03-01,CONGRESO 2010,Congreso,2010,1474256,Histórico 2006-2026,3
CUNDINAMARCA,Sufragantes,2010-03-01,CONGRESO 2010,Congreso,2010,633880,Histórico 2006-2026,3
CUNDINAMARCA,Votos válidos,2010-03-01,CONGRESO 2010,Congreso,2010,478208,Histórico 2006-2026,3
CUNDINAMARCA,Votos por candidatos,2010-03-01,CONGRESO 2010,Congreso,2010,455732,Histórico 2006-2026,3
CUNDINAMARCA,Voto en blanco,2010-03-01,CONGRESO 2010,Congreso,2010,22476,Histórico 2006-2026,3
CUNDINAMARCA,Votos nulos,2010-03-01,CONGRESO 2010,Congreso,2010,115704,Histórico 2006-2026,3
CUNDINAMARCA,Votos no marcados,2010-03-01,CONGRESO 2010,Congreso,2010,39968,Histórico 2006-2026,3
GUAINIA,Potencial,2010-03-01,CONGRESO 2010,Congreso,2010,19065,Histórico 2006-2026,3
GUAINIA,Sufragantes,2010-03-01,CONGRESO 2010,Congreso,2010,9514,Histórico 2006-2026,3
GUAINIA,Votos válidos,2010-03-01,CONGRESO 2010,Congreso,2010,8215,Histórico 2006-2026,3
GUAINIA,Votos por candidatos,2010-03-01,CONGRESO 2010,Congreso,2010,8120,Histórico 2006-2026,3
GUAINIA,Voto en blanco,2010-03-01,CONGRESO 2010,Congreso,2010,95,Histórico 2006-2026,3
GUAINIA,Votos nulos,2010-03-01,CONGRESO 2010,Congreso,2010,582,Histórico 2006-2026,3
GUAINIA,Votos no marcados,2010-03-01,CONGRESO 2010,Congreso,2010,717,Histórico 2006-2026,3
GUAVIARE,Potencial,2010-03-01,CONGRESO 2010,Congreso,2010,49528,Histórico 2006-2026,3
GUAVIARE,Sufragantes,2010-03-01,CONGRESO 2010,Congreso,2010,22317,Histórico 2006-2026,3
GUAVIARE,Votos válidos,2010-03-01,CONGRESO 2010,Congreso,2010,19856,Histórico 2006-2026,3
GUAVIARE,Votos por candidatos,2010-03-01,CONGRESO 2010,Congreso,2010,19683,Histórico 2006-2026,3
GUAVIARE,Voto en blanco,2010-03-01,CONGRESO 2010,Congreso,2010,173,Histórico 2006-2026,3
GUAVIARE,Votos nulos,2010-03-01,CONGRESO 2010,Congreso,2010,1441,Histórico 2006-2026,3
GUAVIARE,Votos no marcados,2010-03-01,CONGRESO 2010,Congreso,2010,1020,Histórico 2006-2026,3
HUILA,Potencial,2010-03-01,CONGRESO 2010,Congreso,2010,667691,Histórico 2006-2026,3
HUILA,Sufragantes,2010-03-01,CONGRESO 2010,Congreso,2010,293603,Histórico 2006-2026,3
HUILA,Votos válidos,2010-03-01,CONGRESO 2010,Congreso,2010,232959,Histórico 2006-2026,3
HUILA,Votos por candidatos,2010-03-01,CONGRESO 2010,Congreso,2010,226496,Histórico 2006-2026,3
HUILA,Voto en blanco,2010-03-01,CONGRESO 2010,Congreso,2010,6463,Histórico 2006-2026,3
HUILA,Votos nulos,2010-03-01,CONGRESO 2010,Congreso,2010,38983,Histórico 2006-2026,3
HUILA,Votos no marcados,2010-03-01,CONGRESO 2010,Congreso,2010,21661,Histórico 2006-2026,3
LA GUAJIRA,Potencial,2010-03-01,CONGRESO 2010,Congreso,2010,440620,Histórico 2006-2026,3
LA GUAJIRA,Sufragantes,2010-03-01,CONGRESO 2010,Congreso,2010,148330,Histórico 2006-2026,3
LA GUAJIRA,Votos válidos,2010-03-01,CONGRESO 2010,Congreso,2010,119317,Histórico 2006-2026,3
LA GUAJIRA,Votos por candidatos,2010-03-01,CONGRESO 2010,Congreso,2010,117585,Histórico 2006-2026,3
LA GUAJIRA,Voto en blanco,2010-03-01,CONGRESO 2010,Congreso,2010,1732,Histórico 2006-2026,3
LA GUAJIRA,Votos nulos,2010-03-01,CONGRESO 2010,Congreso,2010,17594,Histórico 2006-2026,3
LA GUAJIRA,Votos no marcados,2010-03-01,CONGRESO 2010,Congreso,2010,11419,Histórico 2006-2026,3
MAGDALENA,Potencial,2010-03-01,CONGRESO 2010,Congreso,2010,778586,Histórico 2006-2026,3
MAGDALENA,Sufragantes,2010-03-01,CONGRESO 2010,Congreso,2010,365867,Histórico 2006-2026,3
MAGDALENA,Votos válidos,2010-03-01,CONGRESO 2010,Congreso,2010,297382,Histórico 2006-2026,3
MAGDALENA,Votos por candidatos,2010-03-01,CONGRESO 2010,Congreso,2010,294161,Histórico 2006-2026,3
MAGDALENA,Voto en blanco,2010-03-01,CONGRESO 2010,Congreso,2010,3221,Histórico 2006-2026,3
MAGDALENA,Votos nulos,2010-03-01,CONGRESO 2010,Congreso,2010,51358,Histórico 2006-2026,3
MAGDALENA,Votos no marcados,2010-03-01,CONGRESO 2010,Congreso,2010,17127,Histórico 2006-2026,3
META,Potencial,2010-03-01,CONGRESO 2010,Congreso,2010,526523,Histórico 2006-2026,3
META,Sufragantes,2010-03-01,CONGRESO 2010,Congreso,2010,218716,Histórico 2006-2026,3
META,Votos válidos,2010-03-01,CONGRESO 2010,Congreso,2010,168695,Histórico 2006-2026,3
META,Votos por candidatos,2010-03-01,CONGRESO 2010,Congreso,2010,162791,Histórico 2006-2026,3
META,Voto en blanco,2010-03-01,CONGRESO 2010,Congreso,2010,5904,Histórico 2006-2026,3
META,Votos nulos,2010-03-01,CONGRESO 2010,Congreso,2010,35434,Histórico 2006-2026,3
META,Votos no marcados,2010-03-01,CONGRESO 2010,Congreso,2010,14587,Histórico 2006-2026,3
NARIÑO,Potencial,2010-03-01,CONGRESO 2010,Congreso,2010,958443,Histórico 2006-2026,3
NARIÑO,Sufragantes,2010-03-01,CONGRESO 2010,Congreso,2010,473688,Histórico 2006-2026,3
NARIÑO,Votos válidos,2010-03-01,CONGRESO 2010,Congreso,2010,384699,Histórico 2006-2026,3
NARIÑO,Votos por candidatos,2010-03-01,CONGRESO 2010,Congreso,2010,378149,Histórico 2006-2026,3
NARIÑO,Voto en blanco,2010-03-01,CONGRESO 2010,Congreso,2010,6550,Histórico 2006-2026,3
NARIÑO,Votos nulos,2010-03-01,CONGRESO 2010,Congreso,2010,63612,Histórico 2006-2026,3
NARIÑO,Votos no marcados,2010-03-01,CONGRESO 2010,Congreso,2010,25377,Histórico 2006-2026,3
NORTE DE SAN,Potencial,2010-03-01,CONGRESO 2010,Congreso,2010,957717,Histórico 2006-2026,3
NORTE DE SAN,Sufragantes,2010-03-01,CONGRESO 2010,Congreso,2010,432127,Histórico 2006-2026,3
NORTE DE SAN,Votos válidos,2010-03-01,CONGRESO 2010,Congreso,2010,357155,Histórico 2006-2026,3
NORTE DE SAN,Votos por candidatos,2010-03-01,CONGRESO 2010,Congreso,2010,349564,Histórico 2006-2026,3
NORTE DE SAN,Voto en blanco,2010-03-01,CONGRESO 2010,Congreso,2010,7591,Histórico 2006-2026,3
NORTE DE SAN,Votos nulos,2010-03-01,CONGRESO 2010,Congreso,2010,54824,Histórico 2006-2026,3
NORTE DE SAN,Votos no marcados,2010-03-01,CONGRESO 2010,Congreso,2010,20148,Histórico 2006-2026,3
PUTUMAYO,Potencial,2010-03-01,CONGRESO 2010,Congreso,2010,176825,Histórico 2006-2026,3
PUTUMAYO,Sufragantes,2010-03-01,CONGRESO 2010,Congreso,2010,78323,Histórico 2006-2026,3
PUTUMAYO,Votos válidos,2010-03-01,CONGRESO 2010,Congreso,2010,64275,Histórico 2006-2026,3
PUTUMAYO,Votos por candidatos,2010-03-01,CONGRESO 2010,Congreso,2010,63363,Histórico 2006-2026,3
PUTUMAYO,Voto en blanco,2010-03-01,CONGRESO 2010,Congreso,2010,912,Histórico 2006-2026,3
PUTUMAYO,Votos nulos,2010-03-01,CONGRESO 2010,Congreso,2010,9099,Histórico 2006-2026,3
PUTUMAYO,Votos no marcados,2010-03-01,CONGRESO 2010,Congreso,2010,4949,Histórico 2006-2026,3
QUINDIO,Potencial,2010-03-01,CONGRESO 2010,Congreso,2010,407424,Histórico 2006-2026,3
QUINDIO,Sufragantes,2010-03-01,CONGRESO 2010,Congreso,2010,189733,Histórico 2006-2026,3
QUINDIO,Votos válidos,2010-03-01,CONGRESO 2010,Congreso,2010,147576,Histórico 2006-2026,3
QUINDIO,Votos por candidatos,2010-03-01,CONGRESO 2010,Congreso,2010,142436,Histórico 2006-2026,3
QUINDIO,Voto en blanco,2010-03-01,CONGRESO 2010,Congreso,2010,5140,Histórico 2006-2026,3
QUINDIO,Votos nulos,2010-03-01,CONGRESO 2010,Congreso,2010,27946,Histórico 2006-2026,3
QUINDIO,Votos no marcados,2010-03-01,CONGRESO 2010,Congreso,2010,14211,Histórico 2006-2026,3
RISARALDA,Potencial,2010-03-01,CONGRESO 2010,Congreso,2010,667763,Histórico 2006-2026,3
RISARALDA,Sufragantes,2010-03-01,CONGRESO 2010,Congreso,2010,281865,Histórico 2006-2026,3
RISARALDA,Votos válidos,2010-03-01,CONGRESO 2010,Congreso,2010,213799,Histórico 2006-2026,3
RISARALDA,Votos por candidatos,2010-03-01,CONGRESO 2010,Congreso,2010,207100,Histórico 2006-2026,3
RISARALDA,Voto en blanco,2010-03-01,CONGRESO 2010,Congreso,2010,6699,Histórico 2006-2026,3
RISARALDA,Votos nulos,2010-03-01,CONGRESO 2010,Congreso,2010,47925,Histórico 2006-2026,3
RISARALDA,Votos no marcados,2010-03-01,CONGRESO 2010,Congreso,2010,20141,Histórico 2006-2026,3
SAN ANDRES,Potencial,2010-03-01,CONGRESO 2010,Congreso,2010,42877,Histórico 2006-2026,3
SAN ANDRES,Sufragantes,2010-03-01,CONGRESO 2010,Congreso,2010,19669,Histórico 2006-2026,3
SAN ANDRES,Votos válidos,2010-03-01,CONGRESO 2010,Congreso,2010,15470,Histórico 2006-2026,3
SAN ANDRES,Votos por candidatos,2010-03-01,CONGRESO 2010,Congreso,2010,15077,Histórico 2006-2026,3
SAN ANDRES,Voto en blanco,2010-03-01,CONGRESO 2010,Congreso,2010,393,Histórico 2006-2026,3
SAN ANDRES,Votos nulos,2010-03-01,CONGRESO 2010,Congreso,2010,2371,Histórico 2006-2026,3
SAN ANDRES,Votos no marcados,2010-03-01,CONGRESO 2010,Congreso,2010,1828,Histórico 2006-2026,3
SANTANDER,Potencial,2010-03-01,CONGRESO 2010,Congreso,2010,1431424,Histórico 2006-2026,3
SANTANDER,Sufragantes,2010-03-01,CONGRESO 2010,Congreso,2010,658603,Histórico 2006-2026,3
SANTANDER,Votos válidos,2010-03-01,CONGRESO 2010,Congreso,2010,538545,Histórico 2006-2026,3
SANTANDER,Votos por candidatos,2010-03-01,CONGRESO 2010,Congreso,2010,525609,Histórico 2006-2026,3
SANTANDER,Voto en blanco,2010-03-01,CONGRESO 2010,Congreso,2010,12936,Histórico 2006-2026,3
SANTANDER,Votos nulos,2010-03-01,CONGRESO 2010,Congreso,2010,91561,Histórico 2006-2026,3
SANTANDER,Votos no marcados,2010-03-01,CONGRESO 2010,Congreso,2010,28497,Histórico 2006-2026,3
SUCRE,Potencial,2010-03-01,CONGRESO 2010,Congreso,2010,570155,Histórico 2006-2026,3
SUCRE,Sufragantes,2010-03-01,CONGRESO 2010,Congreso,2010,272430,Histórico 2006-2026,3
SUCRE,Votos válidos,2010-03-01,CONGRESO 2010,Congreso,2010,204078,Histórico 2006-2026,3
SUCRE,Votos por candidatos,2010-03-01,CONGRESO 2010,Congreso,2010,199753,Histórico 2006-2026,3
SUCRE,Voto en blanco,2010-03-01,CONGRESO 2010,Congreso,2010,4325,Histórico 2006-2026,3
SUCRE,Votos nulos,2010-03-01,CONGRESO 2010,Congreso,2010,39558,Histórico 2006-2026,3
SUCRE,Votos no marcados,2010-03-01,CONGRESO 2010,Congreso,2010,28794,Histórico 2006-2026,3
TOLIMA,Potencial,2010-03-01,CONGRESO 2010,Congreso,2010,930829,Histórico 2006-2026,3
TOLIMA,Sufragantes,2010-03-01,CONGRESO 2010,Congreso,2010,415334,Histórico 2006-2026,3
TOLIMA,Votos válidos,2010-03-01,CONGRESO 2010,Congreso,2010,327501,Histórico 2006-2026,3
TOLIMA,Votos por candidatos,2010-03-01,CONGRESO 2010,Congreso,2010,319921,Histórico 2006-2026,3
TOLIMA,Voto en blanco,2010-03-01,CONGRESO 2010,Congreso,2010,7580,Histórico 2006-2026,3
TOLIMA,Votos nulos,2010-03-01,CONGRESO 2010,Congreso,2010,61532,Histórico 2006-2026,3
TOLIMA,Votos no marcados,2010-03-01,CONGRESO 2010,Congreso,2010,26301,Histórico 2006-2026,3
VALLE,Potencial,2010-03-01,CONGRESO 2010,Congreso,2010,2984211,Histórico 2006-2026,3
VALLE,Sufragantes,2010-03-01,CONGRESO 2010,Congreso,2010,1162072,Histórico 2006-2026,3
VALLE,Votos válidos,2010-03-01,CONGRESO 2010,Congreso,2010,917258,Histórico 2006-2026,3
VALLE,Votos por candidatos,2010-03-01,CONGRESO 2010,Congreso,2010,895841,Histórico 2006-2026,3
VALLE,Voto en blanco,2010-03-01,CONGRESO 2010,Congreso,2010,21417,Histórico 2006-2026,3
VALLE,Votos nulos,2010-03-01,CONGRESO 2010,Congreso,2010,196461,Histórico 2006-2026,3
VALLE,Votos no marcados,2010-03-01,CONGRESO 2010,Congreso,2010,48353,Histórico 2006-2026,3
VAUPES,Potencial,2010-03-01,CONGRESO 2010,Congreso,2010,17244,Histórico 2006-2026,3
VAUPES,Sufragantes,2010-03-01,CONGRESO 2010,Congreso,2010,8806,Histórico 2006-2026,3
VAUPES,Votos válidos,2010-03-01,CONGRESO 2010,Congreso,2010,7852,Histórico 2006-2026,3
VAUPES,Votos por candidatos,2010-03-01,CONGRESO 2010,Congreso,2010,7801,Histórico 2006-2026,3
VAUPES,Voto en blanco,2010-03-01,CONGRESO 2010,Congreso,2010,51,Histórico 2006-2026,3
VAUPES,Votos nulos,2010-03-01,CONGRESO 2010,Congreso,2010,367,Histórico 2006-2026,3
VAUPES,Votos no marcados,2010-03-01,CONGRESO 2010,Congreso,2010,587,Histórico 2006-2026,3
VICHADA,Potencial,2010-03-01,CONGRESO 2010,Congreso,2010,36182,Histórico 2006-2026,3
VICHADA,Sufragantes,2010-03-01,CONGRESO 2010,Congreso,2010,15661,Histórico 2006-2026,3
VICHADA,Votos válidos,2010-03-01,CONGRESO 2010,Congreso,2010,13600,Histórico 2006-2026,3
VICHADA,Votos por candidatos,2010-03-01,CONGRESO 2010,Congreso,2010,13477,Histórico 2006-2026,3
VICHADA,Voto en blanco,2010-03-01,CONGRESO 2010,Congreso,2010,123,Histórico 2006-2026,3
VICHADA,Votos nulos,2010-03-01,CONGRESO 2010,Congreso,2010,1286,Histórico 2006-2026,3
VICHADA,Votos no marcados,2010-03-01,CONGRESO 2010,Congreso,2010,775,Histórico 2006-2026,3
AMAZONAS,Potencial,2010-05-01,PRESIDENCIA 2010 - 1,Presidencia 1V,2010,35983,Histórico 2006-2026,4
AMAZONAS,Sufragantes,2010-05-01,PRESIDENCIA 2010 - 1,Presidencia 1V,2010,15181,Histórico 2006-2026,4
AMAZONAS,Votos válidos,2010-05-01,PRESIDENCIA 2010 - 1,Presidencia 1V,2010,14941,Histórico 2006-2026,4
AMAZONAS,Votos por candidatos,2010-05-01,PRESIDENCIA 2010 - 1,Presidencia 1V,2010,14720,Histórico 2006-2026,4
AMAZONAS,Voto en blanco,2010-05-01,PRESIDENCIA 2010 - 1,Presidencia 1V,2010,221,Histórico 2006-2026,4
AMAZONAS,Votos nulos,2010-05-01,PRESIDENCIA 2010 - 1,Presidencia 1V,2010,170,Histórico 2006-2026,4
AMAZONAS,Votos no marcados,2010-05-01,PRESIDENCIA 2010 - 1,Presidencia 1V,2010,70,Histórico 2006-2026,4
ANTIOQUIA,Potencial,2010-05-01,PRESIDENCIA 2010 - 1,Presidencia 1V,2010,3861349,Histórico 2006-2026,4
ANTIOQUIA,Sufragantes,2010-05-01,PRESIDENCIA 2010 - 1,Presidencia 1V,2010,1927636,Histórico 2006-2026,4
ANTIOQUIA,Votos válidos,2010-05-01,PRESIDENCIA 2010 - 1,Presidencia 1V,2010,1893250,Histórico 2006-2026,4
ANTIOQUIA,Votos por candidatos,2010-05-01,PRESIDENCIA 2010 - 1,Presidencia 1V,2010,1849620,Histórico 2006-2026,4
ANTIOQUIA,Voto en blanco,2010-05-01,PRESIDENCIA 2010 - 1,Presidencia 1V,2010,43630,Histórico 2006-2026,4
ANTIOQUIA,Votos nulos,2010-05-01,PRESIDENCIA 2010 - 1,Presidencia 1V,2010,28182,Histórico 2006-2026,4
ANTIOQUIA,Votos no marcados,2010-05-01,PRESIDENCIA 2010 - 1,Presidencia 1V,2010,6204,Histórico 2006-2026,4
ARAUCA,Potencial,2010-05-01,PRESIDENCIA 2010 - 1,Presidencia 1V,2010,141319,Histórico 2006-2026,4
ARAUCA,Sufragantes,2010-05-01,PRESIDENCIA 2010 - 1,Presidencia 1V,2010,57344,Histórico 2006-2026,4
ARAUCA,Votos válidos,2010-05-01,PRESIDENCIA 2010 - 1,Presidencia 1V,2010,56312,Histórico 2006-2026,4
ARAUCA,Votos por candidatos,2010-05-01,PRESIDENCIA 2010 - 1,Presidencia 1V,2010,55055,Histórico 2006-2026,4
ARAUCA,Voto en blanco,2010-05-01,PRESIDENCIA 2010 - 1,Presidencia 1V,2010,1257,Histórico 2006-2026,4
ARAUCA,Votos nulos,2010-05-01,PRESIDENCIA 2010 - 1,Presidencia 1V,2010,777,Histórico 2006-2026,4
ARAUCA,Votos no marcados,2010-05-01,PRESIDENCIA 2010 - 1,Presidencia 1V,2010,255,Histórico 2006-2026,4
ATLANTICO,Potencial,2010-05-01,PRESIDENCIA 2010 - 1,Presidencia 1V,2010,1557915,Histórico 2006-2026,4
ATLANTICO,Sufragantes,2010-05-01,PRESIDENCIA 2010 - 1,Presidencia 1V,2010,513612,Histórico 2006-2026,4
ATLANTICO,Votos válidos,2010-05-01,PRESIDENCIA 2010 - 1,Presidencia 1V,2010,509092,Histórico 2006-2026,4
ATLANTICO,Votos por candidatos,2010-05-01,PRESIDENCIA 2010 - 1,Presidencia 1V,2010,504330,Histórico 2006-2026,4
ATLANTICO,Voto en blanco,2010-05-01,PRESIDENCIA 2010 - 1,Presidencia 1V,2010,4762,Histórico 2006-2026,4
ATLANTICO,Votos nulos,2010-05-01,PRESIDENCIA 2010 - 1,Presidencia 1V,2010,3918,Histórico 2006-2026,4
ATLANTICO,Votos no marcados,2010-05-01,PRESIDENCIA 2010 - 1,Presidencia 1V,2010,602,Histórico 2006-2026,4
BOGOTA D.C.,Potencial,2010-05-01,PRESIDENCIA 2010 - 1,Presidencia 1V,2010,4750674,Histórico 2006-2026,4
BOGOTA D.C.,Sufragantes,2010-05-01,PRESIDENCIA 2010 - 1,Presidencia 1V,2010,2834481,Histórico 2006-2026,4
BOGOTA D.C.,Votos válidos,2010-05-01,PRESIDENCIA 2010 - 1,Presidencia 1V,2010,2807895,Histórico 2006-2026,4
BOGOTA D.C.,Votos por candidatos,2010-05-01,PRESIDENCIA 2010 - 1,Presidencia 1V,2010,2773681,Histórico 2006-2026,4
BOGOTA D.C.,Voto en blanco,2010-05-01,PRESIDENCIA 2010 - 1,Presidencia 1V,2010,34214,Histórico 2006-2026,4
BOGOTA D.C.,Votos nulos,2010-05-01,PRESIDENCIA 2010 - 1,Presidencia 1V,2010,24398,Histórico 2006-2026,4
BOGOTA D.C.,Votos no marcados,2010-05-01,PRESIDENCIA 2010 - 1,Presidencia 1V,2010,2188,Histórico 2006-2026,4
BOLIVAR,Potencial,2010-05-01,PRESIDENCIA 2010 - 1,Presidencia 1V,2010,1298681,Histórico 2006-2026,4
BOLIVAR,Sufragantes,2010-05-01,PRESIDENCIA 2010 - 1,Presidencia 1V,2010,497966,Histórico 2006-2026,4
BOLIVAR,Votos válidos,2010-05-01,PRESIDENCIA 2010 - 1,Presidencia 1V,2010,492715,Histórico 2006-2026,4
BOLIVAR,Votos por candidatos,2010-05-01,PRESIDENCIA 2010 - 1,Presidencia 1V,2010,487511,Histórico 2006-2026,4
BOLIVAR,Voto en blanco,2010-05-01,PRESIDENCIA 2010 - 1,Presidencia 1V,2010,5204,Histórico 2006-2026,4
BOLIVAR,Votos nulos,2010-05-01,PRESIDENCIA 2010 - 1,Presidencia 1V,2010,4271,Histórico 2006-2026,4
BOLIVAR,Votos no marcados,2010-05-01,PRESIDENCIA 2010 - 1,Presidencia 1V,2010,980,Histórico 2006-2026,4
BOYACA,Potencial,2010-05-01,PRESIDENCIA 2010 - 1,Presidencia 1V,2010,842886,Histórico 2006-2026,4
BOYACA,Sufragantes,2010-05-01,PRESIDENCIA 2010 - 1,Presidencia 1V,2010,481752,Histórico 2006-2026,4
BOYACA,Votos válidos,2010-05-01,PRESIDENCIA 2010 - 1,Presidencia 1V,2010,474673,Histórico 2006-2026,4
BOYACA,Votos por candidatos,2010-05-01,PRESIDENCIA 2010 - 1,Presidencia 1V,2010,468560,Histórico 2006-2026,4
BOYACA,Voto en blanco,2010-05-01,PRESIDENCIA 2010 - 1,Presidencia 1V,2010,6113,Histórico 2006-2026,4
BOYACA,Votos nulos,2010-05-01,PRESIDENCIA 2010 - 1,Presidencia 1V,2010,5327,Histórico 2006-2026,4
BOYACA,Votos no marcados,2010-05-01,PRESIDENCIA 2010 - 1,Presidencia 1V,2010,1752,Histórico 2006-2026,4
CALDAS,Potencial,2010-05-01,PRESIDENCIA 2010 - 1,Presidencia 1V,2010,731773,Histórico 2006-2026,4
CALDAS,Sufragantes,2010-05-01,PRESIDENCIA 2010 - 1,Presidencia 1V,2010,404970,Histórico 2006-2026,4
CALDAS,Votos válidos,2010-05-01,PRESIDENCIA 2010 - 1,Presidencia 1V,2010,393700,Histórico 2006-2026,4
CALDAS,Votos por candidatos,2010-05-01,PRESIDENCIA 2010 - 1,Presidencia 1V,2010,386035,Histórico 2006-2026,4
CALDAS,Voto en blanco,2010-05-01,PRESIDENCIA 2010 - 1,Presidencia 1V,2010,7665,Histórico 2006-2026,4
CALDAS,Votos nulos,2010-05-01,PRESIDENCIA 2010 - 1,Presidencia 1V,2010,9289,Histórico 2006-2026,4
CALDAS,Votos no marcados,2010-05-01,PRESIDENCIA 2010 - 1,Presidencia 1V,2010,1981,Histórico 2006-2026,4
CAQUETA,Potencial,2010-05-01,PRESIDENCIA 2010 - 1,Presidencia 1V,2010,247002,Histórico 2006-2026,4
CAQUETA,Sufragantes,2010-05-01,PRESIDENCIA 2010 - 1,Presidencia 1V,2010,91313,Histórico 2006-2026,4
CAQUETA,Votos válidos,2010-05-01,PRESIDENCIA 2010 - 1,Presidencia 1V,2010,90192,Histórico 2006-2026,4
CAQUETA,Votos por candidatos,2010-05-01,PRESIDENCIA 2010 - 1,Presidencia 1V,2010,87867,Histórico 2006-2026,4
CAQUETA,Voto en blanco,2010-05-01,PRESIDENCIA 2010 - 1,Presidencia 1V,2010,2325,Histórico 2006-2026,4
CAQUETA,Votos nulos,2010-05-01,PRESIDENCIA 2010 - 1,Presidencia 1V,2010,707,Histórico 2006-2026,4
CAQUETA,Votos no marcados,2010-05-01,PRESIDENCIA 2010 - 1,Presidencia 1V,2010,414,Histórico 2006-2026,4
CASANARE,Potencial,2010-05-01,PRESIDENCIA 2010 - 1,Presidencia 1V,2010,198371,Histórico 2006-2026,4
CASANARE,Sufragantes,2010-05-01,PRESIDENCIA 2010 - 1,Presidencia 1V,2010,129894,Histórico 2006-2026,4
CASANARE,Votos válidos,2010-05-01,PRESIDENCIA 2010 - 1,Presidencia 1V,2010,128410,Histórico 2006-2026,4
CASANARE,Votos por candidatos,2010-05-01,PRESIDENCIA 2010 - 1,Presidencia 1V,2010,126875,Histórico 2006-2026,4
CASANARE,Voto en blanco,2010-05-01,PRESIDENCIA 2010 - 1,Presidencia 1V,2010,1535,Histórico 2006-2026,4
CASANARE,Votos nulos,2010-05-01,PRESIDENCIA 2010 - 1,Presidencia 1V,2010,1063,Histórico 2006-2026,4
CASANARE,Votos no marcados,2010-05-01,PRESIDENCIA 2010 - 1,Presidencia 1V,2010,421,Histórico 2006-2026,4
CAUCA,Potencial,2010-05-01,PRESIDENCIA 2010 - 1,Presidencia 1V,2010,804351,Histórico 2006-2026,4
CAUCA,Sufragantes,2010-05-01,PRESIDENCIA 2010 - 1,Presidencia 1V,2010,354920,Histórico 2006-2026,4
CAUCA,Votos válidos,2010-05-01,PRESIDENCIA 2010 - 1,Presidencia 1V,2010,346119,Histórico 2006-2026,4
CAUCA,Votos por candidatos,2010-05-01,PRESIDENCIA 2010 - 1,Presidencia 1V,2010,338869,Histórico 2006-2026,4
CAUCA,Voto en blanco,2010-05-01,PRESIDENCIA 2010 - 1,Presidencia 1V,2010,7250,Histórico 2006-2026,4
CAUCA,Votos nulos,2010-05-01,PRESIDENCIA 2010 - 1,Presidencia 1V,2010,6430,Histórico 2006-2026,4
CAUCA,Votos no marcados,2010-05-01,PRESIDENCIA 2010 - 1,Presidencia 1V,2010,2371,Histórico 2006-2026,4
CESAR,Potencial,2010-05-01,PRESIDENCIA 2010 - 1,Presidencia 1V,2010,614067,Histórico 2006-2026,4
CESAR,Sufragantes,2010-05-01,PRESIDENCIA 2010 - 1,Presidencia 1V,2010,268870,Histórico 2006-2026,4
CESAR,Votos válidos,2010-05-01,PRESIDENCIA 2010 - 1,Presidencia 1V,2010,265988,Histórico 2006-2026,4
CESAR,Votos por candidatos,2010-05-01,PRESIDENCIA 2010 - 1,Presidencia 1V,2010,262919,Histórico 2006-2026,4
CESAR,Voto en blanco,2010-05-01,PRESIDENCIA 2010 - 1,Presidencia 1V,2010,3069,Histórico 2006-2026,4
CESAR,Votos nulos,2010-05-01,PRESIDENCIA 2010 - 1,Presidencia 1V,2010,2293,Histórico 2006-2026,4
CESAR,Votos no marcados,2010-05-01,PRESIDENCIA 2010 - 1,Presidencia 1V,2010,589,Histórico 2006-2026,4
CHOCO,Potencial,2010-05-01,PRESIDENCIA 2010 - 1,Presidencia 1V,2010,249500,Histórico 2006-2026,4
CHOCO,Sufragantes,2010-05-01,PRESIDENCIA 2010 - 1,Presidencia 1V,2010,89215,Histórico 2006-2026,4
CHOCO,Votos válidos,2010-05-01,PRESIDENCIA 2010 - 1,Presidencia 1V,2010,86777,Histórico 2006-2026,4
CHOCO,Votos por candidatos,2010-05-01,PRESIDENCIA 2010 - 1,Presidencia 1V,2010,85028,Histórico 2006-2026,4
CHOCO,Voto en blanco,2010-05-01,PRESIDENCIA 2010 - 1,Presidencia 1V,2010,1749,Histórico 2006-2026,4
CHOCO,Votos nulos,2010-05-01,PRESIDENCIA 2010 - 1,Presidencia 1V,2010,1796,Histórico 2006-2026,4
CHOCO,Votos no marcados,2010-05-01,PRESIDENCIA 2010 - 1,Presidencia 1V,2010,642,Histórico 2006-2026,4
CONSULADOS,Potencial,2010-05-01,PRESIDENCIA 2010 - 1,Presidencia 1V,2010,412329,Histórico 2006-2026,4
CONSULADOS,Sufragantes,2010-05-01,PRESIDENCIA 2010 - 1,Presidencia 1V,2010,105312,Histórico 2006-2026,4
CONSULADOS,Votos válidos,2010-05-01,PRESIDENCIA 2010 - 1,Presidencia 1V,2010,104795,Histórico 2006-2026,4
CONSULADOS,Votos por candidatos,2010-05-01,PRESIDENCIA 2010 - 1,Presidencia 1V,2010,104142,Histórico 2006-2026,4
CONSULADOS,Voto en blanco,2010-05-01,PRESIDENCIA 2010 - 1,Presidencia 1V,2010,653,Histórico 2006-2026,4
CONSULADOS,Votos nulos,2010-05-01,PRESIDENCIA 2010 - 1,Presidencia 1V,2010,407,Histórico 2006-2026,4
CONSULADOS,Votos no marcados,2010-05-01,PRESIDENCIA 2010 - 1,Presidencia 1V,2010,110,Histórico 2006-2026,4
CORDOBA,Potencial,2010-05-01,PRESIDENCIA 2010 - 1,Presidencia 1V,2010,1046228,Histórico 2006-2026,4
CORDOBA,Sufragantes,2010-05-01,PRESIDENCIA 2010 - 1,Presidencia 1V,2010,454274,Histórico 2006-2026,4
CORDOBA,Votos válidos,2010-05-01,PRESIDENCIA 2010 - 1,Presidencia 1V,2010,448842,Histórico 2006-2026,4
CORDOBA,Votos por candidatos,2010-05-01,PRESIDENCIA 2010 - 1,Presidencia 1V,2010,444450,Histórico 2006-2026,4
CORDOBA,Voto en blanco,2010-05-01,PRESIDENCIA 2010 - 1,Presidencia 1V,2010,4392,Histórico 2006-2026,4
CORDOBA,Votos nulos,2010-05-01,PRESIDENCIA 2010 - 1,Presidencia 1V,2010,3991,Histórico 2006-2026,4
CORDOBA,Votos no marcados,2010-05-01,PRESIDENCIA 2010 - 1,Presidencia 1V,2010,1441,Histórico 2006-2026,4
CUNDINAMARCA,Potencial,2010-05-01,PRESIDENCIA 2010 - 1,Presidencia 1V,2010,1480258,Histórico 2006-2026,4
CUNDINAMARCA,Sufragantes,2010-05-01,PRESIDENCIA 2010 - 1,Presidencia 1V,2010,905924,Histórico 2006-2026,4
CUNDINAMARCA,Votos válidos,2010-05-01,PRESIDENCIA 2010 - 1,Presidencia 1V,2010,892667,Histórico 2006-2026,4
CUNDINAMARCA,Votos por candidatos,2010-05-01,PRESIDENCIA 2010 - 1,Presidencia 1V,2010,880648,Histórico 2006-2026,4
CUNDINAMARCA,Voto en blanco,2010-05-01,PRESIDENCIA 2010 - 1,Presidencia 1V,2010,12019,Histórico 2006-2026,4
CUNDINAMARCA,Votos nulos,2010-05-01,PRESIDENCIA 2010 - 1,Presidencia 1V,2010,11445,Histórico 2006-2026,4
CUNDINAMARCA,Votos no marcados,2010-05-01,PRESIDENCIA 2010 - 1,Presidencia 1V,2010,1812,Histórico 2006-2026,4
GUAINIA,Potencial,2010-05-01,PRESIDENCIA 2010 - 1,Presidencia 1V,2010,19143,Histórico 2006-2026,4
GUAINIA,Sufragantes,2010-05-01,PRESIDENCIA 2010 - 1,Presidencia 1V,2010,6623,Histórico 2006-2026,4
GUAINIA,Votos válidos,2010-05-01,PRESIDENCIA 2010 - 1,Presidencia 1V,2010,6526,Histórico 2006-2026,4
GUAINIA,Votos por candidatos,2010-05-01,PRESIDENCIA 2010 - 1,Presidencia 1V,2010,6422,Histórico 2006-2026,4
GUAINIA,Voto en blanco,2010-05-01,PRESIDENCIA 2010 - 1,Presidencia 1V,2010,104,Histórico 2006-2026,4
GUAINIA,Votos nulos,2010-05-01,PRESIDENCIA 2010 - 1,Presidencia 1V,2010,69,Histórico 2006-2026,4
GUAINIA,Votos no marcados,2010-05-01,PRESIDENCIA 2010 - 1,Presidencia 1V,2010,28,Histórico 2006-2026,4
GUAVIARE,Potencial,2010-05-01,PRESIDENCIA 2010 - 1,Presidencia 1V,2010,49730,Histórico 2006-2026,4
GUAVIARE,Sufragantes,2010-05-01,PRESIDENCIA 2010 - 1,Presidencia 1V,2010,19004,Histórico 2006-2026,4
GUAVIARE,Votos válidos,2010-05-01,PRESIDENCIA 2010 - 1,Presidencia 1V,2010,18677,Histórico 2006-2026,4
GUAVIARE,Votos por candidatos,2010-05-01,PRESIDENCIA 2010 - 1,Presidencia 1V,2010,18318,Histórico 2006-2026,4
GUAVIARE,Voto en blanco,2010-05-01,PRESIDENCIA 2010 - 1,Presidencia 1V,2010,359,Histórico 2006-2026,4
GUAVIARE,Votos nulos,2010-05-01,PRESIDENCIA 2010 - 1,Presidencia 1V,2010,253,Histórico 2006-2026,4
GUAVIARE,Votos no marcados,2010-05-01,PRESIDENCIA 2010 - 1,Presidencia 1V,2010,74,Histórico 2006-2026,4
HUILA,Potencial,2010-05-01,PRESIDENCIA 2010 - 1,Presidencia 1V,2010,670409,Histórico 2006-2026,4
HUILA,Sufragantes,2010-05-01,PRESIDENCIA 2010 - 1,Presidencia 1V,2010,340751,Histórico 2006-2026,4
HUILA,Votos válidos,2010-05-01,PRESIDENCIA 2010 - 1,Presidencia 1V,2010,336578,Histórico 2006-2026,4
HUILA,Votos por candidatos,2010-05-01,PRESIDENCIA 2010 - 1,Presidencia 1V,2010,331597,Histórico 2006-2026,4
HUILA,Voto en blanco,2010-05-01,PRESIDENCIA 2010 - 1,Presidencia 1V,2010,4981,Histórico 2006-2026,4
HUILA,Votos nulos,2010-05-01,PRESIDENCIA 2010 - 1,Presidencia 1V,2010,3114,Histórico 2006-2026,4
HUILA,Votos no marcados,2010-05-01,PRESIDENCIA 2010 - 1,Presidencia 1V,2010,1059,Histórico 2006-2026,4
LA GUAJIRA,Potencial,2010-05-01,PRESIDENCIA 2010 - 1,Presidencia 1V,2010,442414,Histórico 2006-2026,4
LA GUAJIRA,Sufragantes,2010-05-01,PRESIDENCIA 2010 - 1,Presidencia 1V,2010,140056,Histórico 2006-2026,4
LA GUAJIRA,Votos válidos,2010-05-01,PRESIDENCIA 2010 - 1,Presidencia 1V,2010,138519,Histórico 2006-2026,4
LA GUAJIRA,Votos por candidatos,2010-05-01,PRESIDENCIA 2010 - 1,Presidencia 1V,2010,137074,Histórico 2006-2026,4
LA GUAJIRA,Voto en blanco,2010-05-01,PRESIDENCIA 2010 - 1,Presidencia 1V,2010,1445,Histórico 2006-2026,4
LA GUAJIRA,Votos nulos,2010-05-01,PRESIDENCIA 2010 - 1,Presidencia 1V,2010,1254,Histórico 2006-2026,4
LA GUAJIRA,Votos no marcados,2010-05-01,PRESIDENCIA 2010 - 1,Presidencia 1V,2010,283,Histórico 2006-2026,4
MAGDALENA,Potencial,2010-05-01,PRESIDENCIA 2010 - 1,Presidencia 1V,2010,781756,Histórico 2006-2026,4
MAGDALENA,Sufragantes,2010-05-01,PRESIDENCIA 2010 - 1,Presidencia 1V,2010,329022,Histórico 2006-2026,4
MAGDALENA,Votos válidos,2010-05-01,PRESIDENCIA 2010 - 1,Presidencia 1V,2010,325893,Histórico 2006-2026,4
MAGDALENA,Votos por candidatos,2010-05-01,PRESIDENCIA 2010 - 1,Presidencia 1V,2010,322738,Histórico 2006-2026,4
MAGDALENA,Voto en blanco,2010-05-01,PRESIDENCIA 2010 - 1,Presidencia 1V,2010,3155,Histórico 2006-2026,4
MAGDALENA,Votos nulos,2010-05-01,PRESIDENCIA 2010 - 1,Presidencia 1V,2010,2616,Histórico 2006-2026,4
MAGDALENA,Votos no marcados,2010-05-01,PRESIDENCIA 2010 - 1,Presidencia 1V,2010,513,Histórico 2006-2026,4
META,Potencial,2010-05-01,PRESIDENCIA 2010 - 1,Presidencia 1V,2010,528667,Histórico 2006-2026,4
META,Sufragantes,2010-05-01,PRESIDENCIA 2010 - 1,Presidencia 1V,2010,301100,Histórico 2006-2026,4
META,Votos válidos,2010-05-01,PRESIDENCIA 2010 - 1,Presidencia 1V,2010,297638,Histórico 2006-2026,4
META,Votos por candidatos,2010-05-01,PRESIDENCIA 2010 - 1,Presidencia 1V,2010,293999,Histórico 2006-2026,4
META,Voto en blanco,2010-05-01,PRESIDENCIA 2010 - 1,Presidencia 1V,2010,3639,Histórico 2006-2026,4
META,Votos nulos,2010-05-01,PRESIDENCIA 2010 - 1,Presidencia 1V,2010,2839,Histórico 2006-2026,4
META,Votos no marcados,2010-05-01,PRESIDENCIA 2010 - 1,Presidencia 1V,2010,623,Histórico 2006-2026,4
NARIÑO,Potencial,2010-05-01,PRESIDENCIA 2010 - 1,Presidencia 1V,2010,962345,Histórico 2006-2026,4
NARIÑO,Sufragantes,2010-05-01,PRESIDENCIA 2010 - 1,Presidencia 1V,2010,438867,Histórico 2006-2026,4
NARIÑO,Votos válidos,2010-05-01,PRESIDENCIA 2010 - 1,Presidencia 1V,2010,431962,Histórico 2006-2026,4
NARIÑO,Votos por candidatos,2010-05-01,PRESIDENCIA 2010 - 1,Presidencia 1V,2010,424629,Histórico 2006-2026,4
NARIÑO,Voto en blanco,2010-05-01,PRESIDENCIA 2010 - 1,Presidencia 1V,2010,7333,Histórico 2006-2026,4
NARIÑO,Votos nulos,2010-05-01,PRESIDENCIA 2010 - 1,Presidencia 1V,2010,5035,Histórico 2006-2026,4
NARIÑO,Votos no marcados,2010-05-01,PRESIDENCIA 2010 - 1,Presidencia 1V,2010,1870,Histórico 2006-2026,4
NORTE DE SAN,Potencial,2010-05-01,PRESIDENCIA 2010 - 1,Presidencia 1V,2010,961616,Histórico 2006-2026,4
NORTE DE SAN,Sufragantes,2010-05-01,PRESIDENCIA 2010 - 1,Presidencia 1V,2010,462250,Histórico 2006-2026,4
NORTE DE SAN,Votos válidos,2010-05-01,PRESIDENCIA 2010 - 1,Presidencia 1V,2010,455781,Histórico 2006-2026,4
NORTE DE SAN,Votos por candidatos,2010-05-01,PRESIDENCIA 2010 - 1,Presidencia 1V,2010,450155,Histórico 2006-2026,4
NORTE DE SAN,Voto en blanco,2010-05-01,PRESIDENCIA 2010 - 1,Presidencia 1V,2010,5626,Histórico 2006-2026,4
NORTE DE SAN,Votos nulos,2010-05-01,PRESIDENCIA 2010 - 1,Presidencia 1V,2010,5204,Histórico 2006-2026,4
NORTE DE SAN,Votos no marcados,2010-05-01,PRESIDENCIA 2010 - 1,Presidencia 1V,2010,1265,Histórico 2006-2026,4
PUTUMAYO,Potencial,2010-05-01,PRESIDENCIA 2010 - 1,Presidencia 1V,2010,177545,Histórico 2006-2026,4
PUTUMAYO,Sufragantes,2010-05-01,PRESIDENCIA 2010 - 1,Presidencia 1V,2010,73468,Histórico 2006-2026,4
PUTUMAYO,Votos válidos,2010-05-01,PRESIDENCIA 2010 - 1,Presidencia 1V,2010,72325,Histórico 2006-2026,4
PUTUMAYO,Votos por candidatos,2010-05-01,PRESIDENCIA 2010 - 1,Presidencia 1V,2010,70999,Histórico 2006-2026,4
PUTUMAYO,Voto en blanco,2010-05-01,PRESIDENCIA 2010 - 1,Presidencia 1V,2010,1326,Histórico 2006-2026,4
PUTUMAYO,Votos nulos,2010-05-01,PRESIDENCIA 2010 - 1,Presidencia 1V,2010,781,Histórico 2006-2026,4
PUTUMAYO,Votos no marcados,2010-05-01,PRESIDENCIA 2010 - 1,Presidencia 1V,2010,362,Histórico 2006-2026,4
QUINDIO,Potencial,2010-05-01,PRESIDENCIA 2010 - 1,Presidencia 1V,2010,409083,Histórico 2006-2026,4
QUINDIO,Sufragantes,2010-05-01,PRESIDENCIA 2010 - 1,Presidencia 1V,2010,218640,Histórico 2006-2026,4
QUINDIO,Votos válidos,2010-05-01,PRESIDENCIA 2010 - 1,Presidencia 1V,2010,213772,Histórico 2006-2026,4
QUINDIO,Votos por candidatos,2010-05-01,PRESIDENCIA 2010 - 1,Presidencia 1V,2010,209531,Histórico 2006-2026,4
QUINDIO,Voto en blanco,2010-05-01,PRESIDENCIA 2010 - 1,Presidencia 1V,2010,4241,Histórico 2006-2026,4
QUINDIO,Votos nulos,2010-05-01,PRESIDENCIA 2010 - 1,Presidencia 1V,2010,4174,Histórico 2006-2026,4
QUINDIO,Votos no marcados,2010-05-01,PRESIDENCIA 2010 - 1,Presidencia 1V,2010,694,Histórico 2006-2026,4
RISARALDA,Potencial,2010-05-01,PRESIDENCIA 2010 - 1,Presidencia 1V,2010,670482,Histórico 2006-2026,4
RISARALDA,Sufragantes,2010-05-01,PRESIDENCIA 2010 - 1,Presidencia 1V,2010,363013,Histórico 2006-2026,4
RISARALDA,Votos válidos,2010-05-01,PRESIDENCIA 2010 - 1,Presidencia 1V,2010,355293,Histórico 2006-2026,4
RISARALDA,Votos por candidatos,2010-05-01,PRESIDENCIA 2010 - 1,Presidencia 1V,2010,348176,Histórico 2006-2026,4
RISARALDA,Voto en blanco,2010-05-01,PRESIDENCIA 2010 - 1,Presidencia 1V,2010,7117,Histórico 2006-2026,4
RISARALDA,Votos nulos,2010-05-01,PRESIDENCIA 2010 - 1,Presidencia 1V,2010,6415,Histórico 2006-2026,4
RISARALDA,Votos no marcados,2010-05-01,PRESIDENCIA 2010 - 1,Presidencia 1V,2010,1305,Histórico 2006-2026,4
SAN ANDRES,Potencial,2010-05-01,PRESIDENCIA 2010 - 1,Presidencia 1V,2010,43052,Histórico 2006-2026,4
SAN ANDRES,Sufragantes,2010-05-01,PRESIDENCIA 2010 - 1,Presidencia 1V,2010,12359,Histórico 2006-2026,4
SAN ANDRES,Votos válidos,2010-05-01,PRESIDENCIA 2010 - 1,Presidencia 1V,2010,12246,Histórico 2006-2026,4
SAN ANDRES,Votos por candidatos,2010-05-01,PRESIDENCIA 2010 - 1,Presidencia 1V,2010,12049,Histórico 2006-2026,4
SAN ANDRES,Voto en blanco,2010-05-01,PRESIDENCIA 2010 - 1,Presidencia 1V,2010,197,Histórico 2006-2026,4
SAN ANDRES,Votos nulos,2010-05-01,PRESIDENCIA 2010 - 1,Presidencia 1V,2010,74,Histórico 2006-2026,4
SAN ANDRES,Votos no marcados,2010-05-01,PRESIDENCIA 2010 - 1,Presidencia 1V,2010,39,Histórico 2006-2026,4
SANTANDER,Potencial,2010-05-01,PRESIDENCIA 2010 - 1,Presidencia 1V,2010,1437252,Histórico 2006-2026,4
SANTANDER,Sufragantes,2010-05-01,PRESIDENCIA 2010 - 1,Presidencia 1V,2010,779305,Histórico 2006-2026,4
SANTANDER,Votos válidos,2010-05-01,PRESIDENCIA 2010 - 1,Presidencia 1V,2010,769373,Histórico 2006-2026,4
SANTANDER,Votos por candidatos,2010-05-01,PRESIDENCIA 2010 - 1,Presidencia 1V,2010,758908,Histórico 2006-2026,4
SANTANDER,Voto en blanco,2010-05-01,PRESIDENCIA 2010 - 1,Presidencia 1V,2010,10465,Histórico 2006-2026,4
SANTANDER,Votos nulos,2010-05-01,PRESIDENCIA 2010 - 1,Presidencia 1V,2010,8050,Histórico 2006-2026,4
SANTANDER,Votos no marcados,2010-05-01,PRESIDENCIA 2010 - 1,Presidencia 1V,2010,1882,Histórico 2006-2026,4
SUCRE,Potencial,2010-05-01,PRESIDENCIA 2010 - 1,Presidencia 1V,2010,572476,Histórico 2006-2026,4
SUCRE,Sufragantes,2010-05-01,PRESIDENCIA 2010 - 1,Presidencia 1V,2010,270772,Histórico 2006-2026,4
SUCRE,Votos válidos,2010-05-01,PRESIDENCIA 2010 - 1,Presidencia 1V,2010,267840,Histórico 2006-2026,4
SUCRE,Votos por candidatos,2010-05-01,PRESIDENCIA 2010 - 1,Presidencia 1V,2010,265877,Histórico 2006-2026,4
SUCRE,Voto en blanco,2010-05-01,PRESIDENCIA 2010 - 1,Presidencia 1V,2010,1963,Histórico 2006-2026,4
SUCRE,Votos nulos,2010-05-01,PRESIDENCIA 2010 - 1,Presidencia 1V,2010,2218,Histórico 2006-2026,4
SUCRE,Votos no marcados,2010-05-01,PRESIDENCIA 2010 - 1,Presidencia 1V,2010,714,Histórico 2006-2026,4
TOLIMA,Potencial,2010-05-01,PRESIDENCIA 2010 - 1,Presidencia 1V,2010,934619,Histórico 2006-2026,4
TOLIMA,Sufragantes,2010-05-01,PRESIDENCIA 2010 - 1,Presidencia 1V,2010,493307,Histórico 2006-2026,4
TOLIMA,Votos válidos,2010-05-01,PRESIDENCIA 2010 - 1,Presidencia 1V,2010,485444,Histórico 2006-2026,4
TOLIMA,Votos por candidatos,2010-05-01,PRESIDENCIA 2010 - 1,Presidencia 1V,2010,477700,Histórico 2006-2026,4
TOLIMA,Voto en blanco,2010-05-01,PRESIDENCIA 2010 - 1,Presidencia 1V,2010,7744,Histórico 2006-2026,4
TOLIMA,Votos nulos,2010-05-01,PRESIDENCIA 2010 - 1,Presidencia 1V,2010,6039,Histórico 2006-2026,4
TOLIMA,Votos no marcados,2010-05-01,PRESIDENCIA 2010 - 1,Presidencia 1V,2010,1824,Histórico 2006-2026,4
VALLE,Potencial,2010-05-01,PRESIDENCIA 2010 - 1,Presidencia 1V,2010,2996361,Histórico 2006-2026,4
VALLE,Sufragantes,2010-05-01,PRESIDENCIA 2010 - 1,Presidencia 1V,2010,1384973,Histórico 2006-2026,4
VALLE,Votos válidos,2010-05-01,PRESIDENCIA 2010 - 1,Presidencia 1V,2010,1363635,Histórico 2006-2026,4
VALLE,Votos por candidatos,2010-05-01,PRESIDENCIA 2010 - 1,Presidencia 1V,2010,1335555,Histórico 2006-2026,4
VALLE,Voto en blanco,2010-05-01,PRESIDENCIA 2010 - 1,Presidencia 1V,2010,28080,Histórico 2006-2026,4
VALLE,Votos nulos,2010-05-01,PRESIDENCIA 2010 - 1,Presidencia 1V,2010,18181,Histórico 2006-2026,4
VALLE,Votos no marcados,2010-05-01,PRESIDENCIA 2010 - 1,Presidencia 1V,2010,3157,Histórico 2006-2026,4
VAUPES,Potencial,2010-05-01,PRESIDENCIA 2010 - 1,Presidencia 1V,2010,17314,Histórico 2006-2026,4
VAUPES,Sufragantes,2010-05-01,PRESIDENCIA 2010 - 1,Presidencia 1V,2010,4861,Histórico 2006-2026,4
VAUPES,Votos válidos,2010-05-01,PRESIDENCIA 2010 - 1,Presidencia 1V,2010,4818,Histórico 2006-2026,4
VAUPES,Votos por candidatos,2010-05-01,PRESIDENCIA 2010 - 1,Presidencia 1V,2010,4776,Histórico 2006-2026,4
VAUPES,Voto en blanco,2010-05-01,PRESIDENCIA 2010 - 1,Presidencia 1V,2010,42,Histórico 2006-2026,4
VAUPES,Votos nulos,2010-05-01,PRESIDENCIA 2010 - 1,Presidencia 1V,2010,34,Histórico 2006-2026,4
VAUPES,Votos no marcados,2010-05-01,PRESIDENCIA 2010 - 1,Presidencia 1V,2010,9,Histórico 2006-2026,4
VICHADA,Potencial,2010-05-01,PRESIDENCIA 2010 - 1,Presidencia 1V,2010,36329,Histórico 2006-2026,4
VICHADA,Sufragantes,2010-05-01,PRESIDENCIA 2010 - 1,Presidencia 1V,2010,9985,Histórico 2006-2026,4
VICHADA,Votos válidos,2010-05-01,PRESIDENCIA 2010 - 1,Presidencia 1V,2010,9905,Histórico 2006-2026,4
VICHADA,Votos por candidatos,2010-05-01,PRESIDENCIA 2010 - 1,Presidencia 1V,2010,9803,Histórico 2006-2026,4
VICHADA,Voto en blanco,2010-05-01,PRESIDENCIA 2010 - 1,Presidencia 1V,2010,102,Histórico 2006-2026,4
VICHADA,Votos nulos,2010-05-01,PRESIDENCIA 2010 - 1,Presidencia 1V,2010,60,Histórico 2006-2026,4
VICHADA,Votos no marcados,2010-05-01,PRESIDENCIA 2010 - 1,Presidencia 1V,2010,20,Histórico 2006-2026,4
AMAZONAS,Potencial,2010-06-01,PRESIDENCIA 2010 - 2,Presidencia 2V,2010,35983,Histórico 2006-2026,5
AMAZONAS,Sufragantes,2010-06-01,PRESIDENCIA 2010 - 2,Presidencia 2V,2010,14570,Histórico 2006-2026,5
AMAZONAS,Votos válidos,2010-06-01,PRESIDENCIA 2010 - 2,Presidencia 2V,2010,14335,Histórico 2006-2026,5
AMAZONAS,Votos por candidatos,2010-06-01,PRESIDENCIA 2010 - 2,Presidencia 2V,2010,14018,Histórico 2006-2026,5
AMAZONAS,Voto en blanco,2010-06-01,PRESIDENCIA 2010 - 2,Presidencia 2V,2010,317,Histórico 2006-2026,5
AMAZONAS,Votos nulos,2010-06-01,PRESIDENCIA 2010 - 2,Presidencia 2V,2010,154,Histórico 2006-2026,5
AMAZONAS,Votos no marcados,2010-06-01,PRESIDENCIA 2010 - 2,Presidencia 2V,2010,81,Histórico 2006-2026,5
ANTIOQUIA,Potencial,2010-06-01,PRESIDENCIA 2010 - 2,Presidencia 2V,2010,3861349,Histórico 2006-2026,5
ANTIOQUIA,Sufragantes,2010-06-01,PRESIDENCIA 2010 - 2,Presidencia 2V,2010,1758707,Histórico 2006-2026,5
ANTIOQUIA,Votos válidos,2010-06-01,PRESIDENCIA 2010 - 2,Presidencia 2V,2010,1719045,Histórico 2006-2026,5
ANTIOQUIA,Votos por candidatos,2010-06-01,PRESIDENCIA 2010 - 2,Presidencia 2V,2010,1643473,Histórico 2006-2026,5
ANTIOQUIA,Voto en blanco,2010-06-01,PRESIDENCIA 2010 - 2,Presidencia 2V,2010,75572,Histórico 2006-2026,5
ANTIOQUIA,Votos nulos,2010-06-01,PRESIDENCIA 2010 - 2,Presidencia 2V,2010,33718,Histórico 2006-2026,5
ANTIOQUIA,Votos no marcados,2010-06-01,PRESIDENCIA 2010 - 2,Presidencia 2V,2010,5944,Histórico 2006-2026,5
ARAUCA,Potencial,2010-06-01,PRESIDENCIA 2010 - 2,Presidencia 2V,2010,141319,Histórico 2006-2026,5
ARAUCA,Sufragantes,2010-06-01,PRESIDENCIA 2010 - 2,Presidencia 2V,2010,53780,Histórico 2006-2026,5
ARAUCA,Votos válidos,2010-06-01,PRESIDENCIA 2010 - 2,Presidencia 2V,2010,52754,Histórico 2006-2026,5
ARAUCA,Votos por candidatos,2010-06-01,PRESIDENCIA 2010 - 2,Presidencia 2V,2010,50852,Histórico 2006-2026,5
ARAUCA,Voto en blanco,2010-06-01,PRESIDENCIA 2010 - 2,Presidencia 2V,2010,1902,Histórico 2006-2026,5
ARAUCA,Votos nulos,2010-06-01,PRESIDENCIA 2010 - 2,Presidencia 2V,2010,781,Histórico 2006-2026,5
ARAUCA,Votos no marcados,2010-06-01,PRESIDENCIA 2010 - 2,Presidencia 2V,2010,245,Histórico 2006-2026,5
ATLANTICO,Potencial,2010-06-01,PRESIDENCIA 2010 - 2,Presidencia 2V,2010,1557915,Histórico 2006-2026,5
ATLANTICO,Sufragantes,2010-06-01,PRESIDENCIA 2010 - 2,Presidencia 2V,2010,424347,Histórico 2006-2026,5
ATLANTICO,Votos válidos,2010-06-01,PRESIDENCIA 2010 - 2,Presidencia 2V,2010,420579,Histórico 2006-2026,5
ATLANTICO,Votos por candidatos,2010-06-01,PRESIDENCIA 2010 - 2,Presidencia 2V,2010,403204,Histórico 2006-2026,5
ATLANTICO,Voto en blanco,2010-06-01,PRESIDENCIA 2010 - 2,Presidencia 2V,2010,17375,Histórico 2006-2026,5
ATLANTICO,Votos nulos,2010-06-01,PRESIDENCIA 2010 - 2,Presidencia 2V,2010,2904,Histórico 2006-2026,5
ATLANTICO,Votos no marcados,2010-06-01,PRESIDENCIA 2010 - 2,Presidencia 2V,2010,864,Histórico 2006-2026,5
BOGOTA D.C.,Potencial,2010-06-01,PRESIDENCIA 2010 - 2,Presidencia 2V,2010,4750674,Histórico 2006-2026,5
BOGOTA D.C.,Sufragantes,2010-06-01,PRESIDENCIA 2010 - 2,Presidencia 2V,2010,2394693,Histórico 2006-2026,5
BOGOTA D.C.,Votos válidos,2010-06-01,PRESIDENCIA 2010 - 2,Presidencia 2V,2010,2355110,Histórico 2006-2026,5
BOGOTA D.C.,Votos por candidatos,2010-06-01,PRESIDENCIA 2010 - 2,Presidencia 2V,2010,2273853,Histórico 2006-2026,5
BOGOTA D.C.,Voto en blanco,2010-06-01,PRESIDENCIA 2010 - 2,Presidencia 2V,2010,81257,Histórico 2006-2026,5
BOGOTA D.C.,Votos nulos,2010-06-01,PRESIDENCIA 2010 - 2,Presidencia 2V,2010,37304,Histórico 2006-2026,5
BOGOTA D.C.,Votos no marcados,2010-06-01,PRESIDENCIA 2010 - 2,Presidencia 2V,2010,2279,Histórico 2006-2026,5
BOLIVAR,Potencial,2010-06-01,PRESIDENCIA 2010 - 2,Presidencia 2V,2010,1298681,Histórico 2006-2026,5
BOLIVAR,Sufragantes,2010-06-01,PRESIDENCIA 2010 - 2,Presidencia 2V,2010,456121,Histórico 2006-2026,5
BOLIVAR,Votos válidos,2010-06-01,PRESIDENCIA 2010 - 2,Presidencia 2V,2010,451704,Histórico 2006-2026,5
BOLIVAR,Votos por candidatos,2010-06-01,PRESIDENCIA 2010 - 2,Presidencia 2V,2010,438649,Histórico 2006-2026,5
BOLIVAR,Voto en blanco,2010-06-01,PRESIDENCIA 2010 - 2,Presidencia 2V,2010,13055,Histórico 2006-2026,5
BOLIVAR,Votos nulos,2010-06-01,PRESIDENCIA 2010 - 2,Presidencia 2V,2010,3234,Histórico 2006-2026,5
BOLIVAR,Votos no marcados,2010-06-01,PRESIDENCIA 2010 - 2,Presidencia 2V,2010,1183,Histórico 2006-2026,5
BOYACA,Potencial,2010-06-01,PRESIDENCIA 2010 - 2,Presidencia 2V,2010,842886,Histórico 2006-2026,5
BOYACA,Sufragantes,2010-06-01,PRESIDENCIA 2010 - 2,Presidencia 2V,2010,456021,Histórico 2006-2026,5
BOYACA,Votos válidos,2010-06-01,PRESIDENCIA 2010 - 2,Presidencia 2V,2010,448532,Histórico 2006-2026,5
BOYACA,Votos por candidatos,2010-06-01,PRESIDENCIA 2010 - 2,Presidencia 2V,2010,436256,Histórico 2006-2026,5
BOYACA,Voto en blanco,2010-06-01,PRESIDENCIA 2010 - 2,Presidencia 2V,2010,12276,Histórico 2006-2026,5
BOYACA,Votos nulos,2010-06-01,PRESIDENCIA 2010 - 2,Presidencia 2V,2010,5782,Histórico 2006-2026,5
BOYACA,Votos no marcados,2010-06-01,PRESIDENCIA 2010 - 2,Presidencia 2V,2010,1707,Histórico 2006-2026,5
CALDAS,Potencial,2010-06-01,PRESIDENCIA 2010 - 2,Presidencia 2V,2010,731773,Histórico 2006-2026,5
CALDAS,Sufragantes,2010-06-01,PRESIDENCIA 2010 - 2,Presidencia 2V,2010,373010,Histórico 2006-2026,5
CALDAS,Votos válidos,2010-06-01,PRESIDENCIA 2010 - 2,Presidencia 2V,2010,361100,Histórico 2006-2026,5
CALDAS,Votos por candidatos,2010-06-01,PRESIDENCIA 2010 - 2,Presidencia 2V,2010,346918,Histórico 2006-2026,5
CALDAS,Voto en blanco,2010-06-01,PRESIDENCIA 2010 - 2,Presidencia 2V,2010,14182,Histórico 2006-2026,5
CALDAS,Votos nulos,2010-06-01,PRESIDENCIA 2010 - 2,Presidencia 2V,2010,10159,Histórico 2006-2026,5
CALDAS,Votos no marcados,2010-06-01,PRESIDENCIA 2010 - 2,Presidencia 2V,2010,1751,Histórico 2006-2026,5
CAQUETA,Potencial,2010-06-01,PRESIDENCIA 2010 - 2,Presidencia 2V,2010,247002,Histórico 2006-2026,5
CAQUETA,Sufragantes,2010-06-01,PRESIDENCIA 2010 - 2,Presidencia 2V,2010,85741,Histórico 2006-2026,5
CAQUETA,Votos válidos,2010-06-01,PRESIDENCIA 2010 - 2,Presidencia 2V,2010,84540,Histórico 2006-2026,5
CAQUETA,Votos por candidatos,2010-06-01,PRESIDENCIA 2010 - 2,Presidencia 2V,2010,81209,Histórico 2006-2026,5
CAQUETA,Voto en blanco,2010-06-01,PRESIDENCIA 2010 - 2,Presidencia 2V,2010,3331,Histórico 2006-2026,5
CAQUETA,Votos nulos,2010-06-01,PRESIDENCIA 2010 - 2,Presidencia 2V,2010,818,Histórico 2006-2026,5
CAQUETA,Votos no marcados,2010-06-01,PRESIDENCIA 2010 - 2,Presidencia 2V,2010,383,Histórico 2006-2026,5
CASANARE,Potencial,2010-06-01,PRESIDENCIA 2010 - 2,Presidencia 2V,2010,198371,Histórico 2006-2026,5
CASANARE,Sufragantes,2010-06-01,PRESIDENCIA 2010 - 2,Presidencia 2V,2010,124084,Histórico 2006-2026,5
CASANARE,Votos válidos,2010-06-01,PRESIDENCIA 2010 - 2,Presidencia 2V,2010,122686,Histórico 2006-2026,5
CASANARE,Votos por candidatos,2010-06-01,PRESIDENCIA 2010 - 2,Presidencia 2V,2010,120518,Histórico 2006-2026,5
CASANARE,Voto en blanco,2010-06-01,PRESIDENCIA 2010 - 2,Presidencia 2V,2010,2168,Histórico 2006-2026,5
CASANARE,Votos nulos,2010-06-01,PRESIDENCIA 2010 - 2,Presidencia 2V,2010,1002,Histórico 2006-2026,5
CASANARE,Votos no marcados,2010-06-01,PRESIDENCIA 2010 - 2,Presidencia 2V,2010,396,Histórico 2006-2026,5
CAUCA,Potencial,2010-06-01,PRESIDENCIA 2010 - 2,Presidencia 2V,2010,804351,Histórico 2006-2026,5
CAUCA,Sufragantes,2010-06-01,PRESIDENCIA 2010 - 2,Presidencia 2V,2010,304316,Histórico 2006-2026,5
CAUCA,Votos válidos,2010-06-01,PRESIDENCIA 2010 - 2,Presidencia 2V,2010,296439,Histórico 2006-2026,5
CAUCA,Votos por candidatos,2010-06-01,PRESIDENCIA 2010 - 2,Presidencia 2V,2010,285310,Histórico 2006-2026,5
CAUCA,Voto en blanco,2010-06-01,PRESIDENCIA 2010 - 2,Presidencia 2V,2010,11129,Histórico 2006-2026,5
CAUCA,Votos nulos,2010-06-01,PRESIDENCIA 2010 - 2,Presidencia 2V,2010,5978,Histórico 2006-2026,5
CAUCA,Votos no marcados,2010-06-01,PRESIDENCIA 2010 - 2,Presidencia 2V,2010,1899,Histórico 2006-2026,5
CESAR,Potencial,2010-06-01,PRESIDENCIA 2010 - 2,Presidencia 2V,2010,614067,Histórico 2006-2026,5
CESAR,Sufragantes,2010-06-01,PRESIDENCIA 2010 - 2,Presidencia 2V,2010,243367,Histórico 2006-2026,5
CESAR,Votos válidos,2010-06-01,PRESIDENCIA 2010 - 2,Presidencia 2V,2010,239566,Histórico 2006-2026,5
CESAR,Votos por candidatos,2010-06-01,PRESIDENCIA 2010 - 2,Presidencia 2V,2010,229743,Histórico 2006-2026,5
CESAR,Voto en blanco,2010-06-01,PRESIDENCIA 2010 - 2,Presidencia 2V,2010,9823,Histórico 2006-2026,5
CESAR,Votos nulos,2010-06-01,PRESIDENCIA 2010 - 2,Presidencia 2V,2010,3171,Histórico 2006-2026,5
CESAR,Votos no marcados,2010-06-01,PRESIDENCIA 2010 - 2,Presidencia 2V,2010,630,Histórico 2006-2026,5
CHOCO,Potencial,2010-06-01,PRESIDENCIA 2010 - 2,Presidencia 2V,2010,249500,Histórico 2006-2026,5
CHOCO,Sufragantes,2010-06-01,PRESIDENCIA 2010 - 2,Presidencia 2V,2010,87562,Histórico 2006-2026,5
CHOCO,Votos válidos,2010-06-01,PRESIDENCIA 2010 - 2,Presidencia 2V,2010,85532,Histórico 2006-2026,5
CHOCO,Votos por candidatos,2010-06-01,PRESIDENCIA 2010 - 2,Presidencia 2V,2010,82957,Histórico 2006-2026,5
CHOCO,Voto en blanco,2010-06-01,PRESIDENCIA 2010 - 2,Presidencia 2V,2010,2575,Histórico 2006-2026,5
CHOCO,Votos nulos,2010-06-01,PRESIDENCIA 2010 - 2,Presidencia 2V,2010,1539,Histórico 2006-2026,5
CHOCO,Votos no marcados,2010-06-01,PRESIDENCIA 2010 - 2,Presidencia 2V,2010,491,Histórico 2006-2026,5
CONSULADOS,Potencial,2010-06-01,PRESIDENCIA 2010 - 2,Presidencia 2V,2010,412329,Histórico 2006-2026,5
CONSULADOS,Sufragantes,2010-06-01,PRESIDENCIA 2010 - 2,Presidencia 2V,2010,93870,Histórico 2006-2026,5
CONSULADOS,Votos válidos,2010-06-01,PRESIDENCIA 2010 - 2,Presidencia 2V,2010,93502,Histórico 2006-2026,5
CONSULADOS,Votos por candidatos,2010-06-01,PRESIDENCIA 2010 - 2,Presidencia 2V,2010,92443,Histórico 2006-2026,5
CONSULADOS,Voto en blanco,2010-06-01,PRESIDENCIA 2010 - 2,Presidencia 2V,2010,1059,Histórico 2006-2026,5
CONSULADOS,Votos nulos,2010-06-01,PRESIDENCIA 2010 - 2,Presidencia 2V,2010,285,Histórico 2006-2026,5
CONSULADOS,Votos no marcados,2010-06-01,PRESIDENCIA 2010 - 2,Presidencia 2V,2010,83,Histórico 2006-2026,5
CORDOBA,Potencial,2010-06-01,PRESIDENCIA 2010 - 2,Presidencia 2V,2010,1046228,Histórico 2006-2026,5
CORDOBA,Sufragantes,2010-06-01,PRESIDENCIA 2010 - 2,Presidencia 2V,2010,411086,Histórico 2006-2026,5
CORDOBA,Votos válidos,2010-06-01,PRESIDENCIA 2010 - 2,Presidencia 2V,2010,404898,Histórico 2006-2026,5
CORDOBA,Votos por candidatos,2010-06-01,PRESIDENCIA 2010 - 2,Presidencia 2V,2010,391705,Histórico 2006-2026,5
CORDOBA,Voto en blanco,2010-06-01,PRESIDENCIA 2010 - 2,Presidencia 2V,2010,13193,Histórico 2006-2026,5
CORDOBA,Votos nulos,2010-06-01,PRESIDENCIA 2010 - 2,Presidencia 2V,2010,4498,Histórico 2006-2026,5
CORDOBA,Votos no marcados,2010-06-01,PRESIDENCIA 2010 - 2,Presidencia 2V,2010,1690,Histórico 2006-2026,5
CUNDINAMARCA,Potencial,2010-06-01,PRESIDENCIA 2010 - 2,Presidencia 2V,2010,1480258,Histórico 2006-2026,5
CUNDINAMARCA,Sufragantes,2010-06-01,PRESIDENCIA 2010 - 2,Presidencia 2V,2010,817858,Histórico 2006-2026,5
CUNDINAMARCA,Votos válidos,2010-06-01,PRESIDENCIA 2010 - 2,Presidencia 2V,2010,802502,Histórico 2006-2026,5
CUNDINAMARCA,Votos por candidatos,2010-06-01,PRESIDENCIA 2010 - 2,Presidencia 2V,2010,781146,Histórico 2006-2026,5
CUNDINAMARCA,Voto en blanco,2010-06-01,PRESIDENCIA 2010 - 2,Presidencia 2V,2010,21356,Histórico 2006-2026,5
CUNDINAMARCA,Votos nulos,2010-06-01,PRESIDENCIA 2010 - 2,Presidencia 2V,2010,13564,Histórico 2006-2026,5
CUNDINAMARCA,Votos no marcados,2010-06-01,PRESIDENCIA 2010 - 2,Presidencia 2V,2010,1792,Histórico 2006-2026,5
GUAINIA,Potencial,2010-06-01,PRESIDENCIA 2010 - 2,Presidencia 2V,2010,19143,Histórico 2006-2026,5
GUAINIA,Sufragantes,2010-06-01,PRESIDENCIA 2010 - 2,Presidencia 2V,2010,6432,Histórico 2006-2026,5
GUAINIA,Votos válidos,2010-06-01,PRESIDENCIA 2010 - 2,Presidencia 2V,2010,6344,Histórico 2006-2026,5
GUAINIA,Votos por candidatos,2010-06-01,PRESIDENCIA 2010 - 2,Presidencia 2V,2010,6209,Histórico 2006-2026,5
GUAINIA,Voto en blanco,2010-06-01,PRESIDENCIA 2010 - 2,Presidencia 2V,2010,135,Histórico 2006-2026,5
GUAINIA,Votos nulos,2010-06-01,PRESIDENCIA 2010 - 2,Presidencia 2V,2010,61,Histórico 2006-2026,5
GUAINIA,Votos no marcados,2010-06-01,PRESIDENCIA 2010 - 2,Presidencia 2V,2010,27,Histórico 2006-2026,5
GUAVIARE,Potencial,2010-06-01,PRESIDENCIA 2010 - 2,Presidencia 2V,2010,49730,Histórico 2006-2026,5
GUAVIARE,Sufragantes,2010-06-01,PRESIDENCIA 2010 - 2,Presidencia 2V,2010,17852,Histórico 2006-2026,5
GUAVIARE,Votos válidos,2010-06-01,PRESIDENCIA 2010 - 2,Presidencia 2V,2010,17520,Histórico 2006-2026,5
GUAVIARE,Votos por candidatos,2010-06-01,PRESIDENCIA 2010 - 2,Presidencia 2V,2010,16875,Histórico 2006-2026,5
GUAVIARE,Voto en blanco,2010-06-01,PRESIDENCIA 2010 - 2,Presidencia 2V,2010,645,Histórico 2006-2026,5
GUAVIARE,Votos nulos,2010-06-01,PRESIDENCIA 2010 - 2,Presidencia 2V,2010,239,Histórico 2006-2026,5
GUAVIARE,Votos no marcados,2010-06-01,PRESIDENCIA 2010 - 2,Presidencia 2V,2010,93,Histórico 2006-2026,5
HUILA,Potencial,2010-06-01,PRESIDENCIA 2010 - 2,Presidencia 2V,2010,670409,Histórico 2006-2026,5
HUILA,Sufragantes,2010-06-01,PRESIDENCIA 2010 - 2,Presidencia 2V,2010,330214,Histórico 2006-2026,5
HUILA,Votos válidos,2010-06-01,PRESIDENCIA 2010 - 2,Presidencia 2V,2010,325862,Histórico 2006-2026,5
HUILA,Votos por candidatos,2010-06-01,PRESIDENCIA 2010 - 2,Presidencia 2V,2010,318040,Histórico 2006-2026,5
HUILA,Voto en blanco,2010-06-01,PRESIDENCIA 2010 - 2,Presidencia 2V,2010,7822,Histórico 2006-2026,5
HUILA,Votos nulos,2010-06-01,PRESIDENCIA 2010 - 2,Presidencia 2V,2010,3454,Histórico 2006-2026,5
HUILA,Votos no marcados,2010-06-01,PRESIDENCIA 2010 - 2,Presidencia 2V,2010,898,Histórico 2006-2026,5
LA GUAJIRA,Potencial,2010-06-01,PRESIDENCIA 2010 - 2,Presidencia 2V,2010,442414,Histórico 2006-2026,5
LA GUAJIRA,Sufragantes,2010-06-01,PRESIDENCIA 2010 - 2,Presidencia 2V,2010,128885,Histórico 2006-2026,5
LA GUAJIRA,Votos válidos,2010-06-01,PRESIDENCIA 2010 - 2,Presidencia 2V,2010,126758,Histórico 2006-2026,5
LA GUAJIRA,Votos por candidatos,2010-06-01,PRESIDENCIA 2010 - 2,Presidencia 2V,2010,121119,Histórico 2006-2026,5
LA GUAJIRA,Voto en blanco,2010-06-01,PRESIDENCIA 2010 - 2,Presidencia 2V,2010,5639,Histórico 2006-2026,5
LA GUAJIRA,Votos nulos,2010-06-01,PRESIDENCIA 2010 - 2,Presidencia 2V,2010,1748,Histórico 2006-2026,5
LA GUAJIRA,Votos no marcados,2010-06-01,PRESIDENCIA 2010 - 2,Presidencia 2V,2010,379,Histórico 2006-2026,5
MAGDALENA,Potencial,2010-06-01,PRESIDENCIA 2010 - 2,Presidencia 2V,2010,781756,Histórico 2006-2026,5
MAGDALENA,Sufragantes,2010-06-01,PRESIDENCIA 2010 - 2,Presidencia 2V,2010,297647,Histórico 2006-2026,5
MAGDALENA,Votos válidos,2010-06-01,PRESIDENCIA 2010 - 2,Presidencia 2V,2010,293878,Histórico 2006-2026,5
MAGDALENA,Votos por candidatos,2010-06-01,PRESIDENCIA 2010 - 2,Presidencia 2V,2010,283071,Histórico 2006-2026,5
MAGDALENA,Voto en blanco,2010-06-01,PRESIDENCIA 2010 - 2,Presidencia 2V,2010,10807,Histórico 2006-2026,5
MAGDALENA,Votos nulos,2010-06-01,PRESIDENCIA 2010 - 2,Presidencia 2V,2010,2960,Histórico 2006-2026,5
MAGDALENA,Votos no marcados,2010-06-01,PRESIDENCIA 2010 - 2,Presidencia 2V,2010,809,Histórico 2006-2026,5
META,Potencial,2010-06-01,PRESIDENCIA 2010 - 2,Presidencia 2V,2010,528667,Histórico 2006-2026,5
META,Sufragantes,2010-06-01,PRESIDENCIA 2010 - 2,Presidencia 2V,2010,277546,Histórico 2006-2026,5
META,Votos válidos,2010-06-01,PRESIDENCIA 2010 - 2,Presidencia 2V,2010,273889,Histórico 2006-2026,5
META,Votos por candidatos,2010-06-01,PRESIDENCIA 2010 - 2,Presidencia 2V,2010,267779,Histórico 2006-2026,5
META,Voto en blanco,2010-06-01,PRESIDENCIA 2010 - 2,Presidencia 2V,2010,6110,Histórico 2006-2026,5
META,Votos nulos,2010-06-01,PRESIDENCIA 2010 - 2,Presidencia 2V,2010,2986,Histórico 2006-2026,5
META,Votos no marcados,2010-06-01,PRESIDENCIA 2010 - 2,Presidencia 2V,2010,671,Histórico 2006-2026,5
NARIÑO,Potencial,2010-06-01,PRESIDENCIA 2010 - 2,Presidencia 2V,2010,962345,Histórico 2006-2026,5
NARIÑO,Sufragantes,2010-06-01,PRESIDENCIA 2010 - 2,Presidencia 2V,2010,412759,Histórico 2006-2026,5
NARIÑO,Votos válidos,2010-06-01,PRESIDENCIA 2010 - 2,Presidencia 2V,2010,404112,Histórico 2006-2026,5
NARIÑO,Votos por candidatos,2010-06-01,PRESIDENCIA 2010 - 2,Presidencia 2V,2010,389726,Histórico 2006-2026,5
NARIÑO,Voto en blanco,2010-06-01,PRESIDENCIA 2010 - 2,Presidencia 2V,2010,14386,Histórico 2006-2026,5
NARIÑO,Votos nulos,2010-06-01,PRESIDENCIA 2010 - 2,Presidencia 2V,2010,6342,Histórico 2006-2026,5
NARIÑO,Votos no marcados,2010-06-01,PRESIDENCIA 2010 - 2,Presidencia 2V,2010,2305,Histórico 2006-2026,5
NORTE DE SAN,Potencial,2010-06-01,PRESIDENCIA 2010 - 2,Presidencia 2V,2010,961616,Histórico 2006-2026,5
NORTE DE SAN,Sufragantes,2010-06-01,PRESIDENCIA 2010 - 2,Presidencia 2V,2010,428412,Histórico 2006-2026,5
NORTE DE SAN,Votos válidos,2010-06-01,PRESIDENCIA 2010 - 2,Presidencia 2V,2010,421604,Histórico 2006-2026,5
NORTE DE SAN,Votos por candidatos,2010-06-01,PRESIDENCIA 2010 - 2,Presidencia 2V,2010,409565,Histórico 2006-2026,5
NORTE DE SAN,Voto en blanco,2010-06-01,PRESIDENCIA 2010 - 2,Presidencia 2V,2010,12039,Histórico 2006-2026,5
NORTE DE SAN,Votos nulos,2010-06-01,PRESIDENCIA 2010 - 2,Presidencia 2V,2010,5574,Histórico 2006-2026,5
NORTE DE SAN,Votos no marcados,2010-06-01,PRESIDENCIA 2010 - 2,Presidencia 2V,2010,1234,Histórico 2006-2026,5
PUTUMAYO,Potencial,2010-06-01,PRESIDENCIA 2010 - 2,Presidencia 2V,2010,177545,Histórico 2006-2026,5
PUTUMAYO,Sufragantes,2010-06-01,PRESIDENCIA 2010 - 2,Presidencia 2V,2010,70310,Histórico 2006-2026,5
PUTUMAYO,Votos válidos,2010-06-01,PRESIDENCIA 2010 - 2,Presidencia 2V,2010,68856,Histórico 2006-2026,5
PUTUMAYO,Votos por candidatos,2010-06-01,PRESIDENCIA 2010 - 2,Presidencia 2V,2010,65814,Histórico 2006-2026,5
PUTUMAYO,Voto en blanco,2010-06-01,PRESIDENCIA 2010 - 2,Presidencia 2V,2010,3042,Histórico 2006-2026,5
PUTUMAYO,Votos nulos,2010-06-01,PRESIDENCIA 2010 - 2,Presidencia 2V,2010,967,Histórico 2006-2026,5
PUTUMAYO,Votos no marcados,2010-06-01,PRESIDENCIA 2010 - 2,Presidencia 2V,2010,487,Histórico 2006-2026,5
QUINDIO,Potencial,2010-06-01,PRESIDENCIA 2010 - 2,Presidencia 2V,2010,409083,Histórico 2006-2026,5
QUINDIO,Sufragantes,2010-06-01,PRESIDENCIA 2010 - 2,Presidencia 2V,2010,206003,Histórico 2006-2026,5
QUINDIO,Votos válidos,2010-06-01,PRESIDENCIA 2010 - 2,Presidencia 2V,2010,201056,Histórico 2006-2026,5
QUINDIO,Votos por candidatos,2010-06-01,PRESIDENCIA 2010 - 2,Presidencia 2V,2010,194489,Histórico 2006-2026,5
QUINDIO,Voto en blanco,2010-06-01,PRESIDENCIA 2010 - 2,Presidencia 2V,2010,6567,Histórico 2006-2026,5
QUINDIO,Votos nulos,2010-06-01,PRESIDENCIA 2010 - 2,Presidencia 2V,2010,4248,Histórico 2006-2026,5
QUINDIO,Votos no marcados,2010-06-01,PRESIDENCIA 2010 - 2,Presidencia 2V,2010,699,Histórico 2006-2026,5
RISARALDA,Potencial,2010-06-01,PRESIDENCIA 2010 - 2,Presidencia 2V,2010,670482,Histórico 2006-2026,5
RISARALDA,Sufragantes,2010-06-01,PRESIDENCIA 2010 - 2,Presidencia 2V,2010,341383,Histórico 2006-2026,5
RISARALDA,Votos válidos,2010-06-01,PRESIDENCIA 2010 - 2,Presidencia 2V,2010,333793,Histórico 2006-2026,5
RISARALDA,Votos por candidatos,2010-06-01,PRESIDENCIA 2010 - 2,Presidencia 2V,2010,323000,Histórico 2006-2026,5
RISARALDA,Voto en blanco,2010-06-01,PRESIDENCIA 2010 - 2,Presidencia 2V,2010,10793,Histórico 2006-2026,5
RISARALDA,Votos nulos,2010-06-01,PRESIDENCIA 2010 - 2,Presidencia 2V,2010,6437,Histórico 2006-2026,5
RISARALDA,Votos no marcados,2010-06-01,PRESIDENCIA 2010 - 2,Presidencia 2V,2010,1153,Histórico 2006-2026,5
SAN ANDRES,Potencial,2010-06-01,PRESIDENCIA 2010 - 2,Presidencia 2V,2010,43052,Histórico 2006-2026,5
SAN ANDRES,Sufragantes,2010-06-01,PRESIDENCIA 2010 - 2,Presidencia 2V,2010,10943,Histórico 2006-2026,5
SAN ANDRES,Votos válidos,2010-06-01,PRESIDENCIA 2010 - 2,Presidencia 2V,2010,10873,Histórico 2006-2026,5
SAN ANDRES,Votos por candidatos,2010-06-01,PRESIDENCIA 2010 - 2,Presidencia 2V,2010,10603,Histórico 2006-2026,5
SAN ANDRES,Voto en blanco,2010-06-01,PRESIDENCIA 2010 - 2,Presidencia 2V,2010,270,Histórico 2006-2026,5
SAN ANDRES,Votos nulos,2010-06-01,PRESIDENCIA 2010 - 2,Presidencia 2V,2010,50,Histórico 2006-2026,5
SAN ANDRES,Votos no marcados,2010-06-01,PRESIDENCIA 2010 - 2,Presidencia 2V,2010,20,Histórico 2006-2026,5
SANTANDER,Potencial,2010-06-01,PRESIDENCIA 2010 - 2,Presidencia 2V,2010,1437252,Histórico 2006-2026,5
SANTANDER,Sufragantes,2010-06-01,PRESIDENCIA 2010 - 2,Presidencia 2V,2010,682995,Histórico 2006-2026,5
SANTANDER,Votos válidos,2010-06-01,PRESIDENCIA 2010 - 2,Presidencia 2V,2010,672010,Histórico 2006-2026,5
SANTANDER,Votos por candidatos,2010-06-01,PRESIDENCIA 2010 - 2,Presidencia 2V,2010,652370,Histórico 2006-2026,5
SANTANDER,Voto en blanco,2010-06-01,PRESIDENCIA 2010 - 2,Presidencia 2V,2010,19640,Histórico 2006-2026,5
SANTANDER,Votos nulos,2010-06-01,PRESIDENCIA 2010 - 2,Presidencia 2V,2010,9145,Histórico 2006-2026,5
SANTANDER,Votos no marcados,2010-06-01,PRESIDENCIA 2010 - 2,Presidencia 2V,2010,1840,Histórico 2006-2026,5
SUCRE,Potencial,2010-06-01,PRESIDENCIA 2010 - 2,Presidencia 2V,2010,572476,Histórico 2006-2026,5
SUCRE,Sufragantes,2010-06-01,PRESIDENCIA 2010 - 2,Presidencia 2V,2010,240286,Histórico 2006-2026,5
SUCRE,Votos válidos,2010-06-01,PRESIDENCIA 2010 - 2,Presidencia 2V,2010,236599,Histórico 2006-2026,5
SUCRE,Votos por candidatos,2010-06-01,PRESIDENCIA 2010 - 2,Presidencia 2V,2010,228455,Histórico 2006-2026,5
SUCRE,Voto en blanco,2010-06-01,PRESIDENCIA 2010 - 2,Presidencia 2V,2010,8144,Histórico 2006-2026,5
SUCRE,Votos nulos,2010-06-01,PRESIDENCIA 2010 - 2,Presidencia 2V,2010,2739,Histórico 2006-2026,5
SUCRE,Votos no marcados,2010-06-01,PRESIDENCIA 2010 - 2,Presidencia 2V,2010,948,Histórico 2006-2026,5
TOLIMA,Potencial,2010-06-01,PRESIDENCIA 2010 - 2,Presidencia 2V,2010,934619,Histórico 2006-2026,5
TOLIMA,Sufragantes,2010-06-01,PRESIDENCIA 2010 - 2,Presidencia 2V,2010,468138,Histórico 2006-2026,5
TOLIMA,Votos válidos,2010-06-01,PRESIDENCIA 2010 - 2,Presidencia 2V,2010,459676,Histórico 2006-2026,5
TOLIMA,Votos por candidatos,2010-06-01,PRESIDENCIA 2010 - 2,Presidencia 2V,2010,447421,Histórico 2006-2026,5
TOLIMA,Voto en blanco,2010-06-01,PRESIDENCIA 2010 - 2,Presidencia 2V,2010,12255,Histórico 2006-2026,5
TOLIMA,Votos nulos,2010-06-01,PRESIDENCIA 2010 - 2,Presidencia 2V,2010,6598,Histórico 2006-2026,5
TOLIMA,Votos no marcados,2010-06-01,PRESIDENCIA 2010 - 2,Presidencia 2V,2010,1864,Histórico 2006-2026,5
VALLE,Potencial,2010-06-01,PRESIDENCIA 2010 - 2,Presidencia 2V,2010,2996361,Histórico 2006-2026,5
VALLE,Sufragantes,2010-06-01,PRESIDENCIA 2010 - 2,Presidencia 2V,2010,1263894,Histórico 2006-2026,5
VALLE,Votos válidos,2010-06-01,PRESIDENCIA 2010 - 2,Presidencia 2V,2010,1241598,Histórico 2006-2026,5
VALLE,Votos por candidatos,2010-06-01,PRESIDENCIA 2010 - 2,Presidencia 2V,2010,1196423,Histórico 2006-2026,5
VALLE,Voto en blanco,2010-06-01,PRESIDENCIA 2010 - 2,Presidencia 2V,2010,45175,Histórico 2006-2026,5
VALLE,Votos nulos,2010-06-01,PRESIDENCIA 2010 - 2,Presidencia 2V,2010,19459,Histórico 2006-2026,5
VALLE,Votos no marcados,2010-06-01,PRESIDENCIA 2010 - 2,Presidencia 2V,2010,2837,Histórico 2006-2026,5
VAUPES,Potencial,2010-06-01,PRESIDENCIA 2010 - 2,Presidencia 2V,2010,17314,Histórico 2006-2026,5
VAUPES,Sufragantes,2010-06-01,PRESIDENCIA 2010 - 2,Presidencia 2V,2010,4665,Histórico 2006-2026,5
VAUPES,Votos válidos,2010-06-01,PRESIDENCIA 2010 - 2,Presidencia 2V,2010,4605,Histórico 2006-2026,5
VAUPES,Votos por candidatos,2010-06-01,PRESIDENCIA 2010 - 2,Presidencia 2V,2010,4554,Histórico 2006-2026,5
VAUPES,Voto en blanco,2010-06-01,PRESIDENCIA 2010 - 2,Presidencia 2V,2010,51,Histórico 2006-2026,5
VAUPES,Votos nulos,2010-06-01,PRESIDENCIA 2010 - 2,Presidencia 2V,2010,42,Histórico 2006-2026,5
VAUPES,Votos no marcados,2010-06-01,PRESIDENCIA 2010 - 2,Presidencia 2V,2010,18,Histórico 2006-2026,5
VICHADA,Potencial,2010-06-01,PRESIDENCIA 2010 - 2,Presidencia 2V,2010,36329,Histórico 2006-2026,5
VICHADA,Sufragantes,2010-06-01,PRESIDENCIA 2010 - 2,Presidencia 2V,2010,9427,Histórico 2006-2026,5
VICHADA,Votos válidos,2010-06-01,PRESIDENCIA 2010 - 2,Presidencia 2V,2010,9335,Histórico 2006-2026,5
VICHADA,Votos por candidatos,2010-06-01,PRESIDENCIA 2010 - 2,Presidencia 2V,2010,9151,Histórico 2006-2026,5
VICHADA,Voto en blanco,2010-06-01,PRESIDENCIA 2010 - 2,Presidencia 2V,2010,184,Histórico 2006-2026,5
VICHADA,Votos nulos,2010-06-01,PRESIDENCIA 2010 - 2,Presidencia 2V,2010,63,Histórico 2006-2026,5
VICHADA,Votos no marcados,2010-06-01,PRESIDENCIA 2010 - 2,Presidencia 2V,2010,29,Histórico 2006-2026,5
AMAZONAS,Potencial,2014-03-01,CONGRESO 2014,Congreso,2014,40883,Histórico 2006-2026,6
AMAZONAS,Sufragantes,2014-03-01,CONGRESO 2014,Congreso,2014,21740,Histórico 2006-2026,6
AMAZONAS,Votos válidos,2014-03-01,CONGRESO 2014,Congreso,2014,19095,Histórico 2006-2026,6
AMAZONAS,Votos por candidatos,2014-03-01,CONGRESO 2014,Congreso,2014,18499,Histórico 2006-2026,6
AMAZONAS,Voto en blanco,2014-03-01,CONGRESO 2014,Congreso,2014,596,Histórico 2006-2026,6
AMAZONAS,Votos nulos,2014-03-01,CONGRESO 2014,Congreso,2014,2065,Histórico 2006-2026,6
AMAZONAS,Votos no marcados,2014-03-01,CONGRESO 2014,Congreso,2014,580,Histórico 2006-2026,6
ANTIOQUIA,Potencial,2014-03-01,CONGRESO 2014,Congreso,2014,4241489,Histórico 2006-2026,6
ANTIOQUIA,Sufragantes,2014-03-01,CONGRESO 2014,Congreso,2014,1654650,Histórico 2006-2026,6
ANTIOQUIA,Votos válidos,2014-03-01,CONGRESO 2014,Congreso,2014,1354894,Histórico 2006-2026,6
ANTIOQUIA,Votos por candidatos,2014-03-01,CONGRESO 2014,Congreso,2014,1256311,Histórico 2006-2026,6
ANTIOQUIA,Voto en blanco,2014-03-01,CONGRESO 2014,Congreso,2014,98583,Histórico 2006-2026,6
ANTIOQUIA,Votos nulos,2014-03-01,CONGRESO 2014,Congreso,2014,241892,Histórico 2006-2026,6
ANTIOQUIA,Votos no marcados,2014-03-01,CONGRESO 2014,Congreso,2014,57864,Histórico 2006-2026,6
ARAUCA,Potencial,2014-03-01,CONGRESO 2014,Congreso,2014,161024,Histórico 2006-2026,6
ARAUCA,Sufragantes,2014-03-01,CONGRESO 2014,Congreso,2014,71881,Histórico 2006-2026,6
ARAUCA,Votos válidos,2014-03-01,CONGRESO 2014,Congreso,2014,61547,Histórico 2006-2026,6
ARAUCA,Votos por candidatos,2014-03-01,CONGRESO 2014,Congreso,2014,57900,Histórico 2006-2026,6
ARAUCA,Voto en blanco,2014-03-01,CONGRESO 2014,Congreso,2014,3647,Histórico 2006-2026,6
ARAUCA,Votos nulos,2014-03-01,CONGRESO 2014,Congreso,2014,7320,Histórico 2006-2026,6
ARAUCA,Votos no marcados,2014-03-01,CONGRESO 2014,Congreso,2014,3014,Histórico 2006-2026,6
ATLANTICO,Potencial,2014-03-01,CONGRESO 2014,Congreso,2014,1690735,Histórico 2006-2026,6
ATLANTICO,Sufragantes,2014-03-01,CONGRESO 2014,Congreso,2014,881578,Histórico 2006-2026,6
ATLANTICO,Votos válidos,2014-03-01,CONGRESO 2014,Congreso,2014,767554,Histórico 2006-2026,6
ATLANTICO,Votos por candidatos,2014-03-01,CONGRESO 2014,Congreso,2014,738690,Histórico 2006-2026,6
ATLANTICO,Voto en blanco,2014-03-01,CONGRESO 2014,Congreso,2014,28864,Histórico 2006-2026,6
ATLANTICO,Votos nulos,2014-03-01,CONGRESO 2014,Congreso,2014,87956,Histórico 2006-2026,6
ATLANTICO,Votos no marcados,2014-03-01,CONGRESO 2014,Congreso,2014,26068,Histórico 2006-2026,6
BOGOTA D.C.,Potencial,2014-03-01,CONGRESO 2014,Congreso,2014,5188174,Histórico 2006-2026,6
BOGOTA D.C.,Sufragantes,2014-03-01,CONGRESO 2014,Congreso,2014,1793568,Histórico 2006-2026,6
BOGOTA D.C.,Votos válidos,2014-03-01,CONGRESO 2014,Congreso,2014,1486083,Histórico 2006-2026,6
BOGOTA D.C.,Votos por candidatos,2014-03-01,CONGRESO 2014,Congreso,2014,1281490,Histórico 2006-2026,6
BOGOTA D.C.,Voto en blanco,2014-03-01,CONGRESO 2014,Congreso,2014,204593,Histórico 2006-2026,6
BOGOTA D.C.,Votos nulos,2014-03-01,CONGRESO 2014,Congreso,2014,264780,Histórico 2006-2026,6
BOGOTA D.C.,Votos no marcados,2014-03-01,CONGRESO 2014,Congreso,2014,42705,Histórico 2006-2026,6
BOLIVAR,Potencial,2014-03-01,CONGRESO 2014,Congreso,2014,1418844,Histórico 2006-2026,6
BOLIVAR,Sufragantes,2014-03-01,CONGRESO 2014,Congreso,2014,643532,Histórico 2006-2026,6
BOLIVAR,Votos válidos,2014-03-01,CONGRESO 2014,Congreso,2014,533384,Histórico 2006-2026,6
BOLIVAR,Votos por candidatos,2014-03-01,CONGRESO 2014,Congreso,2014,518005,Histórico 2006-2026,6
BOLIVAR,Voto en blanco,2014-03-01,CONGRESO 2014,Congreso,2014,15379,Histórico 2006-2026,6
BOLIVAR,Votos nulos,2014-03-01,CONGRESO 2014,Congreso,2014,85353,Histórico 2006-2026,6
BOLIVAR,Votos no marcados,2014-03-01,CONGRESO 2014,Congreso,2014,24795,Histórico 2006-2026,6
BOYACA,Potencial,2014-03-01,CONGRESO 2014,Congreso,2014,887292,Histórico 2006-2026,6
BOYACA,Sufragantes,2014-03-01,CONGRESO 2014,Congreso,2014,413883,Histórico 2006-2026,6
BOYACA,Votos válidos,2014-03-01,CONGRESO 2014,Congreso,2014,349768,Histórico 2006-2026,6
BOYACA,Votos por candidatos,2014-03-01,CONGRESO 2014,Congreso,2014,311750,Histórico 2006-2026,6
BOYACA,Voto en blanco,2014-03-01,CONGRESO 2014,Congreso,2014,38018,Histórico 2006-2026,6
BOYACA,Votos nulos,2014-03-01,CONGRESO 2014,Congreso,2014,51721,Histórico 2006-2026,6
BOYACA,Votos no marcados,2014-03-01,CONGRESO 2014,Congreso,2014,12394,Histórico 2006-2026,6
CALDAS,Potencial,2014-03-01,CONGRESO 2014,Congreso,2014,756707,Histórico 2006-2026,6
CALDAS,Sufragantes,2014-03-01,CONGRESO 2014,Congreso,2014,358410,Histórico 2006-2026,6
CALDAS,Votos válidos,2014-03-01,CONGRESO 2014,Congreso,2014,298532,Histórico 2006-2026,6
CALDAS,Votos por candidatos,2014-03-01,CONGRESO 2014,Congreso,2014,276789,Histórico 2006-2026,6
CALDAS,Voto en blanco,2014-03-01,CONGRESO 2014,Congreso,2014,21743,Histórico 2006-2026,6
CALDAS,Votos nulos,2014-03-01,CONGRESO 2014,Congreso,2014,44532,Histórico 2006-2026,6
CALDAS,Votos no marcados,2014-03-01,CONGRESO 2014,Congreso,2014,15346,Histórico 2006-2026,6
CAQUETA,Potencial,2014-03-01,CONGRESO 2014,Congreso,2014,262765,Histórico 2006-2026,6
CAQUETA,Sufragantes,2014-03-01,CONGRESO 2014,Congreso,2014,97533,Histórico 2006-2026,6
CAQUETA,Votos válidos,2014-03-01,CONGRESO 2014,Congreso,2014,83951,Histórico 2006-2026,6
CAQUETA,Votos por candidatos,2014-03-01,CONGRESO 2014,Congreso,2014,78345,Histórico 2006-2026,6
CAQUETA,Voto en blanco,2014-03-01,CONGRESO 2014,Congreso,2014,5606,Histórico 2006-2026,6
CAQUETA,Votos nulos,2014-03-01,CONGRESO 2014,Congreso,2014,9803,Histórico 2006-2026,6
CAQUETA,Votos no marcados,2014-03-01,CONGRESO 2014,Congreso,2014,3779,Histórico 2006-2026,6
CASANARE,Potencial,2014-03-01,CONGRESO 2014,Congreso,2014,235377,Histórico 2006-2026,6
CASANARE,Sufragantes,2014-03-01,CONGRESO 2014,Congreso,2014,119524,Histórico 2006-2026,6
CASANARE,Votos válidos,2014-03-01,CONGRESO 2014,Congreso,2014,98208,Histórico 2006-2026,6
CASANARE,Votos por candidatos,2014-03-01,CONGRESO 2014,Congreso,2014,88975,Histórico 2006-2026,6
CASANARE,Voto en blanco,2014-03-01,CONGRESO 2014,Congreso,2014,9233,Histórico 2006-2026,6
CASANARE,Votos nulos,2014-03-01,CONGRESO 2014,Congreso,2014,13673,Histórico 2006-2026,6
CASANARE,Votos no marcados,2014-03-01,CONGRESO 2014,Congreso,2014,7643,Histórico 2006-2026,6
CAUCA,Potencial,2014-03-01,CONGRESO 2014,Congreso,2014,876086,Histórico 2006-2026,6
CAUCA,Sufragantes,2014-03-01,CONGRESO 2014,Congreso,2014,358521,Histórico 2006-2026,6
CAUCA,Votos válidos,2014-03-01,CONGRESO 2014,Congreso,2014,292412,Histórico 2006-2026,6
CAUCA,Votos por candidatos,2014-03-01,CONGRESO 2014,Congreso,2014,272000,Histórico 2006-2026,6
CAUCA,Voto en blanco,2014-03-01,CONGRESO 2014,Congreso,2014,20412,Histórico 2006-2026,6
CAUCA,Votos nulos,2014-03-01,CONGRESO 2014,Congreso,2014,44970,Histórico 2006-2026,6
CAUCA,Votos no marcados,2014-03-01,CONGRESO 2014,Congreso,2014,21139,Histórico 2006-2026,6
CESAR,Potencial,2014-03-01,CONGRESO 2014,Congreso,2014,688589,Histórico 2006-2026,6
CESAR,Sufragantes,2014-03-01,CONGRESO 2014,Congreso,2014,309484,Histórico 2006-2026,6
CESAR,Votos válidos,2014-03-01,CONGRESO 2014,Congreso,2014,264254,Histórico 2006-2026,6
CESAR,Votos por candidatos,2014-03-01,CONGRESO 2014,Congreso,2014,255766,Histórico 2006-2026,6
CESAR,Voto en blanco,2014-03-01,CONGRESO 2014,Congreso,2014,8488,Histórico 2006-2026,6
CESAR,Votos nulos,2014-03-01,CONGRESO 2014,Congreso,2014,34878,Histórico 2006-2026,6
CESAR,Votos no marcados,2014-03-01,CONGRESO 2014,Congreso,2014,10352,Histórico 2006-2026,6
CHOCO,Potencial,2014-03-01,CONGRESO 2014,Congreso,2014,280833,Histórico 2006-2026,6
CHOCO,Sufragantes,2014-03-01,CONGRESO 2014,Congreso,2014,124481,Histórico 2006-2026,6
CHOCO,Votos válidos,2014-03-01,CONGRESO 2014,Congreso,2014,104438,Histórico 2006-2026,6
CHOCO,Votos por candidatos,2014-03-01,CONGRESO 2014,Congreso,2014,101866,Histórico 2006-2026,6
CHOCO,Voto en blanco,2014-03-01,CONGRESO 2014,Congreso,2014,2572,Histórico 2006-2026,6
CHOCO,Votos nulos,2014-03-01,CONGRESO 2014,Congreso,2014,14199,Histórico 2006-2026,6
CHOCO,Votos no marcados,2014-03-01,CONGRESO 2014,Congreso,2014,5844,Histórico 2006-2026,6
CONSULADOS,Potencial,2014-03-01,CONGRESO 2014,Congreso,2014,538888,Histórico 2006-2026,6
CONSULADOS,Sufragantes,2014-03-01,CONGRESO 2014,Congreso,2014,51853,Histórico 2006-2026,6
CONSULADOS,Votos válidos,2014-03-01,CONGRESO 2014,Congreso,2014,43858,Histórico 2006-2026,6
CONSULADOS,Votos por candidatos,2014-03-01,CONGRESO 2014,Congreso,2014,39166,Histórico 2006-2026,6
CONSULADOS,Voto en blanco,2014-03-01,CONGRESO 2014,Congreso,2014,4692,Histórico 2006-2026,6
CONSULADOS,Votos nulos,2014-03-01,CONGRESO 2014,Congreso,2014,6264,Histórico 2006-2026,6
CONSULADOS,Votos no marcados,2014-03-01,CONGRESO 2014,Congreso,2014,1731,Histórico 2006-2026,6
CORDOBA,Potencial,2014-03-01,CONGRESO 2014,Congreso,2014,1141772,Histórico 2006-2026,6
CORDOBA,Sufragantes,2014-03-01,CONGRESO 2014,Congreso,2014,690325,Histórico 2006-2026,6
CORDOBA,Votos válidos,2014-03-01,CONGRESO 2014,Congreso,2014,613280,Histórico 2006-2026,6
CORDOBA,Votos por candidatos,2014-03-01,CONGRESO 2014,Congreso,2014,602510,Histórico 2006-2026,6
CORDOBA,Voto en blanco,2014-03-01,CONGRESO 2014,Congreso,2014,10770,Histórico 2006-2026,6
CORDOBA,Votos nulos,2014-03-01,CONGRESO 2014,Congreso,2014,52592,Histórico 2006-2026,6
CORDOBA,Votos no marcados,2014-03-01,CONGRESO 2014,Congreso,2014,24453,Histórico 2006-2026,6
CUNDINAMARCA,Potencial,2014-03-01,CONGRESO 2014,Congreso,2014,1658905,Histórico 2006-2026,6
CUNDINAMARCA,Sufragantes,2014-03-01,CONGRESO 2014,Congreso,2014,732594,Histórico 2006-2026,6
CUNDINAMARCA,Votos válidos,2014-03-01,CONGRESO 2014,Congreso,2014,606801,Histórico 2006-2026,6
CUNDINAMARCA,Votos por candidatos,2014-03-01,CONGRESO 2014,Congreso,2014,546504,Histórico 2006-2026,6
CUNDINAMARCA,Voto en blanco,2014-03-01,CONGRESO 2014,Congreso,2014,60297,Histórico 2006-2026,6
CUNDINAMARCA,Votos nulos,2014-03-01,CONGRESO 2014,Congreso,2014,103116,Histórico 2006-2026,6
CUNDINAMARCA,Votos no marcados,2014-03-01,CONGRESO 2014,Congreso,2014,22677,Histórico 2006-2026,6
GUAINIA,Potencial,2014-03-01,CONGRESO 2014,Congreso,2014,21778,Histórico 2006-2026,6
GUAINIA,Sufragantes,2014-03-01,CONGRESO 2014,Congreso,2014,12021,Histórico 2006-2026,6
GUAINIA,Votos válidos,2014-03-01,CONGRESO 2014,Congreso,2014,10884,Histórico 2006-2026,6
GUAINIA,Votos por candidatos,2014-03-01,CONGRESO 2014,Congreso,2014,10678,Histórico 2006-2026,6
GUAINIA,Voto en blanco,2014-03-01,CONGRESO 2014,Congreso,2014,206,Histórico 2006-2026,6
GUAINIA,Votos nulos,2014-03-01,CONGRESO 2014,Congreso,2014,600,Histórico 2006-2026,6
GUAINIA,Votos no marcados,2014-03-01,CONGRESO 2014,Congreso,2014,537,Histórico 2006-2026,6
GUAVIARE,Potencial,2014-03-01,CONGRESO 2014,Congreso,2014,53166,Histórico 2006-2026,6
GUAVIARE,Sufragantes,2014-03-01,CONGRESO 2014,Congreso,2014,28022,Histórico 2006-2026,6
GUAVIARE,Votos válidos,2014-03-01,CONGRESO 2014,Congreso,2014,25627,Histórico 2006-2026,6
GUAVIARE,Votos por candidatos,2014-03-01,CONGRESO 2014,Congreso,2014,25106,Histórico 2006-2026,6
GUAVIARE,Voto en blanco,2014-03-01,CONGRESO 2014,Congreso,2014,521,Histórico 2006-2026,6
GUAVIARE,Votos nulos,2014-03-01,CONGRESO 2014,Congreso,2014,1838,Histórico 2006-2026,6
GUAVIARE,Votos no marcados,2014-03-01,CONGRESO 2014,Congreso,2014,557,Histórico 2006-2026,6
HUILA,Potencial,2014-03-01,CONGRESO 2014,Congreso,2014,744143,Histórico 2006-2026,6
HUILA,Sufragantes,2014-03-01,CONGRESO 2014,Congreso,2014,339707,Histórico 2006-2026,6
HUILA,Votos válidos,2014-03-01,CONGRESO 2014,Congreso,2014,281752,Histórico 2006-2026,6
HUILA,Votos por candidatos,2014-03-01,CONGRESO 2014,Congreso,2014,262004,Histórico 2006-2026,6
HUILA,Voto en blanco,2014-03-01,CONGRESO 2014,Congreso,2014,19748,Histórico 2006-2026,6
HUILA,Votos nulos,2014-03-01,CONGRESO 2014,Congreso,2014,44080,Histórico 2006-2026,6
HUILA,Votos no marcados,2014-03-01,CONGRESO 2014,Congreso,2014,13875,Histórico 2006-2026,6
LA GUAJIRA,Potencial,2014-03-01,CONGRESO 2014,Congreso,2014,511220,Histórico 2006-2026,6
LA GUAJIRA,Sufragantes,2014-03-01,CONGRESO 2014,Congreso,2014,206229,Histórico 2006-2026,6
LA GUAJIRA,Votos válidos,2014-03-01,CONGRESO 2014,Congreso,2014,173133,Histórico 2006-2026,6
LA GUAJIRA,Votos por candidatos,2014-03-01,CONGRESO 2014,Congreso,2014,167846,Histórico 2006-2026,6
LA GUAJIRA,Voto en blanco,2014-03-01,CONGRESO 2014,Congreso,2014,5287,Histórico 2006-2026,6
LA GUAJIRA,Votos nulos,2014-03-01,CONGRESO 2014,Congreso,2014,22046,Histórico 2006-2026,6
LA GUAJIRA,Votos no marcados,2014-03-01,CONGRESO 2014,Congreso,2014,11050,Histórico 2006-2026,6
MAGDALENA,Potencial,2014-03-01,CONGRESO 2014,Congreso,2014,851822,Histórico 2006-2026,6
MAGDALENA,Sufragantes,2014-03-01,CONGRESO 2014,Congreso,2014,429507,Histórico 2006-2026,6
MAGDALENA,Votos válidos,2014-03-01,CONGRESO 2014,Congreso,2014,371443,Histórico 2006-2026,6
MAGDALENA,Votos por candidatos,2014-03-01,CONGRESO 2014,Congreso,2014,363169,Histórico 2006-2026,6
MAGDALENA,Voto en blanco,2014-03-01,CONGRESO 2014,Congreso,2014,8274,Histórico 2006-2026,6
MAGDALENA,Votos nulos,2014-03-01,CONGRESO 2014,Congreso,2014,46807,Histórico 2006-2026,6
MAGDALENA,Votos no marcados,2014-03-01,CONGRESO 2014,Congreso,2014,11257,Histórico 2006-2026,6
META,Potencial,2014-03-01,CONGRESO 2014,Congreso,2014,611803,Histórico 2006-2026,6
META,Sufragantes,2014-03-01,CONGRESO 2014,Congreso,2014,303976,Histórico 2006-2026,6
META,Votos válidos,2014-03-01,CONGRESO 2014,Congreso,2014,252456,Histórico 2006-2026,6
META,Votos por candidatos,2014-03-01,CONGRESO 2014,Congreso,2014,232978,Histórico 2006-2026,6
META,Voto en blanco,2014-03-01,CONGRESO 2014,Congreso,2014,19478,Histórico 2006-2026,6
META,Votos nulos,2014-03-01,CONGRESO 2014,Congreso,2014,40115,Histórico 2006-2026,6
META,Votos no marcados,2014-03-01,CONGRESO 2014,Congreso,2014,11405,Histórico 2006-2026,6
NARIÑO,Potencial,2014-03-01,CONGRESO 2014,Congreso,2014,1032588,Histórico 2006-2026,6
NARIÑO,Sufragantes,2014-03-01,CONGRESO 2014,Congreso,2014,516615,Histórico 2006-2026,6
NARIÑO,Votos válidos,2014-03-01,CONGRESO 2014,Congreso,2014,446433,Histórico 2006-2026,6
NARIÑO,Votos por candidatos,2014-03-01,CONGRESO 2014,Congreso,2014,420471,Histórico 2006-2026,6
NARIÑO,Voto en blanco,2014-03-01,CONGRESO 2014,Congreso,2014,25962,Histórico 2006-2026,6
NARIÑO,Votos nulos,2014-03-01,CONGRESO 2014,Congreso,2014,50427,Histórico 2006-2026,6
NARIÑO,Votos no marcados,2014-03-01,CONGRESO 2014,Congreso,2014,19755,Histórico 2006-2026,6
NORTE DE SAN,Potencial,2014-03-01,CONGRESO 2014,Congreso,2014,1047940,Histórico 2006-2026,6
NORTE DE SAN,Sufragantes,2014-03-01,CONGRESO 2014,Congreso,2014,482796,Histórico 2006-2026,6
NORTE DE SAN,Votos válidos,2014-03-01,CONGRESO 2014,Congreso,2014,411452,Histórico 2006-2026,6
NORTE DE SAN,Votos por candidatos,2014-03-01,CONGRESO 2014,Congreso,2014,386286,Histórico 2006-2026,6
NORTE DE SAN,Voto en blanco,2014-03-01,CONGRESO 2014,Congreso,2014,25166,Histórico 2006-2026,6
NORTE DE SAN,Votos nulos,2014-03-01,CONGRESO 2014,Congreso,2014,56587,Histórico 2006-2026,6
NORTE DE SAN,Votos no marcados,2014-03-01,CONGRESO 2014,Congreso,2014,14757,Histórico 2006-2026,6
PUTUMAYO,Potencial,2014-03-01,CONGRESO 2014,Congreso,2014,195694,Histórico 2006-2026,6
PUTUMAYO,Sufragantes,2014-03-01,CONGRESO 2014,Congreso,2014,83477,Histórico 2006-2026,6
PUTUMAYO,Votos válidos,2014-03-01,CONGRESO 2014,Congreso,2014,73861,Histórico 2006-2026,6
PUTUMAYO,Votos por candidatos,2014-03-01,CONGRESO 2014,Congreso,2014,70600,Histórico 2006-2026,6
PUTUMAYO,Voto en blanco,2014-03-01,CONGRESO 2014,Congreso,2014,3261,Histórico 2006-2026,6
PUTUMAYO,Votos nulos,2014-03-01,CONGRESO 2014,Congreso,2014,6639,Histórico 2006-2026,6
PUTUMAYO,Votos no marcados,2014-03-01,CONGRESO 2014,Congreso,2014,2977,Histórico 2006-2026,6
QUINDIO,Potencial,2014-03-01,CONGRESO 2014,Congreso,2014,433984,Histórico 2006-2026,6
QUINDIO,Sufragantes,2014-03-01,CONGRESO 2014,Congreso,2014,220105,Histórico 2006-2026,6
QUINDIO,Votos válidos,2014-03-01,CONGRESO 2014,Congreso,2014,188113,Histórico 2006-2026,6
QUINDIO,Votos por candidatos,2014-03-01,CONGRESO 2014,Congreso,2014,173755,Histórico 2006-2026,6
QUINDIO,Voto en blanco,2014-03-01,CONGRESO 2014,Congreso,2014,14358,Histórico 2006-2026,6
QUINDIO,Votos nulos,2014-03-01,CONGRESO 2014,Congreso,2014,25478,Histórico 2006-2026,6
QUINDIO,Votos no marcados,2014-03-01,CONGRESO 2014,Congreso,2014,6514,Histórico 2006-2026,6
RISARALDA,Potencial,2014-03-01,CONGRESO 2014,Congreso,2014,721499,Histórico 2006-2026,6
RISARALDA,Sufragantes,2014-03-01,CONGRESO 2014,Congreso,2014,327945,Histórico 2006-2026,6
RISARALDA,Votos válidos,2014-03-01,CONGRESO 2014,Congreso,2014,265914,Histórico 2006-2026,6
RISARALDA,Votos por candidatos,2014-03-01,CONGRESO 2014,Congreso,2014,242222,Histórico 2006-2026,6
RISARALDA,Voto en blanco,2014-03-01,CONGRESO 2014,Congreso,2014,23692,Histórico 2006-2026,6
RISARALDA,Votos nulos,2014-03-01,CONGRESO 2014,Congreso,2014,50234,Histórico 2006-2026,6
RISARALDA,Votos no marcados,2014-03-01,CONGRESO 2014,Congreso,2014,11797,Histórico 2006-2026,6
SAN ANDRES,Potencial,2014-03-01,CONGRESO 2014,Congreso,2014,45428,Histórico 2006-2026,6
SAN ANDRES,Sufragantes,2014-03-01,CONGRESO 2014,Congreso,2014,18069,Histórico 2006-2026,6
SAN ANDRES,Votos válidos,2014-03-01,CONGRESO 2014,Congreso,2014,15483,Histórico 2006-2026,6
SAN ANDRES,Votos por candidatos,2014-03-01,CONGRESO 2014,Congreso,2014,14344,Histórico 2006-2026,6
SAN ANDRES,Voto en blanco,2014-03-01,CONGRESO 2014,Congreso,2014,1139,Histórico 2006-2026,6
SAN ANDRES,Votos nulos,2014-03-01,CONGRESO 2014,Congreso,2014,1691,Histórico 2006-2026,6
SAN ANDRES,Votos no marcados,2014-03-01,CONGRESO 2014,Congreso,2014,895,Histórico 2006-2026,6
SANTANDER,Potencial,2014-03-01,CONGRESO 2014,Congreso,2014,1550600,Histórico 2006-2026,6
SANTANDER,Sufragantes,2014-03-01,CONGRESO 2014,Congreso,2014,725273,Histórico 2006-2026,6
SANTANDER,Votos válidos,2014-03-01,CONGRESO 2014,Congreso,2014,618062,Histórico 2006-2026,6
SANTANDER,Votos por candidatos,2014-03-01,CONGRESO 2014,Congreso,2014,563017,Histórico 2006-2026,6
SANTANDER,Voto en blanco,2014-03-01,CONGRESO 2014,Congreso,2014,55045,Histórico 2006-2026,6
SANTANDER,Votos nulos,2014-03-01,CONGRESO 2014,Congreso,2014,88156,Histórico 2006-2026,6
SANTANDER,Votos no marcados,2014-03-01,CONGRESO 2014,Congreso,2014,19055,Histórico 2006-2026,6
SUCRE,Potencial,2014-03-01,CONGRESO 2014,Congreso,2014,625669,Histórico 2006-2026,6
SUCRE,Sufragantes,2014-03-01,CONGRESO 2014,Congreso,2014,404301,Histórico 2006-2026,6
SUCRE,Votos válidos,2014-03-01,CONGRESO 2014,Congreso,2014,347513,Histórico 2006-2026,6
SUCRE,Votos por candidatos,2014-03-01,CONGRESO 2014,Congreso,2014,339802,Histórico 2006-2026,6
SUCRE,Voto en blanco,2014-03-01,CONGRESO 2014,Congreso,2014,7711,Histórico 2006-2026,6
SUCRE,Votos nulos,2014-03-01,CONGRESO 2014,Congreso,2014,33780,Histórico 2006-2026,6
SUCRE,Votos no marcados,2014-03-01,CONGRESO 2014,Congreso,2014,23008,Histórico 2006-2026,6
TOLIMA,Potencial,2014-03-01,CONGRESO 2014,Congreso,2014,994905,Histórico 2006-2026,6
TOLIMA,Sufragantes,2014-03-01,CONGRESO 2014,Congreso,2014,452920,Histórico 2006-2026,6
TOLIMA,Votos válidos,2014-03-01,CONGRESO 2014,Congreso,2014,380533,Histórico 2006-2026,6
TOLIMA,Votos por candidatos,2014-03-01,CONGRESO 2014,Congreso,2014,357847,Histórico 2006-2026,6
TOLIMA,Voto en blanco,2014-03-01,CONGRESO 2014,Congreso,2014,22686,Histórico 2006-2026,6
TOLIMA,Votos nulos,2014-03-01,CONGRESO 2014,Congreso,2014,56156,Histórico 2006-2026,6
TOLIMA,Votos no marcados,2014-03-01,CONGRESO 2014,Congreso,2014,16231,Histórico 2006-2026,6
VALLE,Potencial,2014-03-01,CONGRESO 2014,Congreso,2014,3230328,Histórico 2006-2026,6
VALLE,Sufragantes,2014-03-01,CONGRESO 2014,Congreso,2014,1194580,Histórico 2006-2026,6
VALLE,Votos válidos,2014-03-01,CONGRESO 2014,Congreso,2014,993817,Histórico 2006-2026,6
VALLE,Votos por candidatos,2014-03-01,CONGRESO 2014,Congreso,2014,920188,Histórico 2006-2026,6
VALLE,Voto en blanco,2014-03-01,CONGRESO 2014,Congreso,2014,73629,Histórico 2006-2026,6
VALLE,Votos nulos,2014-03-01,CONGRESO 2014,Congreso,2014,162014,Histórico 2006-2026,6
VALLE,Votos no marcados,2014-03-01,CONGRESO 2014,Congreso,2014,38749,Histórico 2006-2026,6
VAUPES,Potencial,2014-03-01,CONGRESO 2014,Congreso,2014,19607,Histórico 2006-2026,6
VAUPES,Sufragantes,2014-03-01,CONGRESO 2014,Congreso,2014,10742,Histórico 2006-2026,6
VAUPES,Votos válidos,2014-03-01,CONGRESO 2014,Congreso,2014,10134,Histórico 2006-2026,6
VAUPES,Votos por candidatos,2014-03-01,CONGRESO 2014,Congreso,2014,10021,Histórico 2006-2026,6
VAUPES,Voto en blanco,2014-03-01,CONGRESO 2014,Congreso,2014,113,Histórico 2006-2026,6
VAUPES,Votos nulos,2014-03-01,CONGRESO 2014,Congreso,2014,477,Histórico 2006-2026,6
VAUPES,Votos no marcados,2014-03-01,CONGRESO 2014,Congreso,2014,131,Histórico 2006-2026,6
VICHADA,Potencial,2014-03-01,CONGRESO 2014,Congreso,2014,42787,Histórico 2006-2026,6
VICHADA,Sufragantes,2014-03-01,CONGRESO 2014,Congreso,2014,21656,Histórico 2006-2026,6
VICHADA,Votos válidos,2014-03-01,CONGRESO 2014,Congreso,2014,19826,Histórico 2006-2026,6
VICHADA,Votos por candidatos,2014-03-01,CONGRESO 2014,Congreso,2014,19454,Histórico 2006-2026,6
VICHADA,Voto en blanco,2014-03-01,CONGRESO 2014,Congreso,2014,372,Histórico 2006-2026,6
VICHADA,Votos nulos,2014-03-01,CONGRESO 2014,Congreso,2014,1348,Histórico 2006-2026,6
VICHADA,Votos no marcados,2014-03-01,CONGRESO 2014,Congreso,2014,482,Histórico 2006-2026,6
AMAZONAS,Potencial,2014-05-01,PRESIDENCIA 2014 - 1,Presidencia 1V,2014,41099,Histórico 2006-2026,7
AMAZONAS,Sufragantes,2014-05-01,PRESIDENCIA 2014 - 1,Presidencia 1V,2014,14160,Histórico 2006-2026,7
AMAZONAS,Votos válidos,2014-05-01,PRESIDENCIA 2014 - 1,Presidencia 1V,2014,13831,Histórico 2006-2026,7
AMAZONAS,Votos por candidatos,2014-05-01,PRESIDENCIA 2014 - 1,Presidencia 1V,2014,13381,Histórico 2006-2026,7
AMAZONAS,Voto en blanco,2014-05-01,PRESIDENCIA 2014 - 1,Presidencia 1V,2014,450,Histórico 2006-2026,7
AMAZONAS,Votos nulos,2014-05-01,PRESIDENCIA 2014 - 1,Presidencia 1V,2014,255,Histórico 2006-2026,7
AMAZONAS,Votos no marcados,2014-05-01,PRESIDENCIA 2014 - 1,Presidencia 1V,2014,74,Histórico 2006-2026,7
ANTIOQUIA,Potencial,2014-05-01,PRESIDENCIA 2014 - 1,Presidencia 1V,2014,4263707,Histórico 2006-2026,7
ANTIOQUIA,Sufragantes,2014-05-01,PRESIDENCIA 2014 - 1,Presidencia 1V,2014,1821368,Histórico 2006-2026,7
ANTIOQUIA,Votos válidos,2014-05-01,PRESIDENCIA 2014 - 1,Presidencia 1V,2014,1766390,Histórico 2006-2026,7
ANTIOQUIA,Votos por candidatos,2014-05-01,PRESIDENCIA 2014 - 1,Presidencia 1V,2014,1632986,Histórico 2006-2026,7
ANTIOQUIA,Voto en blanco,2014-05-01,PRESIDENCIA 2014 - 1,Presidencia 1V,2014,133404,Histórico 2006-2026,7
ANTIOQUIA,Votos nulos,2014-05-01,PRESIDENCIA 2014 - 1,Presidencia 1V,2014,47274,Histórico 2006-2026,7
ANTIOQUIA,Votos no marcados,2014-05-01,PRESIDENCIA 2014 - 1,Presidencia 1V,2014,7704,Histórico 2006-2026,7
ARAUCA,Potencial,2014-05-01,PRESIDENCIA 2014 - 1,Presidencia 1V,2014,161867,Histórico 2006-2026,7
ARAUCA,Sufragantes,2014-05-01,PRESIDENCIA 2014 - 1,Presidencia 1V,2014,58803,Histórico 2006-2026,7
ARAUCA,Votos válidos,2014-05-01,PRESIDENCIA 2014 - 1,Presidencia 1V,2014,56907,Histórico 2006-2026,7
ARAUCA,Votos por candidatos,2014-05-01,PRESIDENCIA 2014 - 1,Presidencia 1V,2014,54165,Histórico 2006-2026,7
ARAUCA,Voto en blanco,2014-05-01,PRESIDENCIA 2014 - 1,Presidencia 1V,2014,2742,Histórico 2006-2026,7
ARAUCA,Votos nulos,2014-05-01,PRESIDENCIA 2014 - 1,Presidencia 1V,2014,1615,Histórico 2006-2026,7
ARAUCA,Votos no marcados,2014-05-01,PRESIDENCIA 2014 - 1,Presidencia 1V,2014,281,Histórico 2006-2026,7
ATLANTICO,Potencial,2014-05-01,PRESIDENCIA 2014 - 1,Presidencia 1V,2014,1699592,Histórico 2006-2026,7
ATLANTICO,Sufragantes,2014-05-01,PRESIDENCIA 2014 - 1,Presidencia 1V,2014,411187,Histórico 2006-2026,7
ATLANTICO,Votos válidos,2014-05-01,PRESIDENCIA 2014 - 1,Presidencia 1V,2014,406205,Histórico 2006-2026,7
ATLANTICO,Votos por candidatos,2014-05-01,PRESIDENCIA 2014 - 1,Presidencia 1V,2014,387344,Histórico 2006-2026,7
ATLANTICO,Voto en blanco,2014-05-01,PRESIDENCIA 2014 - 1,Presidencia 1V,2014,18861,Histórico 2006-2026,7
ATLANTICO,Votos nulos,2014-05-01,PRESIDENCIA 2014 - 1,Presidencia 1V,2014,4253,Histórico 2006-2026,7
ATLANTICO,Votos no marcados,2014-05-01,PRESIDENCIA 2014 - 1,Presidencia 1V,2014,729,Histórico 2006-2026,7
BOGOTA D.C.,Potencial,2014-05-01,PRESIDENCIA 2014 - 1,Presidencia 1V,2014,5215351,Histórico 2006-2026,7
BOGOTA D.C.,Sufragantes,2014-05-01,PRESIDENCIA 2014 - 1,Presidencia 1V,2014,2510384,Histórico 2006-2026,7
BOGOTA D.C.,Votos válidos,2014-05-01,PRESIDENCIA 2014 - 1,Presidencia 1V,2014,2453518,Histórico 2006-2026,7
BOGOTA D.C.,Votos por candidatos,2014-05-01,PRESIDENCIA 2014 - 1,Presidencia 1V,2014,2245993,Histórico 2006-2026,7
BOGOTA D.C.,Voto en blanco,2014-05-01,PRESIDENCIA 2014 - 1,Presidencia 1V,2014,207525,Histórico 2006-2026,7
BOGOTA D.C.,Votos nulos,2014-05-01,PRESIDENCIA 2014 - 1,Presidencia 1V,2014,54663,Histórico 2006-2026,7
BOGOTA D.C.,Votos no marcados,2014-05-01,PRESIDENCIA 2014 - 1,Presidencia 1V,2014,2203,Histórico 2006-2026,7
BOLIVAR,Potencial,2014-05-01,PRESIDENCIA 2014 - 1,Presidencia 1V,2014,1426276,Histórico 2006-2026,7
BOLIVAR,Sufragantes,2014-05-01,PRESIDENCIA 2014 - 1,Presidencia 1V,2014,380216,Histórico 2006-2026,7
BOLIVAR,Votos válidos,2014-05-01,PRESIDENCIA 2014 - 1,Presidencia 1V,2014,374812,Histórico 2006-2026,7
BOLIVAR,Votos por candidatos,2014-05-01,PRESIDENCIA 2014 - 1,Presidencia 1V,2014,359499,Histórico 2006-2026,7
BOLIVAR,Voto en blanco,2014-05-01,PRESIDENCIA 2014 - 1,Presidencia 1V,2014,15313,Histórico 2006-2026,7
BOLIVAR,Votos nulos,2014-05-01,PRESIDENCIA 2014 - 1,Presidencia 1V,2014,4390,Histórico 2006-2026,7
BOLIVAR,Votos no marcados,2014-05-01,PRESIDENCIA 2014 - 1,Presidencia 1V,2014,1014,Histórico 2006-2026,7
BOYACA,Potencial,2014-05-01,PRESIDENCIA 2014 - 1,Presidencia 1V,2014,891940,Histórico 2006-2026,7
BOYACA,Sufragantes,2014-05-01,PRESIDENCIA 2014 - 1,Presidencia 1V,2014,415831,Histórico 2006-2026,7
BOYACA,Votos válidos,2014-05-01,PRESIDENCIA 2014 - 1,Presidencia 1V,2014,403052,Histórico 2006-2026,7
BOYACA,Votos por candidatos,2014-05-01,PRESIDENCIA 2014 - 1,Presidencia 1V,2014,385812,Histórico 2006-2026,7
BOYACA,Voto en blanco,2014-05-01,PRESIDENCIA 2014 - 1,Presidencia 1V,2014,17240,Histórico 2006-2026,7
BOYACA,Votos nulos,2014-05-01,PRESIDENCIA 2014 - 1,Presidencia 1V,2014,11256,Histórico 2006-2026,7
BOYACA,Votos no marcados,2014-05-01,PRESIDENCIA 2014 - 1,Presidencia 1V,2014,1523,Histórico 2006-2026,7
CALDAS,Potencial,2014-05-01,PRESIDENCIA 2014 - 1,Presidencia 1V,2014,760671,Histórico 2006-2026,7
CALDAS,Sufragantes,2014-05-01,PRESIDENCIA 2014 - 1,Presidencia 1V,2014,362562,Histórico 2006-2026,7
CALDAS,Votos válidos,2014-05-01,PRESIDENCIA 2014 - 1,Presidencia 1V,2014,348065,Histórico 2006-2026,7
CALDAS,Votos por candidatos,2014-05-01,PRESIDENCIA 2014 - 1,Presidencia 1V,2014,327755,Histórico 2006-2026,7
CALDAS,Voto en blanco,2014-05-01,PRESIDENCIA 2014 - 1,Presidencia 1V,2014,20310,Histórico 2006-2026,7
CALDAS,Votos nulos,2014-05-01,PRESIDENCIA 2014 - 1,Presidencia 1V,2014,12583,Histórico 2006-2026,7
CALDAS,Votos no marcados,2014-05-01,PRESIDENCIA 2014 - 1,Presidencia 1V,2014,1914,Histórico 2006-2026,7
CAQUETA,Potencial,2014-05-01,PRESIDENCIA 2014 - 1,Presidencia 1V,2014,264141,Histórico 2006-2026,7
CAQUETA,Sufragantes,2014-05-01,PRESIDENCIA 2014 - 1,Presidencia 1V,2014,93318,Histórico 2006-2026,7
CAQUETA,Votos válidos,2014-05-01,PRESIDENCIA 2014 - 1,Presidencia 1V,2014,91039,Histórico 2006-2026,7
CAQUETA,Votos por candidatos,2014-05-01,PRESIDENCIA 2014 - 1,Presidencia 1V,2014,86398,Histórico 2006-2026,7
CAQUETA,Voto en blanco,2014-05-01,PRESIDENCIA 2014 - 1,Presidencia 1V,2014,4641,Histórico 2006-2026,7
CAQUETA,Votos nulos,2014-05-01,PRESIDENCIA 2014 - 1,Presidencia 1V,2014,1778,Histórico 2006-2026,7
CAQUETA,Votos no marcados,2014-05-01,PRESIDENCIA 2014 - 1,Presidencia 1V,2014,501,Histórico 2006-2026,7
CASANARE,Potencial,2014-05-01,PRESIDENCIA 2014 - 1,Presidencia 1V,2014,236610,Histórico 2006-2026,7
CASANARE,Sufragantes,2014-05-01,PRESIDENCIA 2014 - 1,Presidencia 1V,2014,125387,Histórico 2006-2026,7
CASANARE,Votos válidos,2014-05-01,PRESIDENCIA 2014 - 1,Presidencia 1V,2014,121460,Histórico 2006-2026,7
CASANARE,Votos por candidatos,2014-05-01,PRESIDENCIA 2014 - 1,Presidencia 1V,2014,115933,Histórico 2006-2026,7
CASANARE,Voto en blanco,2014-05-01,PRESIDENCIA 2014 - 1,Presidencia 1V,2014,5527,Histórico 2006-2026,7
CASANARE,Votos nulos,2014-05-01,PRESIDENCIA 2014 - 1,Presidencia 1V,2014,3282,Histórico 2006-2026,7
CASANARE,Votos no marcados,2014-05-01,PRESIDENCIA 2014 - 1,Presidencia 1V,2014,645,Histórico 2006-2026,7
CAUCA,Potencial,2014-05-01,PRESIDENCIA 2014 - 1,Presidencia 1V,2014,880675,Histórico 2006-2026,7
CAUCA,Sufragantes,2014-05-01,PRESIDENCIA 2014 - 1,Presidencia 1V,2014,346300,Histórico 2006-2026,7
CAUCA,Votos válidos,2014-05-01,PRESIDENCIA 2014 - 1,Presidencia 1V,2014,333387,Histórico 2006-2026,7
CAUCA,Votos por candidatos,2014-05-01,PRESIDENCIA 2014 - 1,Presidencia 1V,2014,315975,Histórico 2006-2026,7
CAUCA,Voto en blanco,2014-05-01,PRESIDENCIA 2014 - 1,Presidencia 1V,2014,17412,Histórico 2006-2026,7
CAUCA,Votos nulos,2014-05-01,PRESIDENCIA 2014 - 1,Presidencia 1V,2014,10707,Histórico 2006-2026,7
CAUCA,Votos no marcados,2014-05-01,PRESIDENCIA 2014 - 1,Presidencia 1V,2014,2206,Histórico 2006-2026,7
CESAR,Potencial,2014-05-01,PRESIDENCIA 2014 - 1,Presidencia 1V,2014,692196,Histórico 2006-2026,7
CESAR,Sufragantes,2014-05-01,PRESIDENCIA 2014 - 1,Presidencia 1V,2014,245624,Histórico 2006-2026,7
CESAR,Votos válidos,2014-05-01,PRESIDENCIA 2014 - 1,Presidencia 1V,2014,240834,Histórico 2006-2026,7
CESAR,Votos por candidatos,2014-05-01,PRESIDENCIA 2014 - 1,Presidencia 1V,2014,232247,Histórico 2006-2026,7
CESAR,Voto en blanco,2014-05-01,PRESIDENCIA 2014 - 1,Presidencia 1V,2014,8587,Histórico 2006-2026,7
CESAR,Votos nulos,2014-05-01,PRESIDENCIA 2014 - 1,Presidencia 1V,2014,4166,Histórico 2006-2026,7
CESAR,Votos no marcados,2014-05-01,PRESIDENCIA 2014 - 1,Presidencia 1V,2014,624,Histórico 2006-2026,7
CHOCO,Potencial,2014-05-01,PRESIDENCIA 2014 - 1,Presidencia 1V,2014,282304,Histórico 2006-2026,7
CHOCO,Sufragantes,2014-05-01,PRESIDENCIA 2014 - 1,Presidencia 1V,2014,85315,Histórico 2006-2026,7
CHOCO,Votos válidos,2014-05-01,PRESIDENCIA 2014 - 1,Presidencia 1V,2014,81374,Histórico 2006-2026,7
CHOCO,Votos por candidatos,2014-05-01,PRESIDENCIA 2014 - 1,Presidencia 1V,2014,77283,Histórico 2006-2026,7
CHOCO,Voto en blanco,2014-05-01,PRESIDENCIA 2014 - 1,Presidencia 1V,2014,4091,Histórico 2006-2026,7
CHOCO,Votos nulos,2014-05-01,PRESIDENCIA 2014 - 1,Presidencia 1V,2014,3211,Histórico 2006-2026,7
CHOCO,Votos no marcados,2014-05-01,PRESIDENCIA 2014 - 1,Presidencia 1V,2014,730,Histórico 2006-2026,7
CONSULADOS,Potencial,2014-05-01,PRESIDENCIA 2014 - 1,Presidencia 1V,2014,541711,Histórico 2006-2026,7
CONSULADOS,Sufragantes,2014-05-01,PRESIDENCIA 2014 - 1,Presidencia 1V,2014,101002,Histórico 2006-2026,7
CONSULADOS,Votos válidos,2014-05-01,PRESIDENCIA 2014 - 1,Presidencia 1V,2014,100305,Histórico 2006-2026,7
CONSULADOS,Votos por candidatos,2014-05-01,PRESIDENCIA 2014 - 1,Presidencia 1V,2014,95866,Histórico 2006-2026,7
CONSULADOS,Voto en blanco,2014-05-01,PRESIDENCIA 2014 - 1,Presidencia 1V,2014,4439,Histórico 2006-2026,7
CONSULADOS,Votos nulos,2014-05-01,PRESIDENCIA 2014 - 1,Presidencia 1V,2014,578,Histórico 2006-2026,7
CONSULADOS,Votos no marcados,2014-05-01,PRESIDENCIA 2014 - 1,Presidencia 1V,2014,119,Histórico 2006-2026,7
CORDOBA,Potencial,2014-05-01,PRESIDENCIA 2014 - 1,Presidencia 1V,2014,1147753,Histórico 2006-2026,7
CORDOBA,Sufragantes,2014-05-01,PRESIDENCIA 2014 - 1,Presidencia 1V,2014,417326,Histórico 2006-2026,7
CORDOBA,Votos válidos,2014-05-01,PRESIDENCIA 2014 - 1,Presidencia 1V,2014,408851,Histórico 2006-2026,7
CORDOBA,Votos por candidatos,2014-05-01,PRESIDENCIA 2014 - 1,Presidencia 1V,2014,394627,Histórico 2006-2026,7
CORDOBA,Voto en blanco,2014-05-01,PRESIDENCIA 2014 - 1,Presidencia 1V,2014,14224,Histórico 2006-2026,7
CORDOBA,Votos nulos,2014-05-01,PRESIDENCIA 2014 - 1,Presidencia 1V,2014,6255,Histórico 2006-2026,7
CORDOBA,Votos no marcados,2014-05-01,PRESIDENCIA 2014 - 1,Presidencia 1V,2014,2220,Histórico 2006-2026,7
CUNDINAMARCA,Potencial,2014-05-01,PRESIDENCIA 2014 - 1,Presidencia 1V,2014,1667595,Histórico 2006-2026,7
CUNDINAMARCA,Sufragantes,2014-05-01,PRESIDENCIA 2014 - 1,Presidencia 1V,2014,834906,Histórico 2006-2026,7
CUNDINAMARCA,Votos válidos,2014-05-01,PRESIDENCIA 2014 - 1,Presidencia 1V,2014,808109,Histórico 2006-2026,7
CUNDINAMARCA,Votos por candidatos,2014-05-01,PRESIDENCIA 2014 - 1,Presidencia 1V,2014,759352,Histórico 2006-2026,7
CUNDINAMARCA,Voto en blanco,2014-05-01,PRESIDENCIA 2014 - 1,Presidencia 1V,2014,48757,Histórico 2006-2026,7
CUNDINAMARCA,Votos nulos,2014-05-01,PRESIDENCIA 2014 - 1,Presidencia 1V,2014,24803,Histórico 2006-2026,7
CUNDINAMARCA,Votos no marcados,2014-05-01,PRESIDENCIA 2014 - 1,Presidencia 1V,2014,1994,Histórico 2006-2026,7
GUAINIA,Potencial,2014-05-01,PRESIDENCIA 2014 - 1,Presidencia 1V,2014,21892,Histórico 2006-2026,7
GUAINIA,Sufragantes,2014-05-01,PRESIDENCIA 2014 - 1,Presidencia 1V,2014,6421,Histórico 2006-2026,7
GUAINIA,Votos válidos,2014-05-01,PRESIDENCIA 2014 - 1,Presidencia 1V,2014,6328,Histórico 2006-2026,7
GUAINIA,Votos por candidatos,2014-05-01,PRESIDENCIA 2014 - 1,Presidencia 1V,2014,6155,Histórico 2006-2026,7
GUAINIA,Voto en blanco,2014-05-01,PRESIDENCIA 2014 - 1,Presidencia 1V,2014,173,Histórico 2006-2026,7
GUAINIA,Votos nulos,2014-05-01,PRESIDENCIA 2014 - 1,Presidencia 1V,2014,70,Histórico 2006-2026,7
GUAINIA,Votos no marcados,2014-05-01,PRESIDENCIA 2014 - 1,Presidencia 1V,2014,23,Histórico 2006-2026,7
GUAVIARE,Potencial,2014-05-01,PRESIDENCIA 2014 - 1,Presidencia 1V,2014,53445,Histórico 2006-2026,7
GUAVIARE,Sufragantes,2014-05-01,PRESIDENCIA 2014 - 1,Presidencia 1V,2014,18286,Histórico 2006-2026,7
GUAVIARE,Votos válidos,2014-05-01,PRESIDENCIA 2014 - 1,Presidencia 1V,2014,17864,Histórico 2006-2026,7
GUAVIARE,Votos por candidatos,2014-05-01,PRESIDENCIA 2014 - 1,Presidencia 1V,2014,16943,Histórico 2006-2026,7
GUAVIARE,Voto en blanco,2014-05-01,PRESIDENCIA 2014 - 1,Presidencia 1V,2014,921,Histórico 2006-2026,7
GUAVIARE,Votos nulos,2014-05-01,PRESIDENCIA 2014 - 1,Presidencia 1V,2014,360,Histórico 2006-2026,7
GUAVIARE,Votos no marcados,2014-05-01,PRESIDENCIA 2014 - 1,Presidencia 1V,2014,62,Histórico 2006-2026,7
HUILA,Potencial,2014-05-01,PRESIDENCIA 2014 - 1,Presidencia 1V,2014,748041,Histórico 2006-2026,7
HUILA,Sufragantes,2014-05-01,PRESIDENCIA 2014 - 1,Presidencia 1V,2014,310704,Histórico 2006-2026,7
HUILA,Votos válidos,2014-05-01,PRESIDENCIA 2014 - 1,Presidencia 1V,2014,303260,Histórico 2006-2026,7
HUILA,Votos por candidatos,2014-05-01,PRESIDENCIA 2014 - 1,Presidencia 1V,2014,291765,Histórico 2006-2026,7
HUILA,Voto en blanco,2014-05-01,PRESIDENCIA 2014 - 1,Presidencia 1V,2014,11495,Histórico 2006-2026,7
HUILA,Votos nulos,2014-05-01,PRESIDENCIA 2014 - 1,Presidencia 1V,2014,6393,Histórico 2006-2026,7
HUILA,Votos no marcados,2014-05-01,PRESIDENCIA 2014 - 1,Presidencia 1V,2014,1051,Histórico 2006-2026,7
LA GUAJIRA,Potencial,2014-05-01,PRESIDENCIA 2014 - 1,Presidencia 1V,2014,513898,Histórico 2006-2026,7
LA GUAJIRA,Sufragantes,2014-05-01,PRESIDENCIA 2014 - 1,Presidencia 1V,2014,120999,Histórico 2006-2026,7
LA GUAJIRA,Votos válidos,2014-05-01,PRESIDENCIA 2014 - 1,Presidencia 1V,2014,118904,Histórico 2006-2026,7
LA GUAJIRA,Votos por candidatos,2014-05-01,PRESIDENCIA 2014 - 1,Presidencia 1V,2014,115079,Histórico 2006-2026,7
LA GUAJIRA,Voto en blanco,2014-05-01,PRESIDENCIA 2014 - 1,Presidencia 1V,2014,3825,Histórico 2006-2026,7
LA GUAJIRA,Votos nulos,2014-05-01,PRESIDENCIA 2014 - 1,Presidencia 1V,2014,1788,Histórico 2006-2026,7
LA GUAJIRA,Votos no marcados,2014-05-01,PRESIDENCIA 2014 - 1,Presidencia 1V,2014,307,Histórico 2006-2026,7
MAGDALENA,Potencial,2014-05-01,PRESIDENCIA 2014 - 1,Presidencia 1V,2014,856284,Histórico 2006-2026,7
MAGDALENA,Sufragantes,2014-05-01,PRESIDENCIA 2014 - 1,Presidencia 1V,2014,271661,Histórico 2006-2026,7
MAGDALENA,Votos válidos,2014-05-01,PRESIDENCIA 2014 - 1,Presidencia 1V,2014,267544,Histórico 2006-2026,7
MAGDALENA,Votos por candidatos,2014-05-01,PRESIDENCIA 2014 - 1,Presidencia 1V,2014,259456,Histórico 2006-2026,7
MAGDALENA,Voto en blanco,2014-05-01,PRESIDENCIA 2014 - 1,Presidencia 1V,2014,8088,Histórico 2006-2026,7
MAGDALENA,Votos nulos,2014-05-01,PRESIDENCIA 2014 - 1,Presidencia 1V,2014,3587,Histórico 2006-2026,7
MAGDALENA,Votos no marcados,2014-05-01,PRESIDENCIA 2014 - 1,Presidencia 1V,2014,530,Histórico 2006-2026,7
META,Potencial,2014-05-01,PRESIDENCIA 2014 - 1,Presidencia 1V,2014,615008,Histórico 2006-2026,7
META,Sufragantes,2014-05-01,PRESIDENCIA 2014 - 1,Presidencia 1V,2014,302878,Histórico 2006-2026,7
META,Votos válidos,2014-05-01,PRESIDENCIA 2014 - 1,Presidencia 1V,2014,294128,Histórico 2006-2026,7
META,Votos por candidatos,2014-05-01,PRESIDENCIA 2014 - 1,Presidencia 1V,2014,281109,Histórico 2006-2026,7
META,Voto en blanco,2014-05-01,PRESIDENCIA 2014 - 1,Presidencia 1V,2014,13019,Histórico 2006-2026,7
META,Votos nulos,2014-05-01,PRESIDENCIA 2014 - 1,Presidencia 1V,2014,7958,Histórico 2006-2026,7
META,Votos no marcados,2014-05-01,PRESIDENCIA 2014 - 1,Presidencia 1V,2014,792,Histórico 2006-2026,7
NARIÑO,Potencial,2014-05-01,PRESIDENCIA 2014 - 1,Presidencia 1V,2014,1037997,Histórico 2006-2026,7
NARIÑO,Sufragantes,2014-05-01,PRESIDENCIA 2014 - 1,Presidencia 1V,2014,398584,Histórico 2006-2026,7
NARIÑO,Votos válidos,2014-05-01,PRESIDENCIA 2014 - 1,Presidencia 1V,2014,389163,Histórico 2006-2026,7
NARIÑO,Votos por candidatos,2014-05-01,PRESIDENCIA 2014 - 1,Presidencia 1V,2014,373570,Histórico 2006-2026,7
NARIÑO,Voto en blanco,2014-05-01,PRESIDENCIA 2014 - 1,Presidencia 1V,2014,15593,Histórico 2006-2026,7
NARIÑO,Votos nulos,2014-05-01,PRESIDENCIA 2014 - 1,Presidencia 1V,2014,7604,Histórico 2006-2026,7
NARIÑO,Votos no marcados,2014-05-01,PRESIDENCIA 2014 - 1,Presidencia 1V,2014,1817,Histórico 2006-2026,7
NORTE DE SAN,Potencial,2014-05-01,PRESIDENCIA 2014 - 1,Presidencia 1V,2014,1053429,Histórico 2006-2026,7
NORTE DE SAN,Sufragantes,2014-05-01,PRESIDENCIA 2014 - 1,Presidencia 1V,2014,392015,Histórico 2006-2026,7
NORTE DE SAN,Votos válidos,2014-05-01,PRESIDENCIA 2014 - 1,Presidencia 1V,2014,380547,Histórico 2006-2026,7
NORTE DE SAN,Votos por candidatos,2014-05-01,PRESIDENCIA 2014 - 1,Presidencia 1V,2014,361152,Histórico 2006-2026,7
NORTE DE SAN,Voto en blanco,2014-05-01,PRESIDENCIA 2014 - 1,Presidencia 1V,2014,19395,Histórico 2006-2026,7
NORTE DE SAN,Votos nulos,2014-05-01,PRESIDENCIA 2014 - 1,Presidencia 1V,2014,10236,Histórico 2006-2026,7
NORTE DE SAN,Votos no marcados,2014-05-01,PRESIDENCIA 2014 - 1,Presidencia 1V,2014,1232,Histórico 2006-2026,7
PUTUMAYO,Potencial,2014-05-01,PRESIDENCIA 2014 - 1,Presidencia 1V,2014,196719,Histórico 2006-2026,7
PUTUMAYO,Sufragantes,2014-05-01,PRESIDENCIA 2014 - 1,Presidencia 1V,2014,65354,Histórico 2006-2026,7
PUTUMAYO,Votos válidos,2014-05-01,PRESIDENCIA 2014 - 1,Presidencia 1V,2014,64012,Histórico 2006-2026,7
PUTUMAYO,Votos por candidatos,2014-05-01,PRESIDENCIA 2014 - 1,Presidencia 1V,2014,61411,Histórico 2006-2026,7
PUTUMAYO,Voto en blanco,2014-05-01,PRESIDENCIA 2014 - 1,Presidencia 1V,2014,2601,Histórico 2006-2026,7
PUTUMAYO,Votos nulos,2014-05-01,PRESIDENCIA 2014 - 1,Presidencia 1V,2014,1050,Histórico 2006-2026,7
PUTUMAYO,Votos no marcados,2014-05-01,PRESIDENCIA 2014 - 1,Presidencia 1V,2014,292,Histórico 2006-2026,7
QUINDIO,Potencial,2014-05-01,PRESIDENCIA 2014 - 1,Presidencia 1V,2014,436257,Histórico 2006-2026,7
QUINDIO,Sufragantes,2014-05-01,PRESIDENCIA 2014 - 1,Presidencia 1V,2014,202341,Histórico 2006-2026,7
QUINDIO,Votos válidos,2014-05-01,PRESIDENCIA 2014 - 1,Presidencia 1V,2014,194513,Histórico 2006-2026,7
QUINDIO,Votos por candidatos,2014-05-01,PRESIDENCIA 2014 - 1,Presidencia 1V,2014,181086,Histórico 2006-2026,7
QUINDIO,Voto en blanco,2014-05-01,PRESIDENCIA 2014 - 1,Presidencia 1V,2014,13427,Histórico 2006-2026,7
QUINDIO,Votos nulos,2014-05-01,PRESIDENCIA 2014 - 1,Presidencia 1V,2014,7017,Histórico 2006-2026,7
QUINDIO,Votos no marcados,2014-05-01,PRESIDENCIA 2014 - 1,Presidencia 1V,2014,811,Histórico 2006-2026,7
RISARALDA,Potencial,2014-05-01,PRESIDENCIA 2014 - 1,Presidencia 1V,2014,725278,Histórico 2006-2026,7
RISARALDA,Sufragantes,2014-05-01,PRESIDENCIA 2014 - 1,Presidencia 1V,2014,338735,Histórico 2006-2026,7
RISARALDA,Votos válidos,2014-05-01,PRESIDENCIA 2014 - 1,Presidencia 1V,2014,326446,Histórico 2006-2026,7
RISARALDA,Votos por candidatos,2014-05-01,PRESIDENCIA 2014 - 1,Presidencia 1V,2014,305866,Histórico 2006-2026,7
RISARALDA,Voto en blanco,2014-05-01,PRESIDENCIA 2014 - 1,Presidencia 1V,2014,20580,Histórico 2006-2026,7
RISARALDA,Votos nulos,2014-05-01,PRESIDENCIA 2014 - 1,Presidencia 1V,2014,10778,Histórico 2006-2026,7
RISARALDA,Votos no marcados,2014-05-01,PRESIDENCIA 2014 - 1,Presidencia 1V,2014,1511,Histórico 2006-2026,7
SAN ANDRES,Potencial,2014-05-01,PRESIDENCIA 2014 - 1,Presidencia 1V,2014,45666,Histórico 2006-2026,7
SAN ANDRES,Sufragantes,2014-05-01,PRESIDENCIA 2014 - 1,Presidencia 1V,2014,8674,Histórico 2006-2026,7
SAN ANDRES,Votos válidos,2014-05-01,PRESIDENCIA 2014 - 1,Presidencia 1V,2014,8566,Histórico 2006-2026,7
SAN ANDRES,Votos por candidatos,2014-05-01,PRESIDENCIA 2014 - 1,Presidencia 1V,2014,7968,Histórico 2006-2026,7
SAN ANDRES,Voto en blanco,2014-05-01,PRESIDENCIA 2014 - 1,Presidencia 1V,2014,598,Histórico 2006-2026,7
SAN ANDRES,Votos nulos,2014-05-01,PRESIDENCIA 2014 - 1,Presidencia 1V,2014,81,Histórico 2006-2026,7
SAN ANDRES,Votos no marcados,2014-05-01,PRESIDENCIA 2014 - 1,Presidencia 1V,2014,27,Histórico 2006-2026,7
SANTANDER,Potencial,2014-05-01,PRESIDENCIA 2014 - 1,Presidencia 1V,2014,1558723,Histórico 2006-2026,7
SANTANDER,Sufragantes,2014-05-01,PRESIDENCIA 2014 - 1,Presidencia 1V,2014,690933,Histórico 2006-2026,7
SANTANDER,Votos válidos,2014-05-01,PRESIDENCIA 2014 - 1,Presidencia 1V,2014,673201,Histórico 2006-2026,7
SANTANDER,Votos por candidatos,2014-05-01,PRESIDENCIA 2014 - 1,Presidencia 1V,2014,635634,Histórico 2006-2026,7
SANTANDER,Voto en blanco,2014-05-01,PRESIDENCIA 2014 - 1,Presidencia 1V,2014,37567,Histórico 2006-2026,7
SANTANDER,Votos nulos,2014-05-01,PRESIDENCIA 2014 - 1,Presidencia 1V,2014,15874,Histórico 2006-2026,7
SANTANDER,Votos no marcados,2014-05-01,PRESIDENCIA 2014 - 1,Presidencia 1V,2014,1858,Histórico 2006-2026,7
SUCRE,Potencial,2014-05-01,PRESIDENCIA 2014 - 1,Presidencia 1V,2014,628946,Histórico 2006-2026,7
SUCRE,Sufragantes,2014-05-01,PRESIDENCIA 2014 - 1,Presidencia 1V,2014,245150,Histórico 2006-2026,7
SUCRE,Votos válidos,2014-05-01,PRESIDENCIA 2014 - 1,Presidencia 1V,2014,241556,Histórico 2006-2026,7
SUCRE,Votos por candidatos,2014-05-01,PRESIDENCIA 2014 - 1,Presidencia 1V,2014,233347,Histórico 2006-2026,7
SUCRE,Voto en blanco,2014-05-01,PRESIDENCIA 2014 - 1,Presidencia 1V,2014,8209,Histórico 2006-2026,7
SUCRE,Votos nulos,2014-05-01,PRESIDENCIA 2014 - 1,Presidencia 1V,2014,2804,Histórico 2006-2026,7
SUCRE,Votos no marcados,2014-05-01,PRESIDENCIA 2014 - 1,Presidencia 1V,2014,790,Histórico 2006-2026,7
TOLIMA,Potencial,2014-05-01,PRESIDENCIA 2014 - 1,Presidencia 1V,2014,1000117,Histórico 2006-2026,7
TOLIMA,Sufragantes,2014-05-01,PRESIDENCIA 2014 - 1,Presidencia 1V,2014,429495,Histórico 2006-2026,7
TOLIMA,Votos válidos,2014-05-01,PRESIDENCIA 2014 - 1,Presidencia 1V,2014,415532,Histórico 2006-2026,7
TOLIMA,Votos por candidatos,2014-05-01,PRESIDENCIA 2014 - 1,Presidencia 1V,2014,393491,Histórico 2006-2026,7
TOLIMA,Voto en blanco,2014-05-01,PRESIDENCIA 2014 - 1,Presidencia 1V,2014,22041,Histórico 2006-2026,7
TOLIMA,Votos nulos,2014-05-01,PRESIDENCIA 2014 - 1,Presidencia 1V,2014,12282,Histórico 2006-2026,7
TOLIMA,Votos no marcados,2014-05-01,PRESIDENCIA 2014 - 1,Presidencia 1V,2014,1681,Histórico 2006-2026,7
VALLE,Potencial,2014-05-01,PRESIDENCIA 2014 - 1,Presidencia 1V,2014,3247249,Histórico 2006-2026,7
VALLE,Sufragantes,2014-05-01,PRESIDENCIA 2014 - 1,Presidencia 1V,2014,1179113,Histórico 2006-2026,7
VALLE,Votos válidos,2014-05-01,PRESIDENCIA 2014 - 1,Presidencia 1V,2014,1144829,Histórico 2006-2026,7
VALLE,Votos por candidatos,2014-05-01,PRESIDENCIA 2014 - 1,Presidencia 1V,2014,1075789,Histórico 2006-2026,7
VALLE,Voto en blanco,2014-05-01,PRESIDENCIA 2014 - 1,Presidencia 1V,2014,69040,Histórico 2006-2026,7
VALLE,Votos nulos,2014-05-01,PRESIDENCIA 2014 - 1,Presidencia 1V,2014,31549,Histórico 2006-2026,7
VALLE,Votos no marcados,2014-05-01,PRESIDENCIA 2014 - 1,Presidencia 1V,2014,2735,Histórico 2006-2026,7
VAUPES,Potencial,2014-05-01,PRESIDENCIA 2014 - 1,Presidencia 1V,2014,19710,Histórico 2006-2026,7
VAUPES,Sufragantes,2014-05-01,PRESIDENCIA 2014 - 1,Presidencia 1V,2014,5288,Histórico 2006-2026,7
VAUPES,Votos válidos,2014-05-01,PRESIDENCIA 2014 - 1,Presidencia 1V,2014,5227,Histórico 2006-2026,7
VAUPES,Votos por candidatos,2014-05-01,PRESIDENCIA 2014 - 1,Presidencia 1V,2014,5113,Histórico 2006-2026,7
VAUPES,Voto en blanco,2014-05-01,PRESIDENCIA 2014 - 1,Presidencia 1V,2014,114,Histórico 2006-2026,7
VAUPES,Votos nulos,2014-05-01,PRESIDENCIA 2014 - 1,Presidencia 1V,2014,37,Histórico 2006-2026,7
VAUPES,Votos no marcados,2014-05-01,PRESIDENCIA 2014 - 1,Presidencia 1V,2014,24,Histórico 2006-2026,7
VICHADA,Potencial,2014-05-01,PRESIDENCIA 2014 - 1,Presidencia 1V,2014,43011,Histórico 2006-2026,7
VICHADA,Sufragantes,2014-05-01,PRESIDENCIA 2014 - 1,Presidencia 1V,2014,12034,Histórico 2006-2026,7
VICHADA,Votos válidos,2014-05-01,PRESIDENCIA 2014 - 1,Presidencia 1V,2014,11834,Histórico 2006-2026,7
VICHADA,Votos por candidatos,2014-05-01,PRESIDENCIA 2014 - 1,Presidencia 1V,2014,11505,Histórico 2006-2026,7
VICHADA,Voto en blanco,2014-05-01,PRESIDENCIA 2014 - 1,Presidencia 1V,2014,329,Histórico 2006-2026,7
VICHADA,Votos nulos,2014-05-01,PRESIDENCIA 2014 - 1,Presidencia 1V,2014,155,Histórico 2006-2026,7
VICHADA,Votos no marcados,2014-05-01,PRESIDENCIA 2014 - 1,Presidencia 1V,2014,45,Histórico 2006-2026,7
AMAZONAS,Potencial,2014-06-01,PRESIDENCIA 2014 - 2,Presidencia 2V,2014,41099,Histórico 2006-2026,8
AMAZONAS,Sufragantes,2014-06-01,PRESIDENCIA 2014 - 2,Presidencia 2V,2014,16255,Histórico 2006-2026,8
AMAZONAS,Votos válidos,2014-06-01,PRESIDENCIA 2014 - 2,Presidencia 2V,2014,15893,Histórico 2006-2026,8
AMAZONAS,Votos por candidatos,2014-06-01,PRESIDENCIA 2014 - 2,Presidencia 2V,2014,15467,Histórico 2006-2026,8
AMAZONAS,Voto en blanco,2014-06-01,PRESIDENCIA 2014 - 2,Presidencia 2V,2014,426,Histórico 2006-2026,8
AMAZONAS,Votos nulos,2014-06-01,PRESIDENCIA 2014 - 2,Presidencia 2V,2014,278,Histórico 2006-2026,8
AMAZONAS,Votos no marcados,2014-06-01,PRESIDENCIA 2014 - 2,Presidencia 2V,2014,84,Histórico 2006-2026,8
ANTIOQUIA,Potencial,2014-06-01,PRESIDENCIA 2014 - 2,Presidencia 2V,2014,4263707,Histórico 2006-2026,8
ANTIOQUIA,Sufragantes,2014-06-01,PRESIDENCIA 2014 - 2,Presidencia 2V,2014,2048043,Histórico 2006-2026,8
ANTIOQUIA,Votos válidos,2014-06-01,PRESIDENCIA 2014 - 2,Presidencia 2V,2014,1968511,Histórico 2006-2026,8
ANTIOQUIA,Votos por candidatos,2014-06-01,PRESIDENCIA 2014 - 2,Presidencia 2V,2014,1843592,Histórico 2006-2026,8
ANTIOQUIA,Voto en blanco,2014-06-01,PRESIDENCIA 2014 - 2,Presidencia 2V,2014,124919,Histórico 2006-2026,8
ANTIOQUIA,Votos nulos,2014-06-01,PRESIDENCIA 2014 - 2,Presidencia 2V,2014,71596,Histórico 2006-2026,8
ANTIOQUIA,Votos no marcados,2014-06-01,PRESIDENCIA 2014 - 2,Presidencia 2V,2014,7936,Histórico 2006-2026,8
ARAUCA,Potencial,2014-06-01,PRESIDENCIA 2014 - 2,Presidencia 2V,2014,161867,Histórico 2006-2026,8
ARAUCA,Sufragantes,2014-06-01,PRESIDENCIA 2014 - 2,Presidencia 2V,2014,77850,Histórico 2006-2026,8
ARAUCA,Votos válidos,2014-06-01,PRESIDENCIA 2014 - 2,Presidencia 2V,2014,76029,Histórico 2006-2026,8
ARAUCA,Votos por candidatos,2014-06-01,PRESIDENCIA 2014 - 2,Presidencia 2V,2014,73739,Histórico 2006-2026,8
ARAUCA,Voto en blanco,2014-06-01,PRESIDENCIA 2014 - 2,Presidencia 2V,2014,2290,Histórico 2006-2026,8
ARAUCA,Votos nulos,2014-06-01,PRESIDENCIA 2014 - 2,Presidencia 2V,2014,1437,Histórico 2006-2026,8
ARAUCA,Votos no marcados,2014-06-01,PRESIDENCIA 2014 - 2,Presidencia 2V,2014,384,Histórico 2006-2026,8
ATLANTICO,Potencial,2014-06-01,PRESIDENCIA 2014 - 2,Presidencia 2V,2014,1699592,Histórico 2006-2026,8
ATLANTICO,Sufragantes,2014-06-01,PRESIDENCIA 2014 - 2,Presidencia 2V,2014,701949,Histórico 2006-2026,8
ATLANTICO,Votos válidos,2014-06-01,PRESIDENCIA 2014 - 2,Presidencia 2V,2014,694058,Histórico 2006-2026,8
ATLANTICO,Votos por candidatos,2014-06-01,PRESIDENCIA 2014 - 2,Presidencia 2V,2014,682331,Histórico 2006-2026,8
ATLANTICO,Voto en blanco,2014-06-01,PRESIDENCIA 2014 - 2,Presidencia 2V,2014,11727,Histórico 2006-2026,8
ATLANTICO,Votos nulos,2014-06-01,PRESIDENCIA 2014 - 2,Presidencia 2V,2014,6594,Histórico 2006-2026,8
ATLANTICO,Votos no marcados,2014-06-01,PRESIDENCIA 2014 - 2,Presidencia 2V,2014,1297,Histórico 2006-2026,8
BOGOTA D.C.,Potencial,2014-06-01,PRESIDENCIA 2014 - 2,Presidencia 2V,2014,5215351,Histórico 2006-2026,8
BOGOTA D.C.,Sufragantes,2014-06-01,PRESIDENCIA 2014 - 2,Presidencia 2V,2014,2631907,Histórico 2006-2026,8
BOGOTA D.C.,Votos válidos,2014-06-01,PRESIDENCIA 2014 - 2,Presidencia 2V,2014,2553832,Histórico 2006-2026,8
BOGOTA D.C.,Votos por candidatos,2014-06-01,PRESIDENCIA 2014 - 2,Presidencia 2V,2014,2418779,Histórico 2006-2026,8
BOGOTA D.C.,Voto en blanco,2014-06-01,PRESIDENCIA 2014 - 2,Presidencia 2V,2014,135053,Histórico 2006-2026,8
BOGOTA D.C.,Votos nulos,2014-06-01,PRESIDENCIA 2014 - 2,Presidencia 2V,2014,75902,Histórico 2006-2026,8
BOGOTA D.C.,Votos no marcados,2014-06-01,PRESIDENCIA 2014 - 2,Presidencia 2V,2014,2173,Histórico 2006-2026,8
BOLIVAR,Potencial,2014-06-01,PRESIDENCIA 2014 - 2,Presidencia 2V,2014,1426276,Histórico 2006-2026,8
BOLIVAR,Sufragantes,2014-06-01,PRESIDENCIA 2014 - 2,Presidencia 2V,2014,541508,Histórico 2006-2026,8
BOLIVAR,Votos válidos,2014-06-01,PRESIDENCIA 2014 - 2,Presidencia 2V,2014,534492,Histórico 2006-2026,8
BOLIVAR,Votos por candidatos,2014-06-01,PRESIDENCIA 2014 - 2,Presidencia 2V,2014,522703,Histórico 2006-2026,8
BOLIVAR,Voto en blanco,2014-06-01,PRESIDENCIA 2014 - 2,Presidencia 2V,2014,11789,Histórico 2006-2026,8
BOLIVAR,Votos nulos,2014-06-01,PRESIDENCIA 2014 - 2,Presidencia 2V,2014,5798,Histórico 2006-2026,8
BOLIVAR,Votos no marcados,2014-06-01,PRESIDENCIA 2014 - 2,Presidencia 2V,2014,1218,Histórico 2006-2026,8
BOYACA,Potencial,2014-06-01,PRESIDENCIA 2014 - 2,Presidencia 2V,2014,891940,Histórico 2006-2026,8
BOYACA,Sufragantes,2014-06-01,PRESIDENCIA 2014 - 2,Presidencia 2V,2014,488838,Histórico 2006-2026,8
BOYACA,Votos válidos,2014-06-01,PRESIDENCIA 2014 - 2,Presidencia 2V,2014,470493,Histórico 2006-2026,8
BOYACA,Votos por candidatos,2014-06-01,PRESIDENCIA 2014 - 2,Presidencia 2V,2014,452039,Histórico 2006-2026,8
BOYACA,Voto en blanco,2014-06-01,PRESIDENCIA 2014 - 2,Presidencia 2V,2014,18454,Histórico 2006-2026,8
BOYACA,Votos nulos,2014-06-01,PRESIDENCIA 2014 - 2,Presidencia 2V,2014,16706,Histórico 2006-2026,8
BOYACA,Votos no marcados,2014-06-01,PRESIDENCIA 2014 - 2,Presidencia 2V,2014,1639,Histórico 2006-2026,8
CALDAS,Potencial,2014-06-01,PRESIDENCIA 2014 - 2,Presidencia 2V,2014,760671,Histórico 2006-2026,8
CALDAS,Sufragantes,2014-06-01,PRESIDENCIA 2014 - 2,Presidencia 2V,2014,407177,Histórico 2006-2026,8
CALDAS,Votos válidos,2014-06-01,PRESIDENCIA 2014 - 2,Presidencia 2V,2014,390247,Histórico 2006-2026,8
CALDAS,Votos por candidatos,2014-06-01,PRESIDENCIA 2014 - 2,Presidencia 2V,2014,370387,Histórico 2006-2026,8
CALDAS,Voto en blanco,2014-06-01,PRESIDENCIA 2014 - 2,Presidencia 2V,2014,19860,Histórico 2006-2026,8
CALDAS,Votos nulos,2014-06-01,PRESIDENCIA 2014 - 2,Presidencia 2V,2014,15075,Histórico 2006-2026,8
CALDAS,Votos no marcados,2014-06-01,PRESIDENCIA 2014 - 2,Presidencia 2V,2014,1855,Histórico 2006-2026,8
CAQUETA,Potencial,2014-06-01,PRESIDENCIA 2014 - 2,Presidencia 2V,2014,264141,Histórico 2006-2026,8
CAQUETA,Sufragantes,2014-06-01,PRESIDENCIA 2014 - 2,Presidencia 2V,2014,109220,Histórico 2006-2026,8
CAQUETA,Votos válidos,2014-06-01,PRESIDENCIA 2014 - 2,Presidencia 2V,2014,106705,Histórico 2006-2026,8
CAQUETA,Votos por candidatos,2014-06-01,PRESIDENCIA 2014 - 2,Presidencia 2V,2014,102388,Histórico 2006-2026,8
CAQUETA,Voto en blanco,2014-06-01,PRESIDENCIA 2014 - 2,Presidencia 2V,2014,4317,Histórico 2006-2026,8
CAQUETA,Votos nulos,2014-06-01,PRESIDENCIA 2014 - 2,Presidencia 2V,2014,2004,Histórico 2006-2026,8
CAQUETA,Votos no marcados,2014-06-01,PRESIDENCIA 2014 - 2,Presidencia 2V,2014,511,Histórico 2006-2026,8
CASANARE,Potencial,2014-06-01,PRESIDENCIA 2014 - 2,Presidencia 2V,2014,236610,Histórico 2006-2026,8
CASANARE,Sufragantes,2014-06-01,PRESIDENCIA 2014 - 2,Presidencia 2V,2014,141166,Histórico 2006-2026,8
CASANARE,Votos válidos,2014-06-01,PRESIDENCIA 2014 - 2,Presidencia 2V,2014,136889,Histórico 2006-2026,8
CASANARE,Votos por candidatos,2014-06-01,PRESIDENCIA 2014 - 2,Presidencia 2V,2014,131602,Histórico 2006-2026,8
CASANARE,Voto en blanco,2014-06-01,PRESIDENCIA 2014 - 2,Presidencia 2V,2014,5287,Histórico 2006-2026,8
CASANARE,Votos nulos,2014-06-01,PRESIDENCIA 2014 - 2,Presidencia 2V,2014,3828,Histórico 2006-2026,8
CASANARE,Votos no marcados,2014-06-01,PRESIDENCIA 2014 - 2,Presidencia 2V,2014,449,Histórico 2006-2026,8
CAUCA,Potencial,2014-06-01,PRESIDENCIA 2014 - 2,Presidencia 2V,2014,880675,Histórico 2006-2026,8
CAUCA,Sufragantes,2014-06-01,PRESIDENCIA 2014 - 2,Presidencia 2V,2014,444307,Histórico 2006-2026,8
CAUCA,Votos válidos,2014-06-01,PRESIDENCIA 2014 - 2,Presidencia 2V,2014,432706,Histórico 2006-2026,8
CAUCA,Votos por candidatos,2014-06-01,PRESIDENCIA 2014 - 2,Presidencia 2V,2014,420485,Histórico 2006-2026,8
CAUCA,Voto en blanco,2014-06-01,PRESIDENCIA 2014 - 2,Presidencia 2V,2014,12221,Histórico 2006-2026,8
CAUCA,Votos nulos,2014-06-01,PRESIDENCIA 2014 - 2,Presidencia 2V,2014,9421,Histórico 2006-2026,8
CAUCA,Votos no marcados,2014-06-01,PRESIDENCIA 2014 - 2,Presidencia 2V,2014,2180,Histórico 2006-2026,8
CESAR,Potencial,2014-06-01,PRESIDENCIA 2014 - 2,Presidencia 2V,2014,692196,Histórico 2006-2026,8
CESAR,Sufragantes,2014-06-01,PRESIDENCIA 2014 - 2,Presidencia 2V,2014,337375,Histórico 2006-2026,8
CESAR,Votos válidos,2014-06-01,PRESIDENCIA 2014 - 2,Presidencia 2V,2014,331834,Histórico 2006-2026,8
CESAR,Votos por candidatos,2014-06-01,PRESIDENCIA 2014 - 2,Presidencia 2V,2014,324908,Histórico 2006-2026,8
CESAR,Voto en blanco,2014-06-01,PRESIDENCIA 2014 - 2,Presidencia 2V,2014,6926,Histórico 2006-2026,8
CESAR,Votos nulos,2014-06-01,PRESIDENCIA 2014 - 2,Presidencia 2V,2014,4923,Histórico 2006-2026,8
CESAR,Votos no marcados,2014-06-01,PRESIDENCIA 2014 - 2,Presidencia 2V,2014,618,Histórico 2006-2026,8
CHOCO,Potencial,2014-06-01,PRESIDENCIA 2014 - 2,Presidencia 2V,2014,282304,Histórico 2006-2026,8
CHOCO,Sufragantes,2014-06-01,PRESIDENCIA 2014 - 2,Presidencia 2V,2014,100684,Histórico 2006-2026,8
CHOCO,Votos válidos,2014-06-01,PRESIDENCIA 2014 - 2,Presidencia 2V,2014,97329,Histórico 2006-2026,8
CHOCO,Votos por candidatos,2014-06-01,PRESIDENCIA 2014 - 2,Presidencia 2V,2014,94741,Histórico 2006-2026,8
CHOCO,Voto en blanco,2014-06-01,PRESIDENCIA 2014 - 2,Presidencia 2V,2014,2588,Histórico 2006-2026,8
CHOCO,Votos nulos,2014-06-01,PRESIDENCIA 2014 - 2,Presidencia 2V,2014,2795,Histórico 2006-2026,8
CHOCO,Votos no marcados,2014-06-01,PRESIDENCIA 2014 - 2,Presidencia 2V,2014,560,Histórico 2006-2026,8
CONSULADOS,Potencial,2014-06-01,PRESIDENCIA 2014 - 2,Presidencia 2V,2014,541711,Histórico 2006-2026,8
CONSULADOS,Sufragantes,2014-06-01,PRESIDENCIA 2014 - 2,Presidencia 2V,2014,111282,Histórico 2006-2026,8
CONSULADOS,Votos válidos,2014-06-01,PRESIDENCIA 2014 - 2,Presidencia 2V,2014,110608,Histórico 2006-2026,8
CONSULADOS,Votos por candidatos,2014-06-01,PRESIDENCIA 2014 - 2,Presidencia 2V,2014,107757,Histórico 2006-2026,8
CONSULADOS,Voto en blanco,2014-06-01,PRESIDENCIA 2014 - 2,Presidencia 2V,2014,2851,Histórico 2006-2026,8
CONSULADOS,Votos nulos,2014-06-01,PRESIDENCIA 2014 - 2,Presidencia 2V,2014,577,Histórico 2006-2026,8
CONSULADOS,Votos no marcados,2014-06-01,PRESIDENCIA 2014 - 2,Presidencia 2V,2014,97,Histórico 2006-2026,8
CORDOBA,Potencial,2014-06-01,PRESIDENCIA 2014 - 2,Presidencia 2V,2014,1147753,Histórico 2006-2026,8
CORDOBA,Sufragantes,2014-06-01,PRESIDENCIA 2014 - 2,Presidencia 2V,2014,599892,Histórico 2006-2026,8
CORDOBA,Votos válidos,2014-06-01,PRESIDENCIA 2014 - 2,Presidencia 2V,2014,591682,Histórico 2006-2026,8
CORDOBA,Votos por candidatos,2014-06-01,PRESIDENCIA 2014 - 2,Presidencia 2V,2014,583045,Histórico 2006-2026,8
CORDOBA,Voto en blanco,2014-06-01,PRESIDENCIA 2014 - 2,Presidencia 2V,2014,8637,Histórico 2006-2026,8
CORDOBA,Votos nulos,2014-06-01,PRESIDENCIA 2014 - 2,Presidencia 2V,2014,6725,Histórico 2006-2026,8
CORDOBA,Votos no marcados,2014-06-01,PRESIDENCIA 2014 - 2,Presidencia 2V,2014,1485,Histórico 2006-2026,8
CUNDINAMARCA,Potencial,2014-06-01,PRESIDENCIA 2014 - 2,Presidencia 2V,2014,1667595,Histórico 2006-2026,8
CUNDINAMARCA,Sufragantes,2014-06-01,PRESIDENCIA 2014 - 2,Presidencia 2V,2014,931287,Histórico 2006-2026,8
CUNDINAMARCA,Votos válidos,2014-06-01,PRESIDENCIA 2014 - 2,Presidencia 2V,2014,895930,Histórico 2006-2026,8
CUNDINAMARCA,Votos por candidatos,2014-06-01,PRESIDENCIA 2014 - 2,Presidencia 2V,2014,856854,Histórico 2006-2026,8
CUNDINAMARCA,Voto en blanco,2014-06-01,PRESIDENCIA 2014 - 2,Presidencia 2V,2014,39076,Histórico 2006-2026,8
CUNDINAMARCA,Votos nulos,2014-06-01,PRESIDENCIA 2014 - 2,Presidencia 2V,2014,33369,Histórico 2006-2026,8
CUNDINAMARCA,Votos no marcados,2014-06-01,PRESIDENCIA 2014 - 2,Presidencia 2V,2014,1988,Histórico 2006-2026,8
GUAINIA,Potencial,2014-06-01,PRESIDENCIA 2014 - 2,Presidencia 2V,2014,21892,Histórico 2006-2026,8
GUAINIA,Sufragantes,2014-06-01,PRESIDENCIA 2014 - 2,Presidencia 2V,2014,7922,Histórico 2006-2026,8
GUAINIA,Votos válidos,2014-06-01,PRESIDENCIA 2014 - 2,Presidencia 2V,2014,7811,Histórico 2006-2026,8
GUAINIA,Votos por candidatos,2014-06-01,PRESIDENCIA 2014 - 2,Presidencia 2V,2014,7610,Histórico 2006-2026,8
GUAINIA,Voto en blanco,2014-06-01,PRESIDENCIA 2014 - 2,Presidencia 2V,2014,201,Histórico 2006-2026,8
GUAINIA,Votos nulos,2014-06-01,PRESIDENCIA 2014 - 2,Presidencia 2V,2014,82,Histórico 2006-2026,8
GUAINIA,Votos no marcados,2014-06-01,PRESIDENCIA 2014 - 2,Presidencia 2V,2014,29,Histórico 2006-2026,8
GUAVIARE,Potencial,2014-06-01,PRESIDENCIA 2014 - 2,Presidencia 2V,2014,53445,Histórico 2006-2026,8
GUAVIARE,Sufragantes,2014-06-01,PRESIDENCIA 2014 - 2,Presidencia 2V,2014,22266,Histórico 2006-2026,8
GUAVIARE,Votos válidos,2014-06-01,PRESIDENCIA 2014 - 2,Presidencia 2V,2014,21689,Histórico 2006-2026,8
GUAVIARE,Votos por candidatos,2014-06-01,PRESIDENCIA 2014 - 2,Presidencia 2V,2014,20887,Histórico 2006-2026,8
GUAVIARE,Voto en blanco,2014-06-01,PRESIDENCIA 2014 - 2,Presidencia 2V,2014,802,Histórico 2006-2026,8
GUAVIARE,Votos nulos,2014-06-01,PRESIDENCIA 2014 - 2,Presidencia 2V,2014,480,Histórico 2006-2026,8
GUAVIARE,Votos no marcados,2014-06-01,PRESIDENCIA 2014 - 2,Presidencia 2V,2014,97,Histórico 2006-2026,8
HUILA,Potencial,2014-06-01,PRESIDENCIA 2014 - 2,Presidencia 2V,2014,748041,Histórico 2006-2026,8
HUILA,Sufragantes,2014-06-01,PRESIDENCIA 2014 - 2,Presidencia 2V,2014,380593,Histórico 2006-2026,8
HUILA,Votos válidos,2014-06-01,PRESIDENCIA 2014 - 2,Presidencia 2V,2014,370770,Histórico 2006-2026,8
HUILA,Votos por candidatos,2014-06-01,PRESIDENCIA 2014 - 2,Presidencia 2V,2014,358794,Histórico 2006-2026,8
HUILA,Voto en blanco,2014-06-01,PRESIDENCIA 2014 - 2,Presidencia 2V,2014,11976,Histórico 2006-2026,8
HUILA,Votos nulos,2014-06-01,PRESIDENCIA 2014 - 2,Presidencia 2V,2014,8643,Histórico 2006-2026,8
HUILA,Votos no marcados,2014-06-01,PRESIDENCIA 2014 - 2,Presidencia 2V,2014,1180,Histórico 2006-2026,8
LA GUAJIRA,Potencial,2014-06-01,PRESIDENCIA 2014 - 2,Presidencia 2V,2014,513898,Histórico 2006-2026,8
LA GUAJIRA,Sufragantes,2014-06-01,PRESIDENCIA 2014 - 2,Presidencia 2V,2014,170863,Histórico 2006-2026,8
LA GUAJIRA,Votos válidos,2014-06-01,PRESIDENCIA 2014 - 2,Presidencia 2V,2014,168687,Histórico 2006-2026,8
LA GUAJIRA,Votos por candidatos,2014-06-01,PRESIDENCIA 2014 - 2,Presidencia 2V,2014,165881,Histórico 2006-2026,8
LA GUAJIRA,Voto en blanco,2014-06-01,PRESIDENCIA 2014 - 2,Presidencia 2V,2014,2806,Histórico 2006-2026,8
LA GUAJIRA,Votos nulos,2014-06-01,PRESIDENCIA 2014 - 2,Presidencia 2V,2014,1748,Histórico 2006-2026,8
LA GUAJIRA,Votos no marcados,2014-06-01,PRESIDENCIA 2014 - 2,Presidencia 2V,2014,428,Histórico 2006-2026,8
MAGDALENA,Potencial,2014-06-01,PRESIDENCIA 2014 - 2,Presidencia 2V,2014,856284,Histórico 2006-2026,8
MAGDALENA,Sufragantes,2014-06-01,PRESIDENCIA 2014 - 2,Presidencia 2V,2014,387863,Histórico 2006-2026,8
MAGDALENA,Votos válidos,2014-06-01,PRESIDENCIA 2014 - 2,Presidencia 2V,2014,382872,Histórico 2006-2026,8
MAGDALENA,Votos por candidatos,2014-06-01,PRESIDENCIA 2014 - 2,Presidencia 2V,2014,376674,Histórico 2006-2026,8
MAGDALENA,Voto en blanco,2014-06-01,PRESIDENCIA 2014 - 2,Presidencia 2V,2014,6198,Histórico 2006-2026,8
MAGDALENA,Votos nulos,2014-06-01,PRESIDENCIA 2014 - 2,Presidencia 2V,2014,4302,Histórico 2006-2026,8
MAGDALENA,Votos no marcados,2014-06-01,PRESIDENCIA 2014 - 2,Presidencia 2V,2014,689,Histórico 2006-2026,8
META,Potencial,2014-06-01,PRESIDENCIA 2014 - 2,Presidencia 2V,2014,615008,Histórico 2006-2026,8
META,Sufragantes,2014-06-01,PRESIDENCIA 2014 - 2,Presidencia 2V,2014,333958,Histórico 2006-2026,8
META,Votos válidos,2014-06-01,PRESIDENCIA 2014 - 2,Presidencia 2V,2014,323603,Histórico 2006-2026,8
META,Votos por candidatos,2014-06-01,PRESIDENCIA 2014 - 2,Presidencia 2V,2014,311809,Histórico 2006-2026,8
META,Voto en blanco,2014-06-01,PRESIDENCIA 2014 - 2,Presidencia 2V,2014,11794,Histórico 2006-2026,8
META,Votos nulos,2014-06-01,PRESIDENCIA 2014 - 2,Presidencia 2V,2014,9532,Histórico 2006-2026,8
META,Votos no marcados,2014-06-01,PRESIDENCIA 2014 - 2,Presidencia 2V,2014,823,Histórico 2006-2026,8
NARIÑO,Potencial,2014-06-01,PRESIDENCIA 2014 - 2,Presidencia 2V,2014,1037997,Histórico 2006-2026,8
NARIÑO,Sufragantes,2014-06-01,PRESIDENCIA 2014 - 2,Presidencia 2V,2014,534344,Histórico 2006-2026,8
NARIÑO,Votos válidos,2014-06-01,PRESIDENCIA 2014 - 2,Presidencia 2V,2014,522813,Histórico 2006-2026,8
NARIÑO,Votos por candidatos,2014-06-01,PRESIDENCIA 2014 - 2,Presidencia 2V,2014,509417,Histórico 2006-2026,8
NARIÑO,Voto en blanco,2014-06-01,PRESIDENCIA 2014 - 2,Presidencia 2V,2014,13396,Histórico 2006-2026,8
NARIÑO,Votos nulos,2014-06-01,PRESIDENCIA 2014 - 2,Presidencia 2V,2014,9249,Histórico 2006-2026,8
NARIÑO,Votos no marcados,2014-06-01,PRESIDENCIA 2014 - 2,Presidencia 2V,2014,2282,Histórico 2006-2026,8
NORTE DE SAN,Potencial,2014-06-01,PRESIDENCIA 2014 - 2,Presidencia 2V,2014,1053429,Histórico 2006-2026,8
NORTE DE SAN,Sufragantes,2014-06-01,PRESIDENCIA 2014 - 2,Presidencia 2V,2014,488426,Histórico 2006-2026,8
NORTE DE SAN,Votos válidos,2014-06-01,PRESIDENCIA 2014 - 2,Presidencia 2V,2014,475668,Histórico 2006-2026,8
NORTE DE SAN,Votos por candidatos,2014-06-01,PRESIDENCIA 2014 - 2,Presidencia 2V,2014,459473,Histórico 2006-2026,8
NORTE DE SAN,Voto en blanco,2014-06-01,PRESIDENCIA 2014 - 2,Presidencia 2V,2014,16195,Histórico 2006-2026,8
NORTE DE SAN,Votos nulos,2014-06-01,PRESIDENCIA 2014 - 2,Presidencia 2V,2014,11452,Histórico 2006-2026,8
NORTE DE SAN,Votos no marcados,2014-06-01,PRESIDENCIA 2014 - 2,Presidencia 2V,2014,1306,Histórico 2006-2026,8
PUTUMAYO,Potencial,2014-06-01,PRESIDENCIA 2014 - 2,Presidencia 2V,2014,196719,Histórico 2006-2026,8
PUTUMAYO,Sufragantes,2014-06-01,PRESIDENCIA 2014 - 2,Presidencia 2V,2014,89334,Histórico 2006-2026,8
PUTUMAYO,Votos válidos,2014-06-01,PRESIDENCIA 2014 - 2,Presidencia 2V,2014,87567,Histórico 2006-2026,8
PUTUMAYO,Votos por candidatos,2014-06-01,PRESIDENCIA 2014 - 2,Presidencia 2V,2014,84754,Histórico 2006-2026,8
PUTUMAYO,Voto en blanco,2014-06-01,PRESIDENCIA 2014 - 2,Presidencia 2V,2014,2813,Histórico 2006-2026,8
PUTUMAYO,Votos nulos,2014-06-01,PRESIDENCIA 2014 - 2,Presidencia 2V,2014,1356,Histórico 2006-2026,8
PUTUMAYO,Votos no marcados,2014-06-01,PRESIDENCIA 2014 - 2,Presidencia 2V,2014,411,Histórico 2006-2026,8
QUINDIO,Potencial,2014-06-01,PRESIDENCIA 2014 - 2,Presidencia 2V,2014,436257,Histórico 2006-2026,8
QUINDIO,Sufragantes,2014-06-01,PRESIDENCIA 2014 - 2,Presidencia 2V,2014,232317,Histórico 2006-2026,8
QUINDIO,Votos válidos,2014-06-01,PRESIDENCIA 2014 - 2,Presidencia 2V,2014,222725,Histórico 2006-2026,8
QUINDIO,Votos por candidatos,2014-06-01,PRESIDENCIA 2014 - 2,Presidencia 2V,2014,211292,Histórico 2006-2026,8
QUINDIO,Voto en blanco,2014-06-01,PRESIDENCIA 2014 - 2,Presidencia 2V,2014,11433,Histórico 2006-2026,8
QUINDIO,Votos nulos,2014-06-01,PRESIDENCIA 2014 - 2,Presidencia 2V,2014,8775,Histórico 2006-2026,8
QUINDIO,Votos no marcados,2014-06-01,PRESIDENCIA 2014 - 2,Presidencia 2V,2014,817,Histórico 2006-2026,8
RISARALDA,Potencial,2014-06-01,PRESIDENCIA 2014 - 2,Presidencia 2V,2014,725278,Histórico 2006-2026,8
RISARALDA,Sufragantes,2014-06-01,PRESIDENCIA 2014 - 2,Presidencia 2V,2014,380911,Histórico 2006-2026,8
RISARALDA,Votos válidos,2014-06-01,PRESIDENCIA 2014 - 2,Presidencia 2V,2014,364713,Histórico 2006-2026,8
RISARALDA,Votos por candidatos,2014-06-01,PRESIDENCIA 2014 - 2,Presidencia 2V,2014,342983,Histórico 2006-2026,8
RISARALDA,Voto en blanco,2014-06-01,PRESIDENCIA 2014 - 2,Presidencia 2V,2014,21730,Histórico 2006-2026,8
RISARALDA,Votos nulos,2014-06-01,PRESIDENCIA 2014 - 2,Presidencia 2V,2014,14701,Histórico 2006-2026,8
RISARALDA,Votos no marcados,2014-06-01,PRESIDENCIA 2014 - 2,Presidencia 2V,2014,1497,Histórico 2006-2026,8
SAN ANDRES,Potencial,2014-06-01,PRESIDENCIA 2014 - 2,Presidencia 2V,2014,45666,Histórico 2006-2026,8
SAN ANDRES,Sufragantes,2014-06-01,PRESIDENCIA 2014 - 2,Presidencia 2V,2014,10975,Histórico 2006-2026,8
SAN ANDRES,Votos válidos,2014-06-01,PRESIDENCIA 2014 - 2,Presidencia 2V,2014,10859,Histórico 2006-2026,8
SAN ANDRES,Votos por candidatos,2014-06-01,PRESIDENCIA 2014 - 2,Presidencia 2V,2014,10487,Histórico 2006-2026,8
SAN ANDRES,Voto en blanco,2014-06-01,PRESIDENCIA 2014 - 2,Presidencia 2V,2014,372,Histórico 2006-2026,8
SAN ANDRES,Votos nulos,2014-06-01,PRESIDENCIA 2014 - 2,Presidencia 2V,2014,92,Histórico 2006-2026,8
SAN ANDRES,Votos no marcados,2014-06-01,PRESIDENCIA 2014 - 2,Presidencia 2V,2014,24,Histórico 2006-2026,8
SANTANDER,Potencial,2014-06-01,PRESIDENCIA 2014 - 2,Presidencia 2V,2014,1558723,Histórico 2006-2026,8
SANTANDER,Sufragantes,2014-06-01,PRESIDENCIA 2014 - 2,Presidencia 2V,2014,829592,Histórico 2006-2026,8
SANTANDER,Votos válidos,2014-06-01,PRESIDENCIA 2014 - 2,Presidencia 2V,2014,807710,Histórico 2006-2026,8
SANTANDER,Votos por candidatos,2014-06-01,PRESIDENCIA 2014 - 2,Presidencia 2V,2014,777684,Histórico 2006-2026,8
SANTANDER,Voto en blanco,2014-06-01,PRESIDENCIA 2014 - 2,Presidencia 2V,2014,30026,Histórico 2006-2026,8
SANTANDER,Votos nulos,2014-06-01,PRESIDENCIA 2014 - 2,Presidencia 2V,2014,20049,Histórico 2006-2026,8
SANTANDER,Votos no marcados,2014-06-01,PRESIDENCIA 2014 - 2,Presidencia 2V,2014,1833,Histórico 2006-2026,8
SUCRE,Potencial,2014-06-01,PRESIDENCIA 2014 - 2,Presidencia 2V,2014,628946,Histórico 2006-2026,8
SUCRE,Sufragantes,2014-06-01,PRESIDENCIA 2014 - 2,Presidencia 2V,2014,336316,Histórico 2006-2026,8
SUCRE,Votos válidos,2014-06-01,PRESIDENCIA 2014 - 2,Presidencia 2V,2014,331880,Histórico 2006-2026,8
SUCRE,Votos por candidatos,2014-06-01,PRESIDENCIA 2014 - 2,Presidencia 2V,2014,326452,Histórico 2006-2026,8
SUCRE,Voto en blanco,2014-06-01,PRESIDENCIA 2014 - 2,Presidencia 2V,2014,5428,Histórico 2006-2026,8
SUCRE,Votos nulos,2014-06-01,PRESIDENCIA 2014 - 2,Presidencia 2V,2014,3640,Histórico 2006-2026,8
SUCRE,Votos no marcados,2014-06-01,PRESIDENCIA 2014 - 2,Presidencia 2V,2014,796,Histórico 2006-2026,8
TOLIMA,Potencial,2014-06-01,PRESIDENCIA 2014 - 2,Presidencia 2V,2014,1000117,Histórico 2006-2026,8
TOLIMA,Sufragantes,2014-06-01,PRESIDENCIA 2014 - 2,Presidencia 2V,2014,514868,Histórico 2006-2026,8
TOLIMA,Votos válidos,2014-06-01,PRESIDENCIA 2014 - 2,Presidencia 2V,2014,498886,Histórico 2006-2026,8
TOLIMA,Votos por candidatos,2014-06-01,PRESIDENCIA 2014 - 2,Presidencia 2V,2014,481106,Histórico 2006-2026,8
TOLIMA,Voto en blanco,2014-06-01,PRESIDENCIA 2014 - 2,Presidencia 2V,2014,17780,Histórico 2006-2026,8
TOLIMA,Votos nulos,2014-06-01,PRESIDENCIA 2014 - 2,Presidencia 2V,2014,14156,Histórico 2006-2026,8
TOLIMA,Votos no marcados,2014-06-01,PRESIDENCIA 2014 - 2,Presidencia 2V,2014,1826,Histórico 2006-2026,8
VALLE,Potencial,2014-06-01,PRESIDENCIA 2014 - 2,Presidencia 2V,2014,3247249,Histórico 2006-2026,8
VALLE,Sufragantes,2014-06-01,PRESIDENCIA 2014 - 2,Presidencia 2V,2014,1388874,Histórico 2006-2026,8
VALLE,Votos válidos,2014-06-01,PRESIDENCIA 2014 - 2,Presidencia 2V,2014,1349854,Histórico 2006-2026,8
VALLE,Votos por candidatos,2014-06-01,PRESIDENCIA 2014 - 2,Presidencia 2V,2014,1290894,Histórico 2006-2026,8
VALLE,Voto en blanco,2014-06-01,PRESIDENCIA 2014 - 2,Presidencia 2V,2014,58960,Histórico 2006-2026,8
VALLE,Votos nulos,2014-06-01,PRESIDENCIA 2014 - 2,Presidencia 2V,2014,35946,Histórico 2006-2026,8
VALLE,Votos no marcados,2014-06-01,PRESIDENCIA 2014 - 2,Presidencia 2V,2014,3074,Histórico 2006-2026,8
VAUPES,Potencial,2014-06-01,PRESIDENCIA 2014 - 2,Presidencia 2V,2014,19710,Histórico 2006-2026,8
VAUPES,Sufragantes,2014-06-01,PRESIDENCIA 2014 - 2,Presidencia 2V,2014,5982,Histórico 2006-2026,8
VAUPES,Votos válidos,2014-06-01,PRESIDENCIA 2014 - 2,Presidencia 2V,2014,5891,Histórico 2006-2026,8
VAUPES,Votos por candidatos,2014-06-01,PRESIDENCIA 2014 - 2,Presidencia 2V,2014,5798,Histórico 2006-2026,8
VAUPES,Voto en blanco,2014-06-01,PRESIDENCIA 2014 - 2,Presidencia 2V,2014,93,Histórico 2006-2026,8
VAUPES,Votos nulos,2014-06-01,PRESIDENCIA 2014 - 2,Presidencia 2V,2014,64,Histórico 2006-2026,8
VAUPES,Votos no marcados,2014-06-01,PRESIDENCIA 2014 - 2,Presidencia 2V,2014,27,Histórico 2006-2026,8
VICHADA,Potencial,2014-06-01,PRESIDENCIA 2014 - 2,Presidencia 2V,2014,43011,Histórico 2006-2026,8
VICHADA,Sufragantes,2014-06-01,PRESIDENCIA 2014 - 2,Presidencia 2V,2014,14070,Histórico 2006-2026,8
VICHADA,Votos válidos,2014-06-01,PRESIDENCIA 2014 - 2,Presidencia 2V,2014,13866,Histórico 2006-2026,8
VICHADA,Votos por candidatos,2014-06-01,PRESIDENCIA 2014 - 2,Presidencia 2V,2014,13531,Histórico 2006-2026,8
VICHADA,Voto en blanco,2014-06-01,PRESIDENCIA 2014 - 2,Presidencia 2V,2014,335,Histórico 2006-2026,8
VICHADA,Votos nulos,2014-06-01,PRESIDENCIA 2014 - 2,Presidencia 2V,2014,164,Histórico 2006-2026,8
VICHADA,Votos no marcados,2014-06-01,PRESIDENCIA 2014 - 2,Presidencia 2V,2014,40,Histórico 2006-2026,8
AMAZONAS,Potencial,2018-03-01,CONGRESO 2018,Congreso,2018,46608,Histórico 2006-2026,9
AMAZONAS,Sufragantes,2018-03-01,CONGRESO 2018,Congreso,2018,23595,Histórico 2006-2026,9
AMAZONAS,Votos válidos,2018-03-01,CONGRESO 2018,Congreso,2018,21256,Histórico 2006-2026,9
AMAZONAS,Votos por candidatos,2018-03-01,CONGRESO 2018,Congreso,2018,20742,Histórico 2006-2026,9
AMAZONAS,Voto en blanco,2018-03-01,CONGRESO 2018,Congreso,2018,514,Histórico 2006-2026,9
AMAZONAS,Votos nulos,2018-03-01,CONGRESO 2018,Congreso,2018,1843,Histórico 2006-2026,9
AMAZONAS,Votos no marcados,2018-03-01,CONGRESO 2018,Congreso,2018,496,Histórico 2006-2026,9
ANTIOQUIA,Potencial,2018-03-01,CONGRESO 2018,Congreso,2018,4681095,Histórico 2006-2026,9
ANTIOQUIA,Sufragantes,2018-03-01,CONGRESO 2018,Congreso,2018,2019262,Histórico 2006-2026,9
ANTIOQUIA,Votos válidos,2018-03-01,CONGRESO 2018,Congreso,2018,1746793,Histórico 2006-2026,9
ANTIOQUIA,Votos por candidatos,2018-03-01,CONGRESO 2018,Congreso,2018,1652447,Histórico 2006-2026,9
ANTIOQUIA,Voto en blanco,2018-03-01,CONGRESO 2018,Congreso,2018,94346,Histórico 2006-2026,9
ANTIOQUIA,Votos nulos,2018-03-01,CONGRESO 2018,Congreso,2018,204345,Histórico 2006-2026,9
ANTIOQUIA,Votos no marcados,2018-03-01,CONGRESO 2018,Congreso,2018,68124,Histórico 2006-2026,9
ARAUCA,Potencial,2018-03-01,CONGRESO 2018,Congreso,2018,185896,Histórico 2006-2026,9
ARAUCA,Sufragantes,2018-03-01,CONGRESO 2018,Congreso,2018,87904,Histórico 2006-2026,9
ARAUCA,Votos válidos,2018-03-01,CONGRESO 2018,Congreso,2018,78395,Histórico 2006-2026,9
ARAUCA,Votos por candidatos,2018-03-01,CONGRESO 2018,Congreso,2018,75066,Histórico 2006-2026,9
ARAUCA,Voto en blanco,2018-03-01,CONGRESO 2018,Congreso,2018,3329,Histórico 2006-2026,9
ARAUCA,Votos nulos,2018-03-01,CONGRESO 2018,Congreso,2018,6453,Histórico 2006-2026,9
ARAUCA,Votos no marcados,2018-03-01,CONGRESO 2018,Congreso,2018,3056,Histórico 2006-2026,9
ATLANTICO,Potencial,2018-03-01,CONGRESO 2018,Congreso,2018,1864358,Histórico 2006-2026,9
ATLANTICO,Sufragantes,2018-03-01,CONGRESO 2018,Congreso,2018,1092540,Histórico 2006-2026,9
ATLANTICO,Votos válidos,2018-03-01,CONGRESO 2018,Congreso,2018,952480,Histórico 2006-2026,9
ATLANTICO,Votos por candidatos,2018-03-01,CONGRESO 2018,Congreso,2018,913821,Histórico 2006-2026,9
ATLANTICO,Voto en blanco,2018-03-01,CONGRESO 2018,Congreso,2018,38659,Histórico 2006-2026,9
ATLANTICO,Votos nulos,2018-03-01,CONGRESO 2018,Congreso,2018,105417,Histórico 2006-2026,9
ATLANTICO,Votos no marcados,2018-03-01,CONGRESO 2018,Congreso,2018,34643,Histórico 2006-2026,9
BOGOTA D.C.,Potencial,2018-03-01,CONGRESO 2018,Congreso,2018,5690937,Histórico 2006-2026,9
BOGOTA D.C.,Sufragantes,2018-03-01,CONGRESO 2018,Congreso,2018,2653552,Histórico 2006-2026,9
BOGOTA D.C.,Votos válidos,2018-03-01,CONGRESO 2018,Congreso,2018,2356859,Histórico 2006-2026,9
BOGOTA D.C.,Votos por candidatos,2018-03-01,CONGRESO 2018,Congreso,2018,2179469,Histórico 2006-2026,9
BOGOTA D.C.,Voto en blanco,2018-03-01,CONGRESO 2018,Congreso,2018,177390,Histórico 2006-2026,9
BOGOTA D.C.,Votos nulos,2018-03-01,CONGRESO 2018,Congreso,2018,247965,Histórico 2006-2026,9
BOGOTA D.C.,Votos no marcados,2018-03-01,CONGRESO 2018,Congreso,2018,48728,Histórico 2006-2026,9
BOLIVAR,Potencial,2018-03-01,CONGRESO 2018,Congreso,2018,1545087,Histórico 2006-2026,9
BOLIVAR,Sufragantes,2018-03-01,CONGRESO 2018,Congreso,2018,757444,Histórico 2006-2026,9
BOLIVAR,Votos válidos,2018-03-01,CONGRESO 2018,Congreso,2018,657199,Histórico 2006-2026,9
BOLIVAR,Votos por candidatos,2018-03-01,CONGRESO 2018,Congreso,2018,635772,Histórico 2006-2026,9
BOLIVAR,Voto en blanco,2018-03-01,CONGRESO 2018,Congreso,2018,21427,Histórico 2006-2026,9
BOLIVAR,Votos nulos,2018-03-01,CONGRESO 2018,Congreso,2018,73391,Histórico 2006-2026,9
BOLIVAR,Votos no marcados,2018-03-01,CONGRESO 2018,Congreso,2018,26854,Histórico 2006-2026,9
BOYACA,Potencial,2018-03-01,CONGRESO 2018,Congreso,2018,948232,Histórico 2006-2026,9
BOYACA,Sufragantes,2018-03-01,CONGRESO 2018,Congreso,2018,476945,Histórico 2006-2026,9
BOYACA,Votos válidos,2018-03-01,CONGRESO 2018,Congreso,2018,420767,Histórico 2006-2026,9
BOYACA,Votos por candidatos,2018-03-01,CONGRESO 2018,Congreso,2018,388717,Histórico 2006-2026,9
BOYACA,Voto en blanco,2018-03-01,CONGRESO 2018,Congreso,2018,32050,Histórico 2006-2026,9
BOYACA,Votos nulos,2018-03-01,CONGRESO 2018,Congreso,2018,44196,Histórico 2006-2026,9
BOYACA,Votos no marcados,2018-03-01,CONGRESO 2018,Congreso,2018,11982,Histórico 2006-2026,9
CALDAS,Potencial,2018-03-01,CONGRESO 2018,Congreso,2018,788534,Histórico 2006-2026,9
CALDAS,Sufragantes,2018-03-01,CONGRESO 2018,Congreso,2018,389796,Histórico 2006-2026,9
CALDAS,Votos válidos,2018-03-01,CONGRESO 2018,Congreso,2018,332220,Histórico 2006-2026,9
CALDAS,Votos por candidatos,2018-03-01,CONGRESO 2018,Congreso,2018,308502,Histórico 2006-2026,9
CALDAS,Voto en blanco,2018-03-01,CONGRESO 2018,Congreso,2018,23718,Histórico 2006-2026,9
CALDAS,Votos nulos,2018-03-01,CONGRESO 2018,Congreso,2018,44016,Histórico 2006-2026,9
CALDAS,Votos no marcados,2018-03-01,CONGRESO 2018,Congreso,2018,13560,Histórico 2006-2026,9
CAQUETA,Potencial,2018-03-01,CONGRESO 2018,Congreso,2018,288644,Histórico 2006-2026,9
CAQUETA,Sufragantes,2018-03-01,CONGRESO 2018,Congreso,2018,111189,Histórico 2006-2026,9
CAQUETA,Votos válidos,2018-03-01,CONGRESO 2018,Congreso,2018,98586,Histórico 2006-2026,9
CAQUETA,Votos por candidatos,2018-03-01,CONGRESO 2018,Congreso,2018,94370,Histórico 2006-2026,9
CAQUETA,Voto en blanco,2018-03-01,CONGRESO 2018,Congreso,2018,4216,Histórico 2006-2026,9
CAQUETA,Votos nulos,2018-03-01,CONGRESO 2018,Congreso,2018,8881,Histórico 2006-2026,9
CAQUETA,Votos no marcados,2018-03-01,CONGRESO 2018,Congreso,2018,3722,Histórico 2006-2026,9
CASANARE,Potencial,2018-03-01,CONGRESO 2018,Congreso,2018,274799,Histórico 2006-2026,9
CASANARE,Sufragantes,2018-03-01,CONGRESO 2018,Congreso,2018,149085,Histórico 2006-2026,9
CASANARE,Votos válidos,2018-03-01,CONGRESO 2018,Congreso,2018,133552,Histórico 2006-2026,9
CASANARE,Votos por candidatos,2018-03-01,CONGRESO 2018,Congreso,2018,127925,Histórico 2006-2026,9
CASANARE,Voto en blanco,2018-03-01,CONGRESO 2018,Congreso,2018,5627,Histórico 2006-2026,9
CASANARE,Votos nulos,2018-03-01,CONGRESO 2018,Congreso,2018,11886,Histórico 2006-2026,9
CASANARE,Votos no marcados,2018-03-01,CONGRESO 2018,Congreso,2018,3647,Histórico 2006-2026,9
CAUCA,Potencial,2018-03-01,CONGRESO 2018,Congreso,2018,951877,Histórico 2006-2026,9
CAUCA,Sufragantes,2018-03-01,CONGRESO 2018,Congreso,2018,392869,Histórico 2006-2026,9
CAUCA,Votos válidos,2018-03-01,CONGRESO 2018,Congreso,2018,324098,Histórico 2006-2026,9
CAUCA,Votos por candidatos,2018-03-01,CONGRESO 2018,Congreso,2018,304971,Histórico 2006-2026,9
CAUCA,Voto en blanco,2018-03-01,CONGRESO 2018,Congreso,2018,19127,Histórico 2006-2026,9
CAUCA,Votos nulos,2018-03-01,CONGRESO 2018,Congreso,2018,43814,Histórico 2006-2026,9
CAUCA,Votos no marcados,2018-03-01,CONGRESO 2018,Congreso,2018,24957,Histórico 2006-2026,9
CESAR,Potencial,2018-03-01,CONGRESO 2018,Congreso,2018,776634,Histórico 2006-2026,9
CESAR,Sufragantes,2018-03-01,CONGRESO 2018,Congreso,2018,381385,Histórico 2006-2026,9
CESAR,Votos válidos,2018-03-01,CONGRESO 2018,Congreso,2018,335379,Histórico 2006-2026,9
CESAR,Votos por candidatos,2018-03-01,CONGRESO 2018,Congreso,2018,325625,Histórico 2006-2026,9
CESAR,Voto en blanco,2018-03-01,CONGRESO 2018,Congreso,2018,9754,Histórico 2006-2026,9
CESAR,Votos nulos,2018-03-01,CONGRESO 2018,Congreso,2018,34413,Histórico 2006-2026,9
CESAR,Votos no marcados,2018-03-01,CONGRESO 2018,Congreso,2018,11593,Histórico 2006-2026,9
CHOCO,Potencial,2018-03-01,CONGRESO 2018,Congreso,2018,305048,Histórico 2006-2026,9
CHOCO,Sufragantes,2018-03-01,CONGRESO 2018,Congreso,2018,139408,Histórico 2006-2026,9
CHOCO,Votos válidos,2018-03-01,CONGRESO 2018,Congreso,2018,119394,Histórico 2006-2026,9
CHOCO,Votos por candidatos,2018-03-01,CONGRESO 2018,Congreso,2018,117347,Histórico 2006-2026,9
CHOCO,Voto en blanco,2018-03-01,CONGRESO 2018,Congreso,2018,2047,Histórico 2006-2026,9
CHOCO,Votos nulos,2018-03-01,CONGRESO 2018,Congreso,2018,14974,Histórico 2006-2026,9
CHOCO,Votos no marcados,2018-03-01,CONGRESO 2018,Congreso,2018,5040,Histórico 2006-2026,9
CONSULADOS,Potencial,2018-03-01,CONGRESO 2018,Congreso,2018,720259,Histórico 2006-2026,9
CONSULADOS,Sufragantes,2018-03-01,CONGRESO 2018,Congreso,2018,125842,Histórico 2006-2026,9
CONSULADOS,Votos válidos,2018-03-01,CONGRESO 2018,Congreso,2018,115002,Histórico 2006-2026,9
CONSULADOS,Votos por candidatos,2018-03-01,CONGRESO 2018,Congreso,2018,109671,Histórico 2006-2026,9
CONSULADOS,Voto en blanco,2018-03-01,CONGRESO 2018,Congreso,2018,5331,Histórico 2006-2026,9
CONSULADOS,Votos nulos,2018-03-01,CONGRESO 2018,Congreso,2018,8448,Histórico 2006-2026,9
CONSULADOS,Votos no marcados,2018-03-01,CONGRESO 2018,Congreso,2018,2392,Histórico 2006-2026,9
CORDOBA,Potencial,2018-03-01,CONGRESO 2018,Congreso,2018,1232601,Histórico 2006-2026,9
CORDOBA,Sufragantes,2018-03-01,CONGRESO 2018,Congreso,2018,697017,Histórico 2006-2026,9
CORDOBA,Votos válidos,2018-03-01,CONGRESO 2018,Congreso,2018,607453,Histórico 2006-2026,9
CORDOBA,Votos por candidatos,2018-03-01,CONGRESO 2018,Congreso,2018,588700,Histórico 2006-2026,9
CORDOBA,Voto en blanco,2018-03-01,CONGRESO 2018,Congreso,2018,18753,Histórico 2006-2026,9
CORDOBA,Votos nulos,2018-03-01,CONGRESO 2018,Congreso,2018,48567,Histórico 2006-2026,9
CORDOBA,Votos no marcados,2018-03-01,CONGRESO 2018,Congreso,2018,40997,Histórico 2006-2026,9
CUNDINAMARCA,Potencial,2018-03-01,CONGRESO 2018,Congreso,2018,1843375,Histórico 2006-2026,9
CUNDINAMARCA,Sufragantes,2018-03-01,CONGRESO 2018,Congreso,2018,879439,Histórico 2006-2026,9
CUNDINAMARCA,Votos válidos,2018-03-01,CONGRESO 2018,Congreso,2018,730592,Histórico 2006-2026,9
CUNDINAMARCA,Votos por candidatos,2018-03-01,CONGRESO 2018,Congreso,2018,665268,Histórico 2006-2026,9
CUNDINAMARCA,Voto en blanco,2018-03-01,CONGRESO 2018,Congreso,2018,65324,Histórico 2006-2026,9
CUNDINAMARCA,Votos nulos,2018-03-01,CONGRESO 2018,Congreso,2018,123041,Histórico 2006-2026,9
CUNDINAMARCA,Votos no marcados,2018-03-01,CONGRESO 2018,Congreso,2018,25806,Histórico 2006-2026,9
GUAINIA,Potencial,2018-03-01,CONGRESO 2018,Congreso,2018,26786,Histórico 2006-2026,9
GUAINIA,Sufragantes,2018-03-01,CONGRESO 2018,Congreso,2018,15900,Histórico 2006-2026,9
GUAINIA,Votos válidos,2018-03-01,CONGRESO 2018,Congreso,2018,14928,Histórico 2006-2026,9
GUAINIA,Votos por candidatos,2018-03-01,CONGRESO 2018,Congreso,2018,14729,Histórico 2006-2026,9
GUAINIA,Voto en blanco,2018-03-01,CONGRESO 2018,Congreso,2018,199,Histórico 2006-2026,9
GUAINIA,Votos nulos,2018-03-01,CONGRESO 2018,Congreso,2018,680,Histórico 2006-2026,9
GUAINIA,Votos no marcados,2018-03-01,CONGRESO 2018,Congreso,2018,292,Histórico 2006-2026,9
GUAVIARE,Potencial,2018-03-01,CONGRESO 2018,Congreso,2018,58763,Histórico 2006-2026,9
GUAVIARE,Sufragantes,2018-03-01,CONGRESO 2018,Congreso,2018,31231,Histórico 2006-2026,9
GUAVIARE,Votos válidos,2018-03-01,CONGRESO 2018,Congreso,2018,28116,Histórico 2006-2026,9
GUAVIARE,Votos por candidatos,2018-03-01,CONGRESO 2018,Congreso,2018,26990,Histórico 2006-2026,9
GUAVIARE,Voto en blanco,2018-03-01,CONGRESO 2018,Congreso,2018,1126,Histórico 2006-2026,9
GUAVIARE,Votos nulos,2018-03-01,CONGRESO 2018,Congreso,2018,2346,Histórico 2006-2026,9
GUAVIARE,Votos no marcados,2018-03-01,CONGRESO 2018,Congreso,2018,769,Histórico 2006-2026,9
HUILA,Potencial,2018-03-01,CONGRESO 2018,Congreso,2018,817964,Histórico 2006-2026,9
HUILA,Sufragantes,2018-03-01,CONGRESO 2018,Congreso,2018,398734,Histórico 2006-2026,9
HUILA,Votos válidos,2018-03-01,CONGRESO 2018,Congreso,2018,349016,Histórico 2006-2026,9
HUILA,Votos por candidatos,2018-03-01,CONGRESO 2018,Congreso,2018,331331,Histórico 2006-2026,9
HUILA,Voto en blanco,2018-03-01,CONGRESO 2018,Congreso,2018,17685,Histórico 2006-2026,9
HUILA,Votos nulos,2018-03-01,CONGRESO 2018,Congreso,2018,34899,Histórico 2006-2026,9
HUILA,Votos no marcados,2018-03-01,CONGRESO 2018,Congreso,2018,14819,Histórico 2006-2026,9
LA GUAJIRA,Potencial,2018-03-01,CONGRESO 2018,Congreso,2018,580423,Histórico 2006-2026,9
LA GUAJIRA,Sufragantes,2018-03-01,CONGRESO 2018,Congreso,2018,251430,Histórico 2006-2026,9
LA GUAJIRA,Votos válidos,2018-03-01,CONGRESO 2018,Congreso,2018,213917,Histórico 2006-2026,9
LA GUAJIRA,Votos por candidatos,2018-03-01,CONGRESO 2018,Congreso,2018,210036,Histórico 2006-2026,9
LA GUAJIRA,Voto en blanco,2018-03-01,CONGRESO 2018,Congreso,2018,3881,Histórico 2006-2026,9
LA GUAJIRA,Votos nulos,2018-03-01,CONGRESO 2018,Congreso,2018,26782,Histórico 2006-2026,9
LA GUAJIRA,Votos no marcados,2018-03-01,CONGRESO 2018,Congreso,2018,10731,Histórico 2006-2026,9
MAGDALENA,Potencial,2018-03-01,CONGRESO 2018,Congreso,2018,937142,Histórico 2006-2026,9
MAGDALENA,Sufragantes,2018-03-01,CONGRESO 2018,Congreso,2018,497044,Histórico 2006-2026,9
MAGDALENA,Votos válidos,2018-03-01,CONGRESO 2018,Congreso,2018,442004,Histórico 2006-2026,9
MAGDALENA,Votos por candidatos,2018-03-01,CONGRESO 2018,Congreso,2018,433498,Histórico 2006-2026,9
MAGDALENA,Voto en blanco,2018-03-01,CONGRESO 2018,Congreso,2018,8506,Histórico 2006-2026,9
MAGDALENA,Votos nulos,2018-03-01,CONGRESO 2018,Congreso,2018,42562,Histórico 2006-2026,9
MAGDALENA,Votos no marcados,2018-03-01,CONGRESO 2018,Congreso,2018,12478,Histórico 2006-2026,9
META,Potencial,2018-03-01,CONGRESO 2018,Congreso,2018,702142,Histórico 2006-2026,9
META,Sufragantes,2018-03-01,CONGRESO 2018,Congreso,2018,349422,Histórico 2006-2026,9
META,Votos válidos,2018-03-01,CONGRESO 2018,Congreso,2018,293055,Histórico 2006-2026,9
META,Votos por candidatos,2018-03-01,CONGRESO 2018,Congreso,2018,266269,Histórico 2006-2026,9
META,Voto en blanco,2018-03-01,CONGRESO 2018,Congreso,2018,26786,Histórico 2006-2026,9
META,Votos nulos,2018-03-01,CONGRESO 2018,Congreso,2018,43294,Histórico 2006-2026,9
META,Votos no marcados,2018-03-01,CONGRESO 2018,Congreso,2018,13073,Histórico 2006-2026,9
NARIÑO,Potencial,2018-03-01,CONGRESO 2018,Congreso,2018,1113008,Histórico 2006-2026,9
NARIÑO,Sufragantes,2018-03-01,CONGRESO 2018,Congreso,2018,544481,Histórico 2006-2026,9
NARIÑO,Votos válidos,2018-03-01,CONGRESO 2018,Congreso,2018,475206,Histórico 2006-2026,9
NARIÑO,Votos por candidatos,2018-03-01,CONGRESO 2018,Congreso,2018,447625,Histórico 2006-2026,9
NARIÑO,Voto en blanco,2018-03-01,CONGRESO 2018,Congreso,2018,27581,Histórico 2006-2026,9
NARIÑO,Votos nulos,2018-03-01,CONGRESO 2018,Congreso,2018,50592,Histórico 2006-2026,9
NARIÑO,Votos no marcados,2018-03-01,CONGRESO 2018,Congreso,2018,18683,Histórico 2006-2026,9
NORTE DE SAN,Potencial,2018-03-01,CONGRESO 2018,Congreso,2018,1158566,Histórico 2006-2026,9
NORTE DE SAN,Sufragantes,2018-03-01,CONGRESO 2018,Congreso,2018,591825,Histórico 2006-2026,9
NORTE DE SAN,Votos válidos,2018-03-01,CONGRESO 2018,Congreso,2018,522018,Histórico 2006-2026,9
NORTE DE SAN,Votos por candidatos,2018-03-01,CONGRESO 2018,Congreso,2018,502128,Histórico 2006-2026,9
NORTE DE SAN,Voto en blanco,2018-03-01,CONGRESO 2018,Congreso,2018,19890,Histórico 2006-2026,9
NORTE DE SAN,Votos nulos,2018-03-01,CONGRESO 2018,Congreso,2018,54324,Histórico 2006-2026,9
NORTE DE SAN,Votos no marcados,2018-03-01,CONGRESO 2018,Congreso,2018,15483,Histórico 2006-2026,9
PUTUMAYO,Potencial,2018-03-01,CONGRESO 2018,Congreso,2018,219282,Histórico 2006-2026,9
PUTUMAYO,Sufragantes,2018-03-01,CONGRESO 2018,Congreso,2018,98797,Histórico 2006-2026,9
PUTUMAYO,Votos válidos,2018-03-01,CONGRESO 2018,Congreso,2018,89176,Histórico 2006-2026,9
PUTUMAYO,Votos por candidatos,2018-03-01,CONGRESO 2018,Congreso,2018,85152,Histórico 2006-2026,9
PUTUMAYO,Voto en blanco,2018-03-01,CONGRESO 2018,Congreso,2018,4024,Histórico 2006-2026,9
PUTUMAYO,Votos nulos,2018-03-01,CONGRESO 2018,Congreso,2018,6890,Histórico 2006-2026,9
PUTUMAYO,Votos no marcados,2018-03-01,CONGRESO 2018,Congreso,2018,2731,Histórico 2006-2026,9
QUINDIO,Potencial,2018-03-01,CONGRESO 2018,Congreso,2018,466412,Histórico 2006-2026,9
QUINDIO,Sufragantes,2018-03-01,CONGRESO 2018,Congreso,2018,231837,Histórico 2006-2026,9
QUINDIO,Votos válidos,2018-03-01,CONGRESO 2018,Congreso,2018,197222,Histórico 2006-2026,9
QUINDIO,Votos por candidatos,2018-03-01,CONGRESO 2018,Congreso,2018,181639,Histórico 2006-2026,9
QUINDIO,Voto en blanco,2018-03-01,CONGRESO 2018,Congreso,2018,15583,Histórico 2006-2026,9
QUINDIO,Votos nulos,2018-03-01,CONGRESO 2018,Congreso,2018,27718,Histórico 2006-2026,9
QUINDIO,Votos no marcados,2018-03-01,CONGRESO 2018,Congreso,2018,6897,Histórico 2006-2026,9
RISARALDA,Potencial,2018-03-01,CONGRESO 2018,Congreso,2018,778864,Histórico 2006-2026,9
RISARALDA,Sufragantes,2018-03-01,CONGRESO 2018,Congreso,2018,368988,Histórico 2006-2026,9
RISARALDA,Votos válidos,2018-03-01,CONGRESO 2018,Congreso,2018,314647,Histórico 2006-2026,9
RISARALDA,Votos por candidatos,2018-03-01,CONGRESO 2018,Congreso,2018,293695,Histórico 2006-2026,9
RISARALDA,Voto en blanco,2018-03-01,CONGRESO 2018,Congreso,2018,20952,Histórico 2006-2026,9
RISARALDA,Votos nulos,2018-03-01,CONGRESO 2018,Congreso,2018,42562,Histórico 2006-2026,9
RISARALDA,Votos no marcados,2018-03-01,CONGRESO 2018,Congreso,2018,11779,Histórico 2006-2026,9
SAN ANDRES,Potencial,2018-03-01,CONGRESO 2018,Congreso,2018,48520,Histórico 2006-2026,9
SAN ANDRES,Sufragantes,2018-03-01,CONGRESO 2018,Congreso,2018,23987,Histórico 2006-2026,9
SAN ANDRES,Votos válidos,2018-03-01,CONGRESO 2018,Congreso,2018,22031,Histórico 2006-2026,9
SAN ANDRES,Votos por candidatos,2018-03-01,CONGRESO 2018,Congreso,2018,21457,Histórico 2006-2026,9
SAN ANDRES,Voto en blanco,2018-03-01,CONGRESO 2018,Congreso,2018,574,Histórico 2006-2026,9
SAN ANDRES,Votos nulos,2018-03-01,CONGRESO 2018,Congreso,2018,1365,Histórico 2006-2026,9
SAN ANDRES,Votos no marcados,2018-03-01,CONGRESO 2018,Congreso,2018,591,Histórico 2006-2026,9
SANTANDER,Potencial,2018-03-01,CONGRESO 2018,Congreso,2018,1676182,Histórico 2006-2026,9
SANTANDER,Sufragantes,2018-03-01,CONGRESO 2018,Congreso,2018,808168,Histórico 2006-2026,9
SANTANDER,Votos válidos,2018-03-01,CONGRESO 2018,Congreso,2018,703933,Histórico 2006-2026,9
SANTANDER,Votos por candidatos,2018-03-01,CONGRESO 2018,Congreso,2018,652318,Histórico 2006-2026,9
SANTANDER,Voto en blanco,2018-03-01,CONGRESO 2018,Congreso,2018,51615,Histórico 2006-2026,9
SANTANDER,Votos nulos,2018-03-01,CONGRESO 2018,Congreso,2018,79470,Histórico 2006-2026,9
SANTANDER,Votos no marcados,2018-03-01,CONGRESO 2018,Congreso,2018,24765,Histórico 2006-2026,9
SUCRE,Potencial,2018-03-01,CONGRESO 2018,Congreso,2018,680008,Histórico 2006-2026,9
SUCRE,Sufragantes,2018-03-01,CONGRESO 2018,Congreso,2018,418057,Histórico 2006-2026,9
SUCRE,Votos válidos,2018-03-01,CONGRESO 2018,Congreso,2018,354708,Histórico 2006-2026,9
SUCRE,Votos por candidatos,2018-03-01,CONGRESO 2018,Congreso,2018,344779,Histórico 2006-2026,9
SUCRE,Voto en blanco,2018-03-01,CONGRESO 2018,Congreso,2018,9929,Histórico 2006-2026,9
SUCRE,Votos nulos,2018-03-01,CONGRESO 2018,Congreso,2018,33416,Histórico 2006-2026,9
SUCRE,Votos no marcados,2018-03-01,CONGRESO 2018,Congreso,2018,29933,Histórico 2006-2026,9
TOLIMA,Potencial,2018-03-01,CONGRESO 2018,Congreso,2018,1063246,Histórico 2006-2026,9
TOLIMA,Sufragantes,2018-03-01,CONGRESO 2018,Congreso,2018,488308,Histórico 2006-2026,9
TOLIMA,Votos válidos,2018-03-01,CONGRESO 2018,Congreso,2018,420065,Histórico 2006-2026,9
TOLIMA,Votos por candidatos,2018-03-01,CONGRESO 2018,Congreso,2018,399427,Histórico 2006-2026,9
TOLIMA,Voto en blanco,2018-03-01,CONGRESO 2018,Congreso,2018,20638,Histórico 2006-2026,9
TOLIMA,Votos nulos,2018-03-01,CONGRESO 2018,Congreso,2018,50379,Histórico 2006-2026,9
TOLIMA,Votos no marcados,2018-03-01,CONGRESO 2018,Congreso,2018,17864,Histórico 2006-2026,9
VALLE,Potencial,2018-03-01,CONGRESO 2018,Congreso,2018,3477698,Histórico 2006-2026,9
VALLE,Sufragantes,2018-03-01,CONGRESO 2018,Congreso,2018,1496204,Histórico 2006-2026,9
VALLE,Votos válidos,2018-03-01,CONGRESO 2018,Congreso,2018,1301284,Histórico 2006-2026,9
VALLE,Votos por candidatos,2018-03-01,CONGRESO 2018,Congreso,2018,1236731,Histórico 2006-2026,9
VALLE,Voto en blanco,2018-03-01,CONGRESO 2018,Congreso,2018,64553,Histórico 2006-2026,9
VALLE,Votos nulos,2018-03-01,CONGRESO 2018,Congreso,2018,155955,Histórico 2006-2026,9
VALLE,Votos no marcados,2018-03-01,CONGRESO 2018,Congreso,2018,38965,Histórico 2006-2026,9
VAUPES,Potencial,2018-03-01,CONGRESO 2018,Congreso,2018,21599,Histórico 2006-2026,9
VAUPES,Sufragantes,2018-03-01,CONGRESO 2018,Congreso,2018,11733,Histórico 2006-2026,9
VAUPES,Votos válidos,2018-03-01,CONGRESO 2018,Congreso,2018,11243,Histórico 2006-2026,9
VAUPES,Votos por candidatos,2018-03-01,CONGRESO 2018,Congreso,2018,11101,Histórico 2006-2026,9
VAUPES,Voto en blanco,2018-03-01,CONGRESO 2018,Congreso,2018,142,Histórico 2006-2026,9
VAUPES,Votos nulos,2018-03-01,CONGRESO 2018,Congreso,2018,325,Histórico 2006-2026,9
VAUPES,Votos no marcados,2018-03-01,CONGRESO 2018,Congreso,2018,165,Histórico 2006-2026,9
VICHADA,Potencial,2018-03-01,CONGRESO 2018,Congreso,2018,49067,Histórico 2006-2026,9
VICHADA,Sufragantes,2018-03-01,CONGRESO 2018,Congreso,2018,24345,Histórico 2006-2026,9
VICHADA,Votos válidos,2018-03-01,CONGRESO 2018,Congreso,2018,22791,Histórico 2006-2026,9
VICHADA,Votos por candidatos,2018-03-01,CONGRESO 2018,Congreso,2018,22569,Histórico 2006-2026,9
VICHADA,Voto en blanco,2018-03-01,CONGRESO 2018,Congreso,2018,222,Histórico 2006-2026,9
VICHADA,Votos nulos,2018-03-01,CONGRESO 2018,Congreso,2018,1106,Histórico 2006-2026,9
VICHADA,Votos no marcados,2018-03-01,CONGRESO 2018,Congreso,2018,448,Histórico 2006-2026,9
AMAZONAS,Potencial,2018-05-01,PRESIDENCIA 2018 - 1,Presidencia 1V,2018,46867,Histórico 2006-2026,10
AMAZONAS,Sufragantes,2018-05-01,PRESIDENCIA 2018 - 1,Presidencia 1V,2018,18428,Histórico 2006-2026,10
AMAZONAS,Votos válidos,2018-05-01,PRESIDENCIA 2018 - 1,Presidencia 1V,2018,18232,Histórico 2006-2026,10
AMAZONAS,Votos por candidatos,2018-05-01,PRESIDENCIA 2018 - 1,Presidencia 1V,2018,17933,Histórico 2006-2026,10
AMAZONAS,Voto en blanco,2018-05-01,PRESIDENCIA 2018 - 1,Presidencia 1V,2018,299,Histórico 2006-2026,10
AMAZONAS,Votos nulos,2018-05-01,PRESIDENCIA 2018 - 1,Presidencia 1V,2018,145,Histórico 2006-2026,10
AMAZONAS,Votos no marcados,2018-05-01,PRESIDENCIA 2018 - 1,Presidencia 1V,2018,51,Histórico 2006-2026,10
ANTIOQUIA,Potencial,2018-05-01,PRESIDENCIA 2018 - 1,Presidencia 1V,2018,4707124,Histórico 2006-2026,10
ANTIOQUIA,Sufragantes,2018-05-01,PRESIDENCIA 2018 - 1,Presidencia 1V,2018,2615238,Histórico 2006-2026,10
ANTIOQUIA,Votos válidos,2018-05-01,PRESIDENCIA 2018 - 1,Presidencia 1V,2018,2575391,Histórico 2006-2026,10
ANTIOQUIA,Votos por candidatos,2018-05-01,PRESIDENCIA 2018 - 1,Presidencia 1V,2018,2521006,Histórico 2006-2026,10
ANTIOQUIA,Voto en blanco,2018-05-01,PRESIDENCIA 2018 - 1,Presidencia 1V,2018,54385,Histórico 2006-2026,10
ANTIOQUIA,Votos nulos,2018-05-01,PRESIDENCIA 2018 - 1,Presidencia 1V,2018,31889,Histórico 2006-2026,10
ANTIOQUIA,Votos no marcados,2018-05-01,PRESIDENCIA 2018 - 1,Presidencia 1V,2018,7958,Histórico 2006-2026,10
ARAUCA,Potencial,2018-05-01,PRESIDENCIA 2018 - 1,Presidencia 1V,2018,186930,Histórico 2006-2026,10
ARAUCA,Sufragantes,2018-05-01,PRESIDENCIA 2018 - 1,Presidencia 1V,2018,89702,Histórico 2006-2026,10
ARAUCA,Votos válidos,2018-05-01,PRESIDENCIA 2018 - 1,Presidencia 1V,2018,87450,Histórico 2006-2026,10
ARAUCA,Votos por candidatos,2018-05-01,PRESIDENCIA 2018 - 1,Presidencia 1V,2018,85331,Histórico 2006-2026,10
ARAUCA,Voto en blanco,2018-05-01,PRESIDENCIA 2018 - 1,Presidencia 1V,2018,2119,Histórico 2006-2026,10
ARAUCA,Votos nulos,2018-05-01,PRESIDENCIA 2018 - 1,Presidencia 1V,2018,1708,Histórico 2006-2026,10
ARAUCA,Votos no marcados,2018-05-01,PRESIDENCIA 2018 - 1,Presidencia 1V,2018,544,Histórico 2006-2026,10
ATLANTICO,Potencial,2018-05-01,PRESIDENCIA 2018 - 1,Presidencia 1V,2018,1874725,Histórico 2006-2026,10
ATLANTICO,Sufragantes,2018-05-01,PRESIDENCIA 2018 - 1,Presidencia 1V,2018,873397,Histórico 2006-2026,10
ATLANTICO,Votos válidos,2018-05-01,PRESIDENCIA 2018 - 1,Presidencia 1V,2018,862280,Histórico 2006-2026,10
ATLANTICO,Votos por candidatos,2018-05-01,PRESIDENCIA 2018 - 1,Presidencia 1V,2018,850164,Histórico 2006-2026,10
ATLANTICO,Voto en blanco,2018-05-01,PRESIDENCIA 2018 - 1,Presidencia 1V,2018,12116,Histórico 2006-2026,10
ATLANTICO,Votos nulos,2018-05-01,PRESIDENCIA 2018 - 1,Presidencia 1V,2018,9085,Histórico 2006-2026,10
ATLANTICO,Votos no marcados,2018-05-01,PRESIDENCIA 2018 - 1,Presidencia 1V,2018,2032,Histórico 2006-2026,10
BOGOTA D.C.,Potencial,2018-05-01,PRESIDENCIA 2018 - 1,Presidencia 1V,2018,5722581,Histórico 2006-2026,10
BOGOTA D.C.,Sufragantes,2018-05-01,PRESIDENCIA 2018 - 1,Presidencia 1V,2018,3705960,Histórico 2006-2026,10
BOGOTA D.C.,Votos válidos,2018-05-01,PRESIDENCIA 2018 - 1,Presidencia 1V,2018,3676217,Histórico 2006-2026,10
BOGOTA D.C.,Votos por candidatos,2018-05-01,PRESIDENCIA 2018 - 1,Presidencia 1V,2018,3620350,Histórico 2006-2026,10
BOGOTA D.C.,Voto en blanco,2018-05-01,PRESIDENCIA 2018 - 1,Presidencia 1V,2018,55867,Histórico 2006-2026,10
BOGOTA D.C.,Votos nulos,2018-05-01,PRESIDENCIA 2018 - 1,Presidencia 1V,2018,27858,Histórico 2006-2026,10
BOGOTA D.C.,Votos no marcados,2018-05-01,PRESIDENCIA 2018 - 1,Presidencia 1V,2018,1885,Histórico 2006-2026,10
BOLIVAR,Potencial,2018-05-01,PRESIDENCIA 2018 - 1,Presidencia 1V,2018,1553678,Histórico 2006-2026,10
BOLIVAR,Sufragantes,2018-05-01,PRESIDENCIA 2018 - 1,Presidencia 1V,2018,638517,Histórico 2006-2026,10
BOLIVAR,Votos válidos,2018-05-01,PRESIDENCIA 2018 - 1,Presidencia 1V,2018,632293,Histórico 2006-2026,10
BOLIVAR,Votos por candidatos,2018-05-01,PRESIDENCIA 2018 - 1,Presidencia 1V,2018,624068,Histórico 2006-2026,10
BOLIVAR,Voto en blanco,2018-05-01,PRESIDENCIA 2018 - 1,Presidencia 1V,2018,8225,Histórico 2006-2026,10
BOLIVAR,Votos nulos,2018-05-01,PRESIDENCIA 2018 - 1,Presidencia 1V,2018,4663,Histórico 2006-2026,10
BOLIVAR,Votos no marcados,2018-05-01,PRESIDENCIA 2018 - 1,Presidencia 1V,2018,1561,Histórico 2006-2026,10
BOYACA,Potencial,2018-05-01,PRESIDENCIA 2018 - 1,Presidencia 1V,2018,953505,Histórico 2006-2026,10
BOYACA,Sufragantes,2018-05-01,PRESIDENCIA 2018 - 1,Presidencia 1V,2018,561691,Histórico 2006-2026,10
BOYACA,Votos válidos,2018-05-01,PRESIDENCIA 2018 - 1,Presidencia 1V,2018,552497,Histórico 2006-2026,10
BOYACA,Votos por candidatos,2018-05-01,PRESIDENCIA 2018 - 1,Presidencia 1V,2018,543029,Histórico 2006-2026,10
BOYACA,Voto en blanco,2018-05-01,PRESIDENCIA 2018 - 1,Presidencia 1V,2018,9468,Histórico 2006-2026,10
BOYACA,Votos nulos,2018-05-01,PRESIDENCIA 2018 - 1,Presidencia 1V,2018,7559,Histórico 2006-2026,10
BOYACA,Votos no marcados,2018-05-01,PRESIDENCIA 2018 - 1,Presidencia 1V,2018,1635,Histórico 2006-2026,10
CALDAS,Potencial,2018-05-01,PRESIDENCIA 2018 - 1,Presidencia 1V,2018,792919,Histórico 2006-2026,10
CALDAS,Sufragantes,2018-05-01,PRESIDENCIA 2018 - 1,Presidencia 1V,2018,455595,Histórico 2006-2026,10
CALDAS,Votos válidos,2018-05-01,PRESIDENCIA 2018 - 1,Presidencia 1V,2018,445024,Histórico 2006-2026,10
CALDAS,Votos por candidatos,2018-05-01,PRESIDENCIA 2018 - 1,Presidencia 1V,2018,437194,Histórico 2006-2026,10
CALDAS,Voto en blanco,2018-05-01,PRESIDENCIA 2018 - 1,Presidencia 1V,2018,7830,Histórico 2006-2026,10
CALDAS,Votos nulos,2018-05-01,PRESIDENCIA 2018 - 1,Presidencia 1V,2018,8654,Histórico 2006-2026,10
CALDAS,Votos no marcados,2018-05-01,PRESIDENCIA 2018 - 1,Presidencia 1V,2018,1917,Histórico 2006-2026,10
CAQUETA,Potencial,2018-05-01,PRESIDENCIA 2018 - 1,Presidencia 1V,2018,290249,Histórico 2006-2026,10
CAQUETA,Sufragantes,2018-05-01,PRESIDENCIA 2018 - 1,Presidencia 1V,2018,132452,Histórico 2006-2026,10
CAQUETA,Votos válidos,2018-05-01,PRESIDENCIA 2018 - 1,Presidencia 1V,2018,129962,Histórico 2006-2026,10
CAQUETA,Votos por candidatos,2018-05-01,PRESIDENCIA 2018 - 1,Presidencia 1V,2018,126836,Histórico 2006-2026,10
CAQUETA,Voto en blanco,2018-05-01,PRESIDENCIA 2018 - 1,Presidencia 1V,2018,3126,Histórico 2006-2026,10
CAQUETA,Votos nulos,2018-05-01,PRESIDENCIA 2018 - 1,Presidencia 1V,2018,1890,Histórico 2006-2026,10
CAQUETA,Votos no marcados,2018-05-01,PRESIDENCIA 2018 - 1,Presidencia 1V,2018,600,Histórico 2006-2026,10
CASANARE,Potencial,2018-05-01,PRESIDENCIA 2018 - 1,Presidencia 1V,2018,276327,Histórico 2006-2026,10
CASANARE,Sufragantes,2018-05-01,PRESIDENCIA 2018 - 1,Presidencia 1V,2018,181694,Histórico 2006-2026,10
CASANARE,Votos válidos,2018-05-01,PRESIDENCIA 2018 - 1,Presidencia 1V,2018,178545,Histórico 2006-2026,10
CASANARE,Votos por candidatos,2018-05-01,PRESIDENCIA 2018 - 1,Presidencia 1V,2018,175633,Histórico 2006-2026,10
CASANARE,Voto en blanco,2018-05-01,PRESIDENCIA 2018 - 1,Presidencia 1V,2018,2912,Histórico 2006-2026,10
CASANARE,Votos nulos,2018-05-01,PRESIDENCIA 2018 - 1,Presidencia 1V,2018,2531,Histórico 2006-2026,10
CASANARE,Votos no marcados,2018-05-01,PRESIDENCIA 2018 - 1,Presidencia 1V,2018,618,Histórico 2006-2026,10
CAUCA,Potencial,2018-05-01,PRESIDENCIA 2018 - 1,Presidencia 1V,2018,957170,Histórico 2006-2026,10
CAUCA,Sufragantes,2018-05-01,PRESIDENCIA 2018 - 1,Presidencia 1V,2018,482000,Histórico 2006-2026,10
CAUCA,Votos válidos,2018-05-01,PRESIDENCIA 2018 - 1,Presidencia 1V,2018,469503,Histórico 2006-2026,10
CAUCA,Votos por candidatos,2018-05-01,PRESIDENCIA 2018 - 1,Presidencia 1V,2018,459696,Histórico 2006-2026,10
CAUCA,Voto en blanco,2018-05-01,PRESIDENCIA 2018 - 1,Presidencia 1V,2018,9807,Histórico 2006-2026,10
CAUCA,Votos nulos,2018-05-01,PRESIDENCIA 2018 - 1,Presidencia 1V,2018,9669,Histórico 2006-2026,10
CAUCA,Votos no marcados,2018-05-01,PRESIDENCIA 2018 - 1,Presidencia 1V,2018,2828,Histórico 2006-2026,10
CESAR,Potencial,2018-05-01,PRESIDENCIA 2018 - 1,Presidencia 1V,2018,780952,Histórico 2006-2026,10
CESAR,Sufragantes,2018-05-01,PRESIDENCIA 2018 - 1,Presidencia 1V,2018,400218,Histórico 2006-2026,10
CESAR,Votos válidos,2018-05-01,PRESIDENCIA 2018 - 1,Presidencia 1V,2018,394161,Histórico 2006-2026,10
CESAR,Votos por candidatos,2018-05-01,PRESIDENCIA 2018 - 1,Presidencia 1V,2018,388809,Histórico 2006-2026,10
CESAR,Voto en blanco,2018-05-01,PRESIDENCIA 2018 - 1,Presidencia 1V,2018,5352,Histórico 2006-2026,10
CESAR,Votos nulos,2018-05-01,PRESIDENCIA 2018 - 1,Presidencia 1V,2018,5152,Histórico 2006-2026,10
CESAR,Votos no marcados,2018-05-01,PRESIDENCIA 2018 - 1,Presidencia 1V,2018,905,Histórico 2006-2026,10
CHOCO,Potencial,2018-05-01,PRESIDENCIA 2018 - 1,Presidencia 1V,2018,306744,Histórico 2006-2026,10
CHOCO,Sufragantes,2018-05-01,PRESIDENCIA 2018 - 1,Presidencia 1V,2018,119593,Histórico 2006-2026,10
CHOCO,Votos válidos,2018-05-01,PRESIDENCIA 2018 - 1,Presidencia 1V,2018,115758,Histórico 2006-2026,10
CHOCO,Votos por candidatos,2018-05-01,PRESIDENCIA 2018 - 1,Presidencia 1V,2018,113683,Histórico 2006-2026,10
CHOCO,Voto en blanco,2018-05-01,PRESIDENCIA 2018 - 1,Presidencia 1V,2018,2075,Histórico 2006-2026,10
CHOCO,Votos nulos,2018-05-01,PRESIDENCIA 2018 - 1,Presidencia 1V,2018,3047,Histórico 2006-2026,10
CHOCO,Votos no marcados,2018-05-01,PRESIDENCIA 2018 - 1,Presidencia 1V,2018,788,Histórico 2006-2026,10
CONSULADOS,Potencial,2018-05-01,PRESIDENCIA 2018 - 1,Presidencia 1V,2018,724264,Histórico 2006-2026,10
CONSULADOS,Sufragantes,2018-05-01,PRESIDENCIA 2018 - 1,Presidencia 1V,2018,280102,Histórico 2006-2026,10
CONSULADOS,Votos válidos,2018-05-01,PRESIDENCIA 2018 - 1,Presidencia 1V,2018,279089,Histórico 2006-2026,10
CONSULADOS,Votos por candidatos,2018-05-01,PRESIDENCIA 2018 - 1,Presidencia 1V,2018,276986,Histórico 2006-2026,10
CONSULADOS,Voto en blanco,2018-05-01,PRESIDENCIA 2018 - 1,Presidencia 1V,2018,2103,Histórico 2006-2026,10
CONSULADOS,Votos nulos,2018-05-01,PRESIDENCIA 2018 - 1,Presidencia 1V,2018,739,Histórico 2006-2026,10
CONSULADOS,Votos no marcados,2018-05-01,PRESIDENCIA 2018 - 1,Presidencia 1V,2018,274,Histórico 2006-2026,10
CORDOBA,Potencial,2018-05-01,PRESIDENCIA 2018 - 1,Presidencia 1V,2018,1239455,Histórico 2006-2026,10
CORDOBA,Sufragantes,2018-05-01,PRESIDENCIA 2018 - 1,Presidencia 1V,2018,597614,Histórico 2006-2026,10
CORDOBA,Votos válidos,2018-05-01,PRESIDENCIA 2018 - 1,Presidencia 1V,2018,590849,Histórico 2006-2026,10
CORDOBA,Votos por candidatos,2018-05-01,PRESIDENCIA 2018 - 1,Presidencia 1V,2018,584496,Histórico 2006-2026,10
CORDOBA,Voto en blanco,2018-05-01,PRESIDENCIA 2018 - 1,Presidencia 1V,2018,6353,Histórico 2006-2026,10
CORDOBA,Votos nulos,2018-05-01,PRESIDENCIA 2018 - 1,Presidencia 1V,2018,5095,Histórico 2006-2026,10
CORDOBA,Votos no marcados,2018-05-01,PRESIDENCIA 2018 - 1,Presidencia 1V,2018,1670,Histórico 2006-2026,10
CUNDINAMARCA,Potencial,2018-05-01,PRESIDENCIA 2018 - 1,Presidencia 1V,2018,1853625,Histórico 2006-2026,10
CUNDINAMARCA,Sufragantes,2018-05-01,PRESIDENCIA 2018 - 1,Presidencia 1V,2018,1208999,Histórico 2006-2026,10
CUNDINAMARCA,Votos válidos,2018-05-01,PRESIDENCIA 2018 - 1,Presidencia 1V,2018,1185853,Histórico 2006-2026,10
CUNDINAMARCA,Votos por candidatos,2018-05-01,PRESIDENCIA 2018 - 1,Presidencia 1V,2018,1161255,Histórico 2006-2026,10
CUNDINAMARCA,Voto en blanco,2018-05-01,PRESIDENCIA 2018 - 1,Presidencia 1V,2018,24598,Histórico 2006-2026,10
CUNDINAMARCA,Votos nulos,2018-05-01,PRESIDENCIA 2018 - 1,Presidencia 1V,2018,20790,Histórico 2006-2026,10
CUNDINAMARCA,Votos no marcados,2018-05-01,PRESIDENCIA 2018 - 1,Presidencia 1V,2018,2356,Histórico 2006-2026,10
GUAINIA,Potencial,2018-05-01,PRESIDENCIA 2018 - 1,Presidencia 1V,2018,26935,Histórico 2006-2026,10
GUAINIA,Sufragantes,2018-05-01,PRESIDENCIA 2018 - 1,Presidencia 1V,2018,9674,Histórico 2006-2026,10
GUAINIA,Votos válidos,2018-05-01,PRESIDENCIA 2018 - 1,Presidencia 1V,2018,9487,Histórico 2006-2026,10
GUAINIA,Votos por candidatos,2018-05-01,PRESIDENCIA 2018 - 1,Presidencia 1V,2018,9350,Histórico 2006-2026,10
GUAINIA,Voto en blanco,2018-05-01,PRESIDENCIA 2018 - 1,Presidencia 1V,2018,137,Histórico 2006-2026,10
GUAINIA,Votos nulos,2018-05-01,PRESIDENCIA 2018 - 1,Presidencia 1V,2018,140,Histórico 2006-2026,10
GUAINIA,Votos no marcados,2018-05-01,PRESIDENCIA 2018 - 1,Presidencia 1V,2018,47,Histórico 2006-2026,10
GUAVIARE,Potencial,2018-05-01,PRESIDENCIA 2018 - 1,Presidencia 1V,2018,59090,Histórico 2006-2026,10
GUAVIARE,Sufragantes,2018-05-01,PRESIDENCIA 2018 - 1,Presidencia 1V,2018,25591,Histórico 2006-2026,10
GUAVIARE,Votos válidos,2018-05-01,PRESIDENCIA 2018 - 1,Presidencia 1V,2018,24906,Histórico 2006-2026,10
GUAVIARE,Votos por candidatos,2018-05-01,PRESIDENCIA 2018 - 1,Presidencia 1V,2018,24002,Histórico 2006-2026,10
GUAVIARE,Voto en blanco,2018-05-01,PRESIDENCIA 2018 - 1,Presidencia 1V,2018,904,Histórico 2006-2026,10
GUAVIARE,Votos nulos,2018-05-01,PRESIDENCIA 2018 - 1,Presidencia 1V,2018,522,Histórico 2006-2026,10
GUAVIARE,Votos no marcados,2018-05-01,PRESIDENCIA 2018 - 1,Presidencia 1V,2018,163,Histórico 2006-2026,10
HUILA,Potencial,2018-05-01,PRESIDENCIA 2018 - 1,Presidencia 1V,2018,822512,Histórico 2006-2026,10
HUILA,Sufragantes,2018-05-01,PRESIDENCIA 2018 - 1,Presidencia 1V,2018,456879,Histórico 2006-2026,10
HUILA,Votos válidos,2018-05-01,PRESIDENCIA 2018 - 1,Presidencia 1V,2018,450094,Histórico 2006-2026,10
HUILA,Votos por candidatos,2018-05-01,PRESIDENCIA 2018 - 1,Presidencia 1V,2018,441947,Histórico 2006-2026,10
HUILA,Voto en blanco,2018-05-01,PRESIDENCIA 2018 - 1,Presidencia 1V,2018,8147,Histórico 2006-2026,10
HUILA,Votos nulos,2018-05-01,PRESIDENCIA 2018 - 1,Presidencia 1V,2018,5471,Histórico 2006-2026,10
HUILA,Votos no marcados,2018-05-01,PRESIDENCIA 2018 - 1,Presidencia 1V,2018,1314,Histórico 2006-2026,10
LA GUAJIRA,Potencial,2018-05-01,PRESIDENCIA 2018 - 1,Presidencia 1V,2018,583650,Histórico 2006-2026,10
LA GUAJIRA,Sufragantes,2018-05-01,PRESIDENCIA 2018 - 1,Presidencia 1V,2018,201456,Histórico 2006-2026,10
LA GUAJIRA,Votos válidos,2018-05-01,PRESIDENCIA 2018 - 1,Presidencia 1V,2018,197987,Histórico 2006-2026,10
LA GUAJIRA,Votos por candidatos,2018-05-01,PRESIDENCIA 2018 - 1,Presidencia 1V,2018,195482,Histórico 2006-2026,10
LA GUAJIRA,Voto en blanco,2018-05-01,PRESIDENCIA 2018 - 1,Presidencia 1V,2018,2505,Histórico 2006-2026,10
LA GUAJIRA,Votos nulos,2018-05-01,PRESIDENCIA 2018 - 1,Presidencia 1V,2018,2759,Histórico 2006-2026,10
LA GUAJIRA,Votos no marcados,2018-05-01,PRESIDENCIA 2018 - 1,Presidencia 1V,2018,710,Histórico 2006-2026,10
MAGDALENA,Potencial,2018-05-01,PRESIDENCIA 2018 - 1,Presidencia 1V,2018,942353,Histórico 2006-2026,10
MAGDALENA,Sufragantes,2018-05-01,PRESIDENCIA 2018 - 1,Presidencia 1V,2018,426120,Histórico 2006-2026,10
MAGDALENA,Votos válidos,2018-05-01,PRESIDENCIA 2018 - 1,Presidencia 1V,2018,420738,Histórico 2006-2026,10
MAGDALENA,Votos por candidatos,2018-05-01,PRESIDENCIA 2018 - 1,Presidencia 1V,2018,415341,Histórico 2006-2026,10
MAGDALENA,Voto en blanco,2018-05-01,PRESIDENCIA 2018 - 1,Presidencia 1V,2018,5397,Histórico 2006-2026,10
MAGDALENA,Votos nulos,2018-05-01,PRESIDENCIA 2018 - 1,Presidencia 1V,2018,4389,Histórico 2006-2026,10
MAGDALENA,Votos no marcados,2018-05-01,PRESIDENCIA 2018 - 1,Presidencia 1V,2018,993,Histórico 2006-2026,10
META,Potencial,2018-05-01,PRESIDENCIA 2018 - 1,Presidencia 1V,2018,706046,Histórico 2006-2026,10
META,Sufragantes,2018-05-01,PRESIDENCIA 2018 - 1,Presidencia 1V,2018,437356,Histórico 2006-2026,10
META,Votos válidos,2018-05-01,PRESIDENCIA 2018 - 1,Presidencia 1V,2018,428557,Histórico 2006-2026,10
META,Votos por candidatos,2018-05-01,PRESIDENCIA 2018 - 1,Presidencia 1V,2018,419957,Histórico 2006-2026,10
META,Voto en blanco,2018-05-01,PRESIDENCIA 2018 - 1,Presidencia 1V,2018,8600,Histórico 2006-2026,10
META,Votos nulos,2018-05-01,PRESIDENCIA 2018 - 1,Presidencia 1V,2018,7631,Histórico 2006-2026,10
META,Votos no marcados,2018-05-01,PRESIDENCIA 2018 - 1,Presidencia 1V,2018,1168,Histórico 2006-2026,10
NARIÑO,Potencial,2018-05-01,PRESIDENCIA 2018 - 1,Presidencia 1V,2018,1119197,Histórico 2006-2026,10
NARIÑO,Sufragantes,2018-05-01,PRESIDENCIA 2018 - 1,Presidencia 1V,2018,525215,Histórico 2006-2026,10
NARIÑO,Votos válidos,2018-05-01,PRESIDENCIA 2018 - 1,Presidencia 1V,2018,515148,Histórico 2006-2026,10
NARIÑO,Votos por candidatos,2018-05-01,PRESIDENCIA 2018 - 1,Presidencia 1V,2018,503480,Histórico 2006-2026,10
NARIÑO,Voto en blanco,2018-05-01,PRESIDENCIA 2018 - 1,Presidencia 1V,2018,11668,Histórico 2006-2026,10
NARIÑO,Votos nulos,2018-05-01,PRESIDENCIA 2018 - 1,Presidencia 1V,2018,7704,Histórico 2006-2026,10
NARIÑO,Votos no marcados,2018-05-01,PRESIDENCIA 2018 - 1,Presidencia 1V,2018,2363,Histórico 2006-2026,10
NORTE DE SAN,Potencial,2018-05-01,PRESIDENCIA 2018 - 1,Presidencia 1V,2018,1165008,Histórico 2006-2026,10
NORTE DE SAN,Sufragantes,2018-05-01,PRESIDENCIA 2018 - 1,Presidencia 1V,2018,626915,Histórico 2006-2026,10
NORTE DE SAN,Votos válidos,2018-05-01,PRESIDENCIA 2018 - 1,Presidencia 1V,2018,619077,Histórico 2006-2026,10
NORTE DE SAN,Votos por candidatos,2018-05-01,PRESIDENCIA 2018 - 1,Presidencia 1V,2018,611477,Histórico 2006-2026,10
NORTE DE SAN,Voto en blanco,2018-05-01,PRESIDENCIA 2018 - 1,Presidencia 1V,2018,7600,Histórico 2006-2026,10
NORTE DE SAN,Votos nulos,2018-05-01,PRESIDENCIA 2018 - 1,Presidencia 1V,2018,6318,Histórico 2006-2026,10
NORTE DE SAN,Votos no marcados,2018-05-01,PRESIDENCIA 2018 - 1,Presidencia 1V,2018,1520,Histórico 2006-2026,10
PUTUMAYO,Potencial,2018-05-01,PRESIDENCIA 2018 - 1,Presidencia 1V,2018,220501,Histórico 2006-2026,10
PUTUMAYO,Sufragantes,2018-05-01,PRESIDENCIA 2018 - 1,Presidencia 1V,2018,103704,Histórico 2006-2026,10
PUTUMAYO,Votos válidos,2018-05-01,PRESIDENCIA 2018 - 1,Presidencia 1V,2018,101729,Histórico 2006-2026,10
PUTUMAYO,Votos por candidatos,2018-05-01,PRESIDENCIA 2018 - 1,Presidencia 1V,2018,99393,Histórico 2006-2026,10
PUTUMAYO,Voto en blanco,2018-05-01,PRESIDENCIA 2018 - 1,Presidencia 1V,2018,2336,Histórico 2006-2026,10
PUTUMAYO,Votos nulos,2018-05-01,PRESIDENCIA 2018 - 1,Presidencia 1V,2018,1418,Histórico 2006-2026,10
PUTUMAYO,Votos no marcados,2018-05-01,PRESIDENCIA 2018 - 1,Presidencia 1V,2018,557,Histórico 2006-2026,10
QUINDIO,Potencial,2018-05-01,PRESIDENCIA 2018 - 1,Presidencia 1V,2018,469005,Histórico 2006-2026,10
QUINDIO,Sufragantes,2018-05-01,PRESIDENCIA 2018 - 1,Presidencia 1V,2018,265928,Histórico 2006-2026,10
QUINDIO,Votos válidos,2018-05-01,PRESIDENCIA 2018 - 1,Presidencia 1V,2018,260632,Histórico 2006-2026,10
QUINDIO,Votos por candidatos,2018-05-01,PRESIDENCIA 2018 - 1,Presidencia 1V,2018,255860,Histórico 2006-2026,10
QUINDIO,Voto en blanco,2018-05-01,PRESIDENCIA 2018 - 1,Presidencia 1V,2018,4772,Histórico 2006-2026,10
QUINDIO,Votos nulos,2018-05-01,PRESIDENCIA 2018 - 1,Presidencia 1V,2018,4422,Histórico 2006-2026,10
QUINDIO,Votos no marcados,2018-05-01,PRESIDENCIA 2018 - 1,Presidencia 1V,2018,874,Histórico 2006-2026,10
RISARALDA,Potencial,2018-05-01,PRESIDENCIA 2018 - 1,Presidencia 1V,2018,783195,Histórico 2006-2026,10
RISARALDA,Sufragantes,2018-05-01,PRESIDENCIA 2018 - 1,Presidencia 1V,2018,445148,Histórico 2006-2026,10
RISARALDA,Votos válidos,2018-05-01,PRESIDENCIA 2018 - 1,Presidencia 1V,2018,436153,Histórico 2006-2026,10
RISARALDA,Votos por candidatos,2018-05-01,PRESIDENCIA 2018 - 1,Presidencia 1V,2018,428309,Histórico 2006-2026,10
RISARALDA,Voto en blanco,2018-05-01,PRESIDENCIA 2018 - 1,Presidencia 1V,2018,7844,Histórico 2006-2026,10
RISARALDA,Votos nulos,2018-05-01,PRESIDENCIA 2018 - 1,Presidencia 1V,2018,7448,Histórico 2006-2026,10
RISARALDA,Votos no marcados,2018-05-01,PRESIDENCIA 2018 - 1,Presidencia 1V,2018,1547,Histórico 2006-2026,10
SAN ANDRES,Potencial,2018-05-01,PRESIDENCIA 2018 - 1,Presidencia 1V,2018,48790,Histórico 2006-2026,10
SAN ANDRES,Sufragantes,2018-05-01,PRESIDENCIA 2018 - 1,Presidencia 1V,2018,12770,Histórico 2006-2026,10
SAN ANDRES,Votos válidos,2018-05-01,PRESIDENCIA 2018 - 1,Presidencia 1V,2018,12694,Histórico 2006-2026,10
SAN ANDRES,Votos por candidatos,2018-05-01,PRESIDENCIA 2018 - 1,Presidencia 1V,2018,12366,Histórico 2006-2026,10
SAN ANDRES,Voto en blanco,2018-05-01,PRESIDENCIA 2018 - 1,Presidencia 1V,2018,328,Histórico 2006-2026,10
SAN ANDRES,Votos nulos,2018-05-01,PRESIDENCIA 2018 - 1,Presidencia 1V,2018,61,Histórico 2006-2026,10
SAN ANDRES,Votos no marcados,2018-05-01,PRESIDENCIA 2018 - 1,Presidencia 1V,2018,15,Histórico 2006-2026,10
SANTANDER,Potencial,2018-05-01,PRESIDENCIA 2018 - 1,Presidencia 1V,2018,1685502,Histórico 2006-2026,10
SANTANDER,Sufragantes,2018-05-01,PRESIDENCIA 2018 - 1,Presidencia 1V,2018,1004596,Histórico 2006-2026,10
SANTANDER,Votos válidos,2018-05-01,PRESIDENCIA 2018 - 1,Presidencia 1V,2018,991016,Histórico 2006-2026,10
SANTANDER,Votos por candidatos,2018-05-01,PRESIDENCIA 2018 - 1,Presidencia 1V,2018,973163,Histórico 2006-2026,10
SANTANDER,Voto en blanco,2018-05-01,PRESIDENCIA 2018 - 1,Presidencia 1V,2018,17853,Histórico 2006-2026,10
SANTANDER,Votos nulos,2018-05-01,PRESIDENCIA 2018 - 1,Presidencia 1V,2018,11537,Histórico 2006-2026,10
SANTANDER,Votos no marcados,2018-05-01,PRESIDENCIA 2018 - 1,Presidencia 1V,2018,2043,Histórico 2006-2026,10
SUCRE,Potencial,2018-05-01,PRESIDENCIA 2018 - 1,Presidencia 1V,2018,683789,Histórico 2006-2026,10
SUCRE,Sufragantes,2018-05-01,PRESIDENCIA 2018 - 1,Presidencia 1V,2018,352898,Histórico 2006-2026,10
SUCRE,Votos válidos,2018-05-01,PRESIDENCIA 2018 - 1,Presidencia 1V,2018,348843,Histórico 2006-2026,10
SUCRE,Votos por candidatos,2018-05-01,PRESIDENCIA 2018 - 1,Presidencia 1V,2018,345517,Histórico 2006-2026,10
SUCRE,Voto en blanco,2018-05-01,PRESIDENCIA 2018 - 1,Presidencia 1V,2018,3326,Histórico 2006-2026,10
SUCRE,Votos nulos,2018-05-01,PRESIDENCIA 2018 - 1,Presidencia 1V,2018,2938,Histórico 2006-2026,10
SUCRE,Votos no marcados,2018-05-01,PRESIDENCIA 2018 - 1,Presidencia 1V,2018,1117,Histórico 2006-2026,10
TOLIMA,Potencial,2018-05-01,PRESIDENCIA 2018 - 1,Presidencia 1V,2018,1069158,Histórico 2006-2026,10
TOLIMA,Sufragantes,2018-05-01,PRESIDENCIA 2018 - 1,Presidencia 1V,2018,584488,Histórico 2006-2026,10
TOLIMA,Votos válidos,2018-05-01,PRESIDENCIA 2018 - 1,Presidencia 1V,2018,573595,Histórico 2006-2026,10
TOLIMA,Votos por candidatos,2018-05-01,PRESIDENCIA 2018 - 1,Presidencia 1V,2018,564037,Histórico 2006-2026,10
TOLIMA,Voto en blanco,2018-05-01,PRESIDENCIA 2018 - 1,Presidencia 1V,2018,9558,Histórico 2006-2026,10
TOLIMA,Votos nulos,2018-05-01,PRESIDENCIA 2018 - 1,Presidencia 1V,2018,9086,Histórico 2006-2026,10
TOLIMA,Votos no marcados,2018-05-01,PRESIDENCIA 2018 - 1,Presidencia 1V,2018,1807,Histórico 2006-2026,10
VALLE,Potencial,2018-05-01,PRESIDENCIA 2018 - 1,Presidencia 1V,2018,3497035,Histórico 2006-2026,10
VALLE,Sufragantes,2018-05-01,PRESIDENCIA 2018 - 1,Presidencia 1V,2018,1780994,Histórico 2006-2026,10
VALLE,Votos válidos,2018-05-01,PRESIDENCIA 2018 - 1,Presidencia 1V,2018,1747769,Histórico 2006-2026,10
VALLE,Votos por candidatos,2018-05-01,PRESIDENCIA 2018 - 1,Presidencia 1V,2018,1707073,Histórico 2006-2026,10
VALLE,Voto en blanco,2018-05-01,PRESIDENCIA 2018 - 1,Presidencia 1V,2018,40696,Histórico 2006-2026,10
VALLE,Votos nulos,2018-05-01,PRESIDENCIA 2018 - 1,Presidencia 1V,2018,29493,Histórico 2006-2026,10
VALLE,Votos no marcados,2018-05-01,PRESIDENCIA 2018 - 1,Presidencia 1V,2018,3732,Histórico 2006-2026,10
VAUPES,Potencial,2018-05-01,PRESIDENCIA 2018 - 1,Presidencia 1V,2018,21719,Histórico 2006-2026,10
VAUPES,Sufragantes,2018-05-01,PRESIDENCIA 2018 - 1,Presidencia 1V,2018,6780,Histórico 2006-2026,10
VAUPES,Votos válidos,2018-05-01,PRESIDENCIA 2018 - 1,Presidencia 1V,2018,6709,Histórico 2006-2026,10
VAUPES,Votos por candidatos,2018-05-01,PRESIDENCIA 2018 - 1,Presidencia 1V,2018,6633,Histórico 2006-2026,10
VAUPES,Voto en blanco,2018-05-01,PRESIDENCIA 2018 - 1,Presidencia 1V,2018,76,Histórico 2006-2026,10
VAUPES,Votos nulos,2018-05-01,PRESIDENCIA 2018 - 1,Presidencia 1V,2018,51,Histórico 2006-2026,10
VAUPES,Votos no marcados,2018-05-01,PRESIDENCIA 2018 - 1,Presidencia 1V,2018,20,Histórico 2006-2026,10
VICHADA,Potencial,2018-05-01,PRESIDENCIA 2018 - 1,Presidencia 1V,2018,49340,Histórico 2006-2026,10
VICHADA,Sufragantes,2018-05-01,PRESIDENCIA 2018 - 1,Presidencia 1V,2018,15983,Histórico 2006-2026,10
VICHADA,Votos válidos,2018-05-01,PRESIDENCIA 2018 - 1,Presidencia 1V,2018,15780,Histórico 2006-2026,10
VICHADA,Votos por candidatos,2018-05-01,PRESIDENCIA 2018 - 1,Presidencia 1V,2018,15581,Histórico 2006-2026,10
VICHADA,Voto en blanco,2018-05-01,PRESIDENCIA 2018 - 1,Presidencia 1V,2018,199,Histórico 2006-2026,10
VICHADA,Votos nulos,2018-05-01,PRESIDENCIA 2018 - 1,Presidencia 1V,2018,140,Histórico 2006-2026,10
VICHADA,Votos no marcados,2018-05-01,PRESIDENCIA 2018 - 1,Presidencia 1V,2018,63,Histórico 2006-2026,10
AMAZONAS,Potencial,2018-06-01,PRESIDENCIA 2018 - 2,Presidencia 2V,2018,46867,Histórico 2006-2026,11
AMAZONAS,Sufragantes,2018-06-01,PRESIDENCIA 2018 - 2,Presidencia 2V,2018,19972,Histórico 2006-2026,11
AMAZONAS,Votos válidos,2018-06-01,PRESIDENCIA 2018 - 2,Presidencia 2V,2018,19757,Histórico 2006-2026,11
AMAZONAS,Votos por candidatos,2018-06-01,PRESIDENCIA 2018 - 2,Presidencia 2V,2018,19286,Histórico 2006-2026,11
AMAZONAS,Voto en blanco,2018-06-01,PRESIDENCIA 2018 - 2,Presidencia 2V,2018,471,Histórico 2006-2026,11
AMAZONAS,Votos nulos,2018-06-01,PRESIDENCIA 2018 - 2,Presidencia 2V,2018,167,Histórico 2006-2026,11
AMAZONAS,Votos no marcados,2018-06-01,PRESIDENCIA 2018 - 2,Presidencia 2V,2018,48,Histórico 2006-2026,11
ANTIOQUIA,Potencial,2018-06-01,PRESIDENCIA 2018 - 2,Presidencia 2V,2018,4707124,Histórico 2006-2026,11
ANTIOQUIA,Sufragantes,2018-06-01,PRESIDENCIA 2018 - 2,Presidencia 2V,2018,2590536,Histórico 2006-2026,11
ANTIOQUIA,Votos válidos,2018-06-01,PRESIDENCIA 2018 - 2,Presidencia 2V,2018,2547294,Histórico 2006-2026,11
ANTIOQUIA,Votos por candidatos,2018-06-01,PRESIDENCIA 2018 - 2,Presidencia 2V,2018,2407681,Histórico 2006-2026,11
ANTIOQUIA,Voto en blanco,2018-06-01,PRESIDENCIA 2018 - 2,Presidencia 2V,2018,139613,Histórico 2006-2026,11
ANTIOQUIA,Votos nulos,2018-06-01,PRESIDENCIA 2018 - 2,Presidencia 2V,2018,38417,Histórico 2006-2026,11
ANTIOQUIA,Votos no marcados,2018-06-01,PRESIDENCIA 2018 - 2,Presidencia 2V,2018,4825,Histórico 2006-2026,11
ARAUCA,Potencial,2018-06-01,PRESIDENCIA 2018 - 2,Presidencia 2V,2018,186930,Histórico 2006-2026,11
ARAUCA,Sufragantes,2018-06-01,PRESIDENCIA 2018 - 2,Presidencia 2V,2018,93490,Histórico 2006-2026,11
ARAUCA,Votos válidos,2018-06-01,PRESIDENCIA 2018 - 2,Presidencia 2V,2018,91739,Histórico 2006-2026,11
ARAUCA,Votos por candidatos,2018-06-01,PRESIDENCIA 2018 - 2,Presidencia 2V,2018,88519,Histórico 2006-2026,11
ARAUCA,Voto en blanco,2018-06-01,PRESIDENCIA 2018 - 2,Presidencia 2V,2018,3220,Histórico 2006-2026,11
ARAUCA,Votos nulos,2018-06-01,PRESIDENCIA 2018 - 2,Presidencia 2V,2018,1513,Histórico 2006-2026,11
ARAUCA,Votos no marcados,2018-06-01,PRESIDENCIA 2018 - 2,Presidencia 2V,2018,238,Histórico 2006-2026,11
ATLANTICO,Potencial,2018-06-01,PRESIDENCIA 2018 - 2,Presidencia 2V,2018,1874725,Histórico 2006-2026,11
ATLANTICO,Sufragantes,2018-06-01,PRESIDENCIA 2018 - 2,Presidencia 2V,2018,807796,Histórico 2006-2026,11
ATLANTICO,Votos válidos,2018-06-01,PRESIDENCIA 2018 - 2,Presidencia 2V,2018,802350,Histórico 2006-2026,11
ATLANTICO,Votos por candidatos,2018-06-01,PRESIDENCIA 2018 - 2,Presidencia 2V,2018,784604,Histórico 2006-2026,11
ATLANTICO,Voto en blanco,2018-06-01,PRESIDENCIA 2018 - 2,Presidencia 2V,2018,17746,Histórico 2006-2026,11
ATLANTICO,Votos nulos,2018-06-01,PRESIDENCIA 2018 - 2,Presidencia 2V,2018,4834,Histórico 2006-2026,11
ATLANTICO,Votos no marcados,2018-06-01,PRESIDENCIA 2018 - 2,Presidencia 2V,2018,612,Histórico 2006-2026,11
BOGOTA D.C.,Potencial,2018-06-01,PRESIDENCIA 2018 - 2,Presidencia 2V,2018,5722581,Histórico 2006-2026,11
BOGOTA D.C.,Sufragantes,2018-06-01,PRESIDENCIA 2018 - 2,Presidencia 2V,2018,3578130,Histórico 2006-2026,11
BOGOTA D.C.,Votos válidos,2018-06-01,PRESIDENCIA 2018 - 2,Presidencia 2V,2018,3538391,Histórico 2006-2026,11
BOGOTA D.C.,Votos por candidatos,2018-06-01,PRESIDENCIA 2018 - 2,Presidencia 2V,2018,3338142,Histórico 2006-2026,11
BOGOTA D.C.,Voto en blanco,2018-06-01,PRESIDENCIA 2018 - 2,Presidencia 2V,2018,200249,Histórico 2006-2026,11
BOGOTA D.C.,Votos nulos,2018-06-01,PRESIDENCIA 2018 - 2,Presidencia 2V,2018,38322,Histórico 2006-2026,11
BOGOTA D.C.,Votos no marcados,2018-06-01,PRESIDENCIA 2018 - 2,Presidencia 2V,2018,1417,Histórico 2006-2026,11
BOLIVAR,Potencial,2018-06-01,PRESIDENCIA 2018 - 2,Presidencia 2V,2018,1553678,Histórico 2006-2026,11
BOLIVAR,Sufragantes,2018-06-01,PRESIDENCIA 2018 - 2,Presidencia 2V,2018,679640,Histórico 2006-2026,11
BOLIVAR,Votos válidos,2018-06-01,PRESIDENCIA 2018 - 2,Presidencia 2V,2018,674912,Histórico 2006-2026,11
BOLIVAR,Votos por candidatos,2018-06-01,PRESIDENCIA 2018 - 2,Presidencia 2V,2018,662279,Histórico 2006-2026,11
BOLIVAR,Voto en blanco,2018-06-01,PRESIDENCIA 2018 - 2,Presidencia 2V,2018,12633,Histórico 2006-2026,11
BOLIVAR,Votos nulos,2018-06-01,PRESIDENCIA 2018 - 2,Presidencia 2V,2018,3944,Histórico 2006-2026,11
BOLIVAR,Votos no marcados,2018-06-01,PRESIDENCIA 2018 - 2,Presidencia 2V,2018,784,Histórico 2006-2026,11
BOYACA,Potencial,2018-06-01,PRESIDENCIA 2018 - 2,Presidencia 2V,2018,953505,Histórico 2006-2026,11
BOYACA,Sufragantes,2018-06-01,PRESIDENCIA 2018 - 2,Presidencia 2V,2018,574026,Histórico 2006-2026,11
BOYACA,Votos válidos,2018-06-01,PRESIDENCIA 2018 - 2,Presidencia 2V,2018,564345,Histórico 2006-2026,11
BOYACA,Votos por candidatos,2018-06-01,PRESIDENCIA 2018 - 2,Presidencia 2V,2018,543663,Histórico 2006-2026,11
BOYACA,Voto en blanco,2018-06-01,PRESIDENCIA 2018 - 2,Presidencia 2V,2018,20682,Histórico 2006-2026,11
BOYACA,Votos nulos,2018-06-01,PRESIDENCIA 2018 - 2,Presidencia 2V,2018,8785,Histórico 2006-2026,11
BOYACA,Votos no marcados,2018-06-01,PRESIDENCIA 2018 - 2,Presidencia 2V,2018,896,Histórico 2006-2026,11
CALDAS,Potencial,2018-06-01,PRESIDENCIA 2018 - 2,Presidencia 2V,2018,792919,Histórico 2006-2026,11
CALDAS,Sufragantes,2018-06-01,PRESIDENCIA 2018 - 2,Presidencia 2V,2018,446766,Histórico 2006-2026,11
CALDAS,Votos válidos,2018-06-01,PRESIDENCIA 2018 - 2,Presidencia 2V,2018,434049,Histórico 2006-2026,11
CALDAS,Votos por candidatos,2018-06-01,PRESIDENCIA 2018 - 2,Presidencia 2V,2018,407251,Histórico 2006-2026,11
CALDAS,Voto en blanco,2018-06-01,PRESIDENCIA 2018 - 2,Presidencia 2V,2018,26798,Histórico 2006-2026,11
CALDAS,Votos nulos,2018-06-01,PRESIDENCIA 2018 - 2,Presidencia 2V,2018,11507,Histórico 2006-2026,11
CALDAS,Votos no marcados,2018-06-01,PRESIDENCIA 2018 - 2,Presidencia 2V,2018,1210,Histórico 2006-2026,11
CAQUETA,Potencial,2018-06-01,PRESIDENCIA 2018 - 2,Presidencia 2V,2018,290249,Histórico 2006-2026,11
CAQUETA,Sufragantes,2018-06-01,PRESIDENCIA 2018 - 2,Presidencia 2V,2018,129933,Histórico 2006-2026,11
CAQUETA,Votos válidos,2018-06-01,PRESIDENCIA 2018 - 2,Presidencia 2V,2018,127971,Histórico 2006-2026,11
CAQUETA,Votos por candidatos,2018-06-01,PRESIDENCIA 2018 - 2,Presidencia 2V,2018,123059,Histórico 2006-2026,11
CAQUETA,Voto en blanco,2018-06-01,PRESIDENCIA 2018 - 2,Presidencia 2V,2018,4912,Histórico 2006-2026,11
CAQUETA,Votos nulos,2018-06-01,PRESIDENCIA 2018 - 2,Presidencia 2V,2018,1688,Histórico 2006-2026,11
CAQUETA,Votos no marcados,2018-06-01,PRESIDENCIA 2018 - 2,Presidencia 2V,2018,274,Histórico 2006-2026,11
CASANARE,Potencial,2018-06-01,PRESIDENCIA 2018 - 2,Presidencia 2V,2018,276327,Histórico 2006-2026,11
CASANARE,Sufragantes,2018-06-01,PRESIDENCIA 2018 - 2,Presidencia 2V,2018,178742,Histórico 2006-2026,11
CASANARE,Votos válidos,2018-06-01,PRESIDENCIA 2018 - 2,Presidencia 2V,2018,175842,Histórico 2006-2026,11
CASANARE,Votos por candidatos,2018-06-01,PRESIDENCIA 2018 - 2,Presidencia 2V,2018,169572,Histórico 2006-2026,11
CASANARE,Voto en blanco,2018-06-01,PRESIDENCIA 2018 - 2,Presidencia 2V,2018,6270,Histórico 2006-2026,11
CASANARE,Votos nulos,2018-06-01,PRESIDENCIA 2018 - 2,Presidencia 2V,2018,2674,Histórico 2006-2026,11
CASANARE,Votos no marcados,2018-06-01,PRESIDENCIA 2018 - 2,Presidencia 2V,2018,226,Histórico 2006-2026,11
CAUCA,Potencial,2018-06-01,PRESIDENCIA 2018 - 2,Presidencia 2V,2018,957170,Histórico 2006-2026,11
CAUCA,Sufragantes,2018-06-01,PRESIDENCIA 2018 - 2,Presidencia 2V,2018,509128,Histórico 2006-2026,11
CAUCA,Votos válidos,2018-06-01,PRESIDENCIA 2018 - 2,Presidencia 2V,2018,498722,Histórico 2006-2026,11
CAUCA,Votos por candidatos,2018-06-01,PRESIDENCIA 2018 - 2,Presidencia 2V,2018,484777,Histórico 2006-2026,11
CAUCA,Voto en blanco,2018-06-01,PRESIDENCIA 2018 - 2,Presidencia 2V,2018,13945,Histórico 2006-2026,11
CAUCA,Votos nulos,2018-06-01,PRESIDENCIA 2018 - 2,Presidencia 2V,2018,8985,Histórico 2006-2026,11
CAUCA,Votos no marcados,2018-06-01,PRESIDENCIA 2018 - 2,Presidencia 2V,2018,1421,Histórico 2006-2026,11
CESAR,Potencial,2018-06-01,PRESIDENCIA 2018 - 2,Presidencia 2V,2018,780952,Histórico 2006-2026,11
CESAR,Sufragantes,2018-06-01,PRESIDENCIA 2018 - 2,Presidencia 2V,2018,404733,Histórico 2006-2026,11
CESAR,Votos válidos,2018-06-01,PRESIDENCIA 2018 - 2,Presidencia 2V,2018,399772,Histórico 2006-2026,11
CESAR,Votos por candidatos,2018-06-01,PRESIDENCIA 2018 - 2,Presidencia 2V,2018,391071,Histórico 2006-2026,11
CESAR,Voto en blanco,2018-06-01,PRESIDENCIA 2018 - 2,Presidencia 2V,2018,8701,Histórico 2006-2026,11
CESAR,Votos nulos,2018-06-01,PRESIDENCIA 2018 - 2,Presidencia 2V,2018,4547,Histórico 2006-2026,11
CESAR,Votos no marcados,2018-06-01,PRESIDENCIA 2018 - 2,Presidencia 2V,2018,414,Histórico 2006-2026,11
CHOCO,Potencial,2018-06-01,PRESIDENCIA 2018 - 2,Presidencia 2V,2018,306744,Histórico 2006-2026,11
CHOCO,Sufragantes,2018-06-01,PRESIDENCIA 2018 - 2,Presidencia 2V,2018,121434,Histórico 2006-2026,11
CHOCO,Votos válidos,2018-06-01,PRESIDENCIA 2018 - 2,Presidencia 2V,2018,118579,Histórico 2006-2026,11
CHOCO,Votos por candidatos,2018-06-01,PRESIDENCIA 2018 - 2,Presidencia 2V,2018,116314,Histórico 2006-2026,11
CHOCO,Voto en blanco,2018-06-01,PRESIDENCIA 2018 - 2,Presidencia 2V,2018,2265,Histórico 2006-2026,11
CHOCO,Votos nulos,2018-06-01,PRESIDENCIA 2018 - 2,Presidencia 2V,2018,2365,Histórico 2006-2026,11
CHOCO,Votos no marcados,2018-06-01,PRESIDENCIA 2018 - 2,Presidencia 2V,2018,490,Histórico 2006-2026,11
CONSULADOS,Potencial,2018-06-01,PRESIDENCIA 2018 - 2,Presidencia 2V,2018,724264,Histórico 2006-2026,11
CONSULADOS,Sufragantes,2018-06-01,PRESIDENCIA 2018 - 2,Presidencia 2V,2018,259497,Histórico 2006-2026,11
CONSULADOS,Votos válidos,2018-06-01,PRESIDENCIA 2018 - 2,Presidencia 2V,2018,258848,Histórico 2006-2026,11
CONSULADOS,Votos por candidatos,2018-06-01,PRESIDENCIA 2018 - 2,Presidencia 2V,2018,250501,Histórico 2006-2026,11
CONSULADOS,Voto en blanco,2018-06-01,PRESIDENCIA 2018 - 2,Presidencia 2V,2018,8347,Histórico 2006-2026,11
CONSULADOS,Votos nulos,2018-06-01,PRESIDENCIA 2018 - 2,Presidencia 2V,2018,542,Histórico 2006-2026,11
CONSULADOS,Votos no marcados,2018-06-01,PRESIDENCIA 2018 - 2,Presidencia 2V,2018,107,Histórico 2006-2026,11
CORDOBA,Potencial,2018-06-01,PRESIDENCIA 2018 - 2,Presidencia 2V,2018,1239455,Histórico 2006-2026,11
CORDOBA,Sufragantes,2018-06-01,PRESIDENCIA 2018 - 2,Presidencia 2V,2018,624885,Histórico 2006-2026,11
CORDOBA,Votos válidos,2018-06-01,PRESIDENCIA 2018 - 2,Presidencia 2V,2018,619494,Histórico 2006-2026,11
CORDOBA,Votos por candidatos,2018-06-01,PRESIDENCIA 2018 - 2,Presidencia 2V,2018,610279,Histórico 2006-2026,11
CORDOBA,Voto en blanco,2018-06-01,PRESIDENCIA 2018 - 2,Presidencia 2V,2018,9215,Histórico 2006-2026,11
CORDOBA,Votos nulos,2018-06-01,PRESIDENCIA 2018 - 2,Presidencia 2V,2018,4537,Histórico 2006-2026,11
CORDOBA,Votos no marcados,2018-06-01,PRESIDENCIA 2018 - 2,Presidencia 2V,2018,854,Histórico 2006-2026,11
CUNDINAMARCA,Potencial,2018-06-01,PRESIDENCIA 2018 - 2,Presidencia 2V,2018,1853625,Histórico 2006-2026,11
CUNDINAMARCA,Sufragantes,2018-06-01,PRESIDENCIA 2018 - 2,Presidencia 2V,2018,1191009,Histórico 2006-2026,11
CUNDINAMARCA,Votos válidos,2018-06-01,PRESIDENCIA 2018 - 2,Presidencia 2V,2018,1166553,Histórico 2006-2026,11
CUNDINAMARCA,Votos por candidatos,2018-06-01,PRESIDENCIA 2018 - 2,Presidencia 2V,2018,1111903,Histórico 2006-2026,11
CUNDINAMARCA,Voto en blanco,2018-06-01,PRESIDENCIA 2018 - 2,Presidencia 2V,2018,54650,Histórico 2006-2026,11
CUNDINAMARCA,Votos nulos,2018-06-01,PRESIDENCIA 2018 - 2,Presidencia 2V,2018,23271,Histórico 2006-2026,11
CUNDINAMARCA,Votos no marcados,2018-06-01,PRESIDENCIA 2018 - 2,Presidencia 2V,2018,1185,Histórico 2006-2026,11
GUAINIA,Potencial,2018-06-01,PRESIDENCIA 2018 - 2,Presidencia 2V,2018,26935,Histórico 2006-2026,11
GUAINIA,Sufragantes,2018-06-01,PRESIDENCIA 2018 - 2,Presidencia 2V,2018,10428,Histórico 2006-2026,11
GUAINIA,Votos válidos,2018-06-01,PRESIDENCIA 2018 - 2,Presidencia 2V,2018,10291,Histórico 2006-2026,11
GUAINIA,Votos por candidatos,2018-06-01,PRESIDENCIA 2018 - 2,Presidencia 2V,2018,9970,Histórico 2006-2026,11
GUAINIA,Voto en blanco,2018-06-01,PRESIDENCIA 2018 - 2,Presidencia 2V,2018,321,Histórico 2006-2026,11
GUAINIA,Votos nulos,2018-06-01,PRESIDENCIA 2018 - 2,Presidencia 2V,2018,117,Histórico 2006-2026,11
GUAINIA,Votos no marcados,2018-06-01,PRESIDENCIA 2018 - 2,Presidencia 2V,2018,20,Histórico 2006-2026,11
GUAVIARE,Potencial,2018-06-01,PRESIDENCIA 2018 - 2,Presidencia 2V,2018,59090,Histórico 2006-2026,11
GUAVIARE,Sufragantes,2018-06-01,PRESIDENCIA 2018 - 2,Presidencia 2V,2018,27655,Histórico 2006-2026,11
GUAVIARE,Votos válidos,2018-06-01,PRESIDENCIA 2018 - 2,Presidencia 2V,2018,27000,Histórico 2006-2026,11
GUAVIARE,Votos por candidatos,2018-06-01,PRESIDENCIA 2018 - 2,Presidencia 2V,2018,25593,Histórico 2006-2026,11
GUAVIARE,Voto en blanco,2018-06-01,PRESIDENCIA 2018 - 2,Presidencia 2V,2018,1407,Histórico 2006-2026,11
GUAVIARE,Votos nulos,2018-06-01,PRESIDENCIA 2018 - 2,Presidencia 2V,2018,580,Histórico 2006-2026,11
GUAVIARE,Votos no marcados,2018-06-01,PRESIDENCIA 2018 - 2,Presidencia 2V,2018,75,Histórico 2006-2026,11
HUILA,Potencial,2018-06-01,PRESIDENCIA 2018 - 2,Presidencia 2V,2018,822512,Histórico 2006-2026,11
HUILA,Sufragantes,2018-06-01,PRESIDENCIA 2018 - 2,Presidencia 2V,2018,463850,Histórico 2006-2026,11
HUILA,Votos válidos,2018-06-01,PRESIDENCIA 2018 - 2,Presidencia 2V,2018,457534,Histórico 2006-2026,11
HUILA,Votos por candidatos,2018-06-01,PRESIDENCIA 2018 - 2,Presidencia 2V,2018,442528,Histórico 2006-2026,11
HUILA,Voto en blanco,2018-06-01,PRESIDENCIA 2018 - 2,Presidencia 2V,2018,15006,Histórico 2006-2026,11
HUILA,Votos nulos,2018-06-01,PRESIDENCIA 2018 - 2,Presidencia 2V,2018,5721,Histórico 2006-2026,11
HUILA,Votos no marcados,2018-06-01,PRESIDENCIA 2018 - 2,Presidencia 2V,2018,595,Histórico 2006-2026,11
LA GUAJIRA,Potencial,2018-06-01,PRESIDENCIA 2018 - 2,Presidencia 2V,2018,583650,Histórico 2006-2026,11
LA GUAJIRA,Sufragantes,2018-06-01,PRESIDENCIA 2018 - 2,Presidencia 2V,2018,216253,Histórico 2006-2026,11
LA GUAJIRA,Votos válidos,2018-06-01,PRESIDENCIA 2018 - 2,Presidencia 2V,2018,213567,Histórico 2006-2026,11
LA GUAJIRA,Votos por candidatos,2018-06-01,PRESIDENCIA 2018 - 2,Presidencia 2V,2018,210030,Histórico 2006-2026,11
LA GUAJIRA,Voto en blanco,2018-06-01,PRESIDENCIA 2018 - 2,Presidencia 2V,2018,3537,Histórico 2006-2026,11
LA GUAJIRA,Votos nulos,2018-06-01,PRESIDENCIA 2018 - 2,Presidencia 2V,2018,2404,Histórico 2006-2026,11
LA GUAJIRA,Votos no marcados,2018-06-01,PRESIDENCIA 2018 - 2,Presidencia 2V,2018,282,Histórico 2006-2026,11
MAGDALENA,Potencial,2018-06-01,PRESIDENCIA 2018 - 2,Presidencia 2V,2018,942353,Histórico 2006-2026,11
MAGDALENA,Sufragantes,2018-06-01,PRESIDENCIA 2018 - 2,Presidencia 2V,2018,440719,Histórico 2006-2026,11
MAGDALENA,Votos válidos,2018-06-01,PRESIDENCIA 2018 - 2,Presidencia 2V,2018,436486,Histórico 2006-2026,11
MAGDALENA,Votos por candidatos,2018-06-01,PRESIDENCIA 2018 - 2,Presidencia 2V,2018,427943,Histórico 2006-2026,11
MAGDALENA,Voto en blanco,2018-06-01,PRESIDENCIA 2018 - 2,Presidencia 2V,2018,8543,Histórico 2006-2026,11
MAGDALENA,Votos nulos,2018-06-01,PRESIDENCIA 2018 - 2,Presidencia 2V,2018,3800,Histórico 2006-2026,11
MAGDALENA,Votos no marcados,2018-06-01,PRESIDENCIA 2018 - 2,Presidencia 2V,2018,433,Histórico 2006-2026,11
META,Potencial,2018-06-01,PRESIDENCIA 2018 - 2,Presidencia 2V,2018,706046,Histórico 2006-2026,11
META,Sufragantes,2018-06-01,PRESIDENCIA 2018 - 2,Presidencia 2V,2018,421873,Histórico 2006-2026,11
META,Votos válidos,2018-06-01,PRESIDENCIA 2018 - 2,Presidencia 2V,2018,414080,Histórico 2006-2026,11
META,Votos por candidatos,2018-06-01,PRESIDENCIA 2018 - 2,Presidencia 2V,2018,396817,Histórico 2006-2026,11
META,Voto en blanco,2018-06-01,PRESIDENCIA 2018 - 2,Presidencia 2V,2018,17263,Histórico 2006-2026,11
META,Votos nulos,2018-06-01,PRESIDENCIA 2018 - 2,Presidencia 2V,2018,7320,Histórico 2006-2026,11
META,Votos no marcados,2018-06-01,PRESIDENCIA 2018 - 2,Presidencia 2V,2018,473,Histórico 2006-2026,11
NARIÑO,Potencial,2018-06-01,PRESIDENCIA 2018 - 2,Presidencia 2V,2018,1119197,Histórico 2006-2026,11
NARIÑO,Sufragantes,2018-06-01,PRESIDENCIA 2018 - 2,Presidencia 2V,2018,584219,Histórico 2006-2026,11
NARIÑO,Votos válidos,2018-06-01,PRESIDENCIA 2018 - 2,Presidencia 2V,2018,575519,Histórico 2006-2026,11
NARIÑO,Votos por candidatos,2018-06-01,PRESIDENCIA 2018 - 2,Presidencia 2V,2018,560530,Histórico 2006-2026,11
NARIÑO,Voto en blanco,2018-06-01,PRESIDENCIA 2018 - 2,Presidencia 2V,2018,14989,Histórico 2006-2026,11
NARIÑO,Votos nulos,2018-06-01,PRESIDENCIA 2018 - 2,Presidencia 2V,2018,7441,Histórico 2006-2026,11
NARIÑO,Votos no marcados,2018-06-01,PRESIDENCIA 2018 - 2,Presidencia 2V,2018,1259,Histórico 2006-2026,11
NORTE DE SAN,Potencial,2018-06-01,PRESIDENCIA 2018 - 2,Presidencia 2V,2018,1165008,Histórico 2006-2026,11
NORTE DE SAN,Sufragantes,2018-06-01,PRESIDENCIA 2018 - 2,Presidencia 2V,2018,632614,Histórico 2006-2026,11
NORTE DE SAN,Votos válidos,2018-06-01,PRESIDENCIA 2018 - 2,Presidencia 2V,2018,624889,Histórico 2006-2026,11
NORTE DE SAN,Votos por candidatos,2018-06-01,PRESIDENCIA 2018 - 2,Presidencia 2V,2018,599660,Histórico 2006-2026,11
NORTE DE SAN,Voto en blanco,2018-06-01,PRESIDENCIA 2018 - 2,Presidencia 2V,2018,25229,Histórico 2006-2026,11
NORTE DE SAN,Votos nulos,2018-06-01,PRESIDENCIA 2018 - 2,Presidencia 2V,2018,6698,Histórico 2006-2026,11
NORTE DE SAN,Votos no marcados,2018-06-01,PRESIDENCIA 2018 - 2,Presidencia 2V,2018,1027,Histórico 2006-2026,11
PUTUMAYO,Potencial,2018-06-01,PRESIDENCIA 2018 - 2,Presidencia 2V,2018,220501,Histórico 2006-2026,11
PUTUMAYO,Sufragantes,2018-06-01,PRESIDENCIA 2018 - 2,Presidencia 2V,2018,112666,Histórico 2006-2026,11
PUTUMAYO,Votos válidos,2018-06-01,PRESIDENCIA 2018 - 2,Presidencia 2V,2018,110984,Histórico 2006-2026,11
PUTUMAYO,Votos por candidatos,2018-06-01,PRESIDENCIA 2018 - 2,Presidencia 2V,2018,108222,Histórico 2006-2026,11
PUTUMAYO,Voto en blanco,2018-06-01,PRESIDENCIA 2018 - 2,Presidencia 2V,2018,2762,Histórico 2006-2026,11
PUTUMAYO,Votos nulos,2018-06-01,PRESIDENCIA 2018 - 2,Presidencia 2V,2018,1450,Histórico 2006-2026,11
PUTUMAYO,Votos no marcados,2018-06-01,PRESIDENCIA 2018 - 2,Presidencia 2V,2018,232,Histórico 2006-2026,11
QUINDIO,Potencial,2018-06-01,PRESIDENCIA 2018 - 2,Presidencia 2V,2018,469005,Histórico 2006-2026,11
QUINDIO,Sufragantes,2018-06-01,PRESIDENCIA 2018 - 2,Presidencia 2V,2018,256813,Histórico 2006-2026,11
QUINDIO,Votos válidos,2018-06-01,PRESIDENCIA 2018 - 2,Presidencia 2V,2018,250582,Histórico 2006-2026,11
QUINDIO,Votos por candidatos,2018-06-01,PRESIDENCIA 2018 - 2,Presidencia 2V,2018,235426,Histórico 2006-2026,11
QUINDIO,Voto en blanco,2018-06-01,PRESIDENCIA 2018 - 2,Presidencia 2V,2018,15156,Histórico 2006-2026,11
QUINDIO,Votos nulos,2018-06-01,PRESIDENCIA 2018 - 2,Presidencia 2V,2018,5752,Histórico 2006-2026,11
QUINDIO,Votos no marcados,2018-06-01,PRESIDENCIA 2018 - 2,Presidencia 2V,2018,479,Histórico 2006-2026,11
RISARALDA,Potencial,2018-06-01,PRESIDENCIA 2018 - 2,Presidencia 2V,2018,783195,Histórico 2006-2026,11
RISARALDA,Sufragantes,2018-06-01,PRESIDENCIA 2018 - 2,Presidencia 2V,2018,429876,Histórico 2006-2026,11
RISARALDA,Votos válidos,2018-06-01,PRESIDENCIA 2018 - 2,Presidencia 2V,2018,419576,Histórico 2006-2026,11
RISARALDA,Votos por candidatos,2018-06-01,PRESIDENCIA 2018 - 2,Presidencia 2V,2018,395619,Histórico 2006-2026,11
RISARALDA,Voto en blanco,2018-06-01,PRESIDENCIA 2018 - 2,Presidencia 2V,2018,23957,Histórico 2006-2026,11
RISARALDA,Votos nulos,2018-06-01,PRESIDENCIA 2018 - 2,Presidencia 2V,2018,9258,Histórico 2006-2026,11
RISARALDA,Votos no marcados,2018-06-01,PRESIDENCIA 2018 - 2,Presidencia 2V,2018,1042,Histórico 2006-2026,11
SAN ANDRES,Potencial,2018-06-01,PRESIDENCIA 2018 - 2,Presidencia 2V,2018,48790,Histórico 2006-2026,11
SAN ANDRES,Sufragantes,2018-06-01,PRESIDENCIA 2018 - 2,Presidencia 2V,2018,15254,Histórico 2006-2026,11
SAN ANDRES,Votos válidos,2018-06-01,PRESIDENCIA 2018 - 2,Presidencia 2V,2018,15159,Histórico 2006-2026,11
SAN ANDRES,Votos por candidatos,2018-06-01,PRESIDENCIA 2018 - 2,Presidencia 2V,2018,14585,Histórico 2006-2026,11
SAN ANDRES,Voto en blanco,2018-06-01,PRESIDENCIA 2018 - 2,Presidencia 2V,2018,574,Histórico 2006-2026,11
SAN ANDRES,Votos nulos,2018-06-01,PRESIDENCIA 2018 - 2,Presidencia 2V,2018,78,Histórico 2006-2026,11
SAN ANDRES,Votos no marcados,2018-06-01,PRESIDENCIA 2018 - 2,Presidencia 2V,2018,17,Histórico 2006-2026,11
SANTANDER,Potencial,2018-06-01,PRESIDENCIA 2018 - 2,Presidencia 2V,2018,1685502,Histórico 2006-2026,11
SANTANDER,Sufragantes,2018-06-01,PRESIDENCIA 2018 - 2,Presidencia 2V,2018,996942,Histórico 2006-2026,11
SANTANDER,Votos válidos,2018-06-01,PRESIDENCIA 2018 - 2,Presidencia 2V,2018,981560,Histórico 2006-2026,11
SANTANDER,Votos por candidatos,2018-06-01,PRESIDENCIA 2018 - 2,Presidencia 2V,2018,937386,Histórico 2006-2026,11
SANTANDER,Voto en blanco,2018-06-01,PRESIDENCIA 2018 - 2,Presidencia 2V,2018,44174,Histórico 2006-2026,11
SANTANDER,Votos nulos,2018-06-01,PRESIDENCIA 2018 - 2,Presidencia 2V,2018,14164,Histórico 2006-2026,11
SANTANDER,Votos no marcados,2018-06-01,PRESIDENCIA 2018 - 2,Presidencia 2V,2018,1218,Histórico 2006-2026,11
SUCRE,Potencial,2018-06-01,PRESIDENCIA 2018 - 2,Presidencia 2V,2018,683789,Histórico 2006-2026,11
SUCRE,Sufragantes,2018-06-01,PRESIDENCIA 2018 - 2,Presidencia 2V,2018,359263,Histórico 2006-2026,11
SUCRE,Votos válidos,2018-06-01,PRESIDENCIA 2018 - 2,Presidencia 2V,2018,356352,Histórico 2006-2026,11
SUCRE,Votos por candidatos,2018-06-01,PRESIDENCIA 2018 - 2,Presidencia 2V,2018,351547,Histórico 2006-2026,11
SUCRE,Voto en blanco,2018-06-01,PRESIDENCIA 2018 - 2,Presidencia 2V,2018,4805,Histórico 2006-2026,11
SUCRE,Votos nulos,2018-06-01,PRESIDENCIA 2018 - 2,Presidencia 2V,2018,2403,Histórico 2006-2026,11
SUCRE,Votos no marcados,2018-06-01,PRESIDENCIA 2018 - 2,Presidencia 2V,2018,508,Histórico 2006-2026,11
TOLIMA,Potencial,2018-06-01,PRESIDENCIA 2018 - 2,Presidencia 2V,2018,1069158,Histórico 2006-2026,11
TOLIMA,Sufragantes,2018-06-01,PRESIDENCIA 2018 - 2,Presidencia 2V,2018,587860,Histórico 2006-2026,11
TOLIMA,Votos válidos,2018-06-01,PRESIDENCIA 2018 - 2,Presidencia 2V,2018,576940,Histórico 2006-2026,11
TOLIMA,Votos por candidatos,2018-06-01,PRESIDENCIA 2018 - 2,Presidencia 2V,2018,555234,Histórico 2006-2026,11
TOLIMA,Voto en blanco,2018-06-01,PRESIDENCIA 2018 - 2,Presidencia 2V,2018,21706,Histórico 2006-2026,11
TOLIMA,Votos nulos,2018-06-01,PRESIDENCIA 2018 - 2,Presidencia 2V,2018,9939,Histórico 2006-2026,11
TOLIMA,Votos no marcados,2018-06-01,PRESIDENCIA 2018 - 2,Presidencia 2V,2018,981,Histórico 2006-2026,11
VALLE,Potencial,2018-06-01,PRESIDENCIA 2018 - 2,Presidencia 2V,2018,3497035,Histórico 2006-2026,11
VALLE,Sufragantes,2018-06-01,PRESIDENCIA 2018 - 2,Presidencia 2V,2018,1746204,Histórico 2006-2026,11
VALLE,Votos válidos,2018-06-01,PRESIDENCIA 2018 - 2,Presidencia 2V,2018,1713969,Histórico 2006-2026,11
VALLE,Votos por candidatos,2018-06-01,PRESIDENCIA 2018 - 2,Presidencia 2V,2018,1635756,Histórico 2006-2026,11
VALLE,Voto en blanco,2018-06-01,PRESIDENCIA 2018 - 2,Presidencia 2V,2018,78213,Histórico 2006-2026,11
VALLE,Votos nulos,2018-06-01,PRESIDENCIA 2018 - 2,Presidencia 2V,2018,29949,Histórico 2006-2026,11
VALLE,Votos no marcados,2018-06-01,PRESIDENCIA 2018 - 2,Presidencia 2V,2018,2286,Histórico 2006-2026,11
VAUPES,Potencial,2018-06-01,PRESIDENCIA 2018 - 2,Presidencia 2V,2018,21719,Histórico 2006-2026,11
VAUPES,Sufragantes,2018-06-01,PRESIDENCIA 2018 - 2,Presidencia 2V,2018,8053,Histórico 2006-2026,11
VAUPES,Votos válidos,2018-06-01,PRESIDENCIA 2018 - 2,Presidencia 2V,2018,7987,Histórico 2006-2026,11
VAUPES,Votos por candidatos,2018-06-01,PRESIDENCIA 2018 - 2,Presidencia 2V,2018,7853,Histórico 2006-2026,11
VAUPES,Voto en blanco,2018-06-01,PRESIDENCIA 2018 - 2,Presidencia 2V,2018,134,Histórico 2006-2026,11
VAUPES,Votos nulos,2018-06-01,PRESIDENCIA 2018 - 2,Presidencia 2V,2018,56,Histórico 2006-2026,11
VAUPES,Votos no marcados,2018-06-01,PRESIDENCIA 2018 - 2,Presidencia 2V,2018,10,Histórico 2006-2026,11
VICHADA,Potencial,2018-06-01,PRESIDENCIA 2018 - 2,Presidencia 2V,2018,49340,Histórico 2006-2026,11
VICHADA,Sufragantes,2018-06-01,PRESIDENCIA 2018 - 2,Presidencia 2V,2018,16145,Histórico 2006-2026,11
VICHADA,Votos válidos,2018-06-01,PRESIDENCIA 2018 - 2,Presidencia 2V,2018,15969,Histórico 2006-2026,11
VICHADA,Votos por candidatos,2018-06-01,PRESIDENCIA 2018 - 2,Presidencia 2V,2018,15538,Histórico 2006-2026,11
VICHADA,Voto en blanco,2018-06-01,PRESIDENCIA 2018 - 2,Presidencia 2V,2018,431,Histórico 2006-2026,11
VICHADA,Votos nulos,2018-06-01,PRESIDENCIA 2018 - 2,Presidencia 2V,2018,145,Histórico 2006-2026,11
VICHADA,Votos no marcados,2018-06-01,PRESIDENCIA 2018 - 2,Presidencia 2V,2018,31,Histórico 2006-2026,11
AMAZONAS,Potencial,2022-03-01,CONGRESO 2022,Congreso,2022,51787,Histórico 2006-2026,12
AMAZONAS,Sufragantes,2022-03-01,CONGRESO 2022,Congreso,2022,26498,Histórico 2006-2026,12
AMAZONAS,Votos válidos,2022-03-01,CONGRESO 2022,Congreso,2022,25003,Histórico 2006-2026,12
AMAZONAS,Votos por candidatos,2022-03-01,CONGRESO 2022,Congreso,2022,23901,Histórico 2006-2026,12
AMAZONAS,Voto en blanco,2022-03-01,CONGRESO 2022,Congreso,2022,1102,Histórico 2006-2026,12
AMAZONAS,Votos nulos,2022-03-01,CONGRESO 2022,Congreso,2022,1099,Histórico 2006-2026,12
AMAZONAS,Votos no marcados,2022-03-01,CONGRESO 2022,Congreso,2022,396,Histórico 2006-2026,12
ANTIOQUIA,Potencial,2022-03-01,CONGRESO 2022,Congreso,2022,5066849,Histórico 2006-2026,12
ANTIOQUIA,Sufragantes,2022-03-01,CONGRESO 2022,Congreso,2022,2197192,Histórico 2006-2026,12
ANTIOQUIA,Votos válidos,2022-03-01,CONGRESO 2022,Congreso,2022,2029749,Histórico 2006-2026,12
ANTIOQUIA,Votos por candidatos,2022-03-01,CONGRESO 2022,Congreso,2022,1849079,Histórico 2006-2026,12
ANTIOQUIA,Voto en blanco,2022-03-01,CONGRESO 2022,Congreso,2022,180670,Histórico 2006-2026,12
ANTIOQUIA,Votos nulos,2022-03-01,CONGRESO 2022,Congreso,2022,103535,Histórico 2006-2026,12
ANTIOQUIA,Votos no marcados,2022-03-01,CONGRESO 2022,Congreso,2022,63908,Histórico 2006-2026,12
ARAUCA,Potencial,2022-03-01,CONGRESO 2022,Congreso,2022,212569,Histórico 2006-2026,12
ARAUCA,Sufragantes,2022-03-01,CONGRESO 2022,Congreso,2022,84790,Histórico 2006-2026,12
ARAUCA,Votos válidos,2022-03-01,CONGRESO 2022,Congreso,2022,76966,Histórico 2006-2026,12
ARAUCA,Votos por candidatos,2022-03-01,CONGRESO 2022,Congreso,2022,68066,Histórico 2006-2026,12
ARAUCA,Voto en blanco,2022-03-01,CONGRESO 2022,Congreso,2022,8900,Histórico 2006-2026,12
ARAUCA,Votos nulos,2022-03-01,CONGRESO 2022,Congreso,2022,5004,Histórico 2006-2026,12
ARAUCA,Votos no marcados,2022-03-01,CONGRESO 2022,Congreso,2022,2820,Histórico 2006-2026,12
ATLANTICO,Potencial,2022-03-01,CONGRESO 2022,Congreso,2022,2010688,Histórico 2006-2026,12
ATLANTICO,Sufragantes,2022-03-01,CONGRESO 2022,Congreso,2022,1034338,Histórico 2006-2026,12
ATLANTICO,Votos válidos,2022-03-01,CONGRESO 2022,Congreso,2022,951591,Histórico 2006-2026,12
ATLANTICO,Votos por candidatos,2022-03-01,CONGRESO 2022,Congreso,2022,895524,Histórico 2006-2026,12
ATLANTICO,Voto en blanco,2022-03-01,CONGRESO 2022,Congreso,2022,56067,Histórico 2006-2026,12
ATLANTICO,Votos nulos,2022-03-01,CONGRESO 2022,Congreso,2022,46914,Histórico 2006-2026,12
ATLANTICO,Votos no marcados,2022-03-01,CONGRESO 2022,Congreso,2022,35833,Histórico 2006-2026,12
BOGOTA D.C.,Potencial,2022-03-01,CONGRESO 2022,Congreso,2022,5967518,Histórico 2006-2026,12
BOGOTA D.C.,Sufragantes,2022-03-01,CONGRESO 2022,Congreso,2022,2775179,Histórico 2006-2026,12
BOGOTA D.C.,Votos válidos,2022-03-01,CONGRESO 2022,Congreso,2022,2659958,Histórico 2006-2026,12
BOGOTA D.C.,Votos por candidatos,2022-03-01,CONGRESO 2022,Congreso,2022,2428154,Histórico 2006-2026,12
BOGOTA D.C.,Voto en blanco,2022-03-01,CONGRESO 2022,Congreso,2022,231804,Histórico 2006-2026,12
BOGOTA D.C.,Votos nulos,2022-03-01,CONGRESO 2022,Congreso,2022,82948,Histórico 2006-2026,12
BOGOTA D.C.,Votos no marcados,2022-03-01,CONGRESO 2022,Congreso,2022,32273,Histórico 2006-2026,12
BOLIVAR,Potencial,2022-03-01,CONGRESO 2022,Congreso,2022,1689985,Histórico 2006-2026,12
BOLIVAR,Sufragantes,2022-03-01,CONGRESO 2022,Congreso,2022,843720,Histórico 2006-2026,12
BOLIVAR,Votos válidos,2022-03-01,CONGRESO 2022,Congreso,2022,766204,Histórico 2006-2026,12
BOLIVAR,Votos por candidatos,2022-03-01,CONGRESO 2022,Congreso,2022,730470,Histórico 2006-2026,12
BOLIVAR,Voto en blanco,2022-03-01,CONGRESO 2022,Congreso,2022,35734,Histórico 2006-2026,12
BOLIVAR,Votos nulos,2022-03-01,CONGRESO 2022,Congreso,2022,54586,Histórico 2006-2026,12
BOLIVAR,Votos no marcados,2022-03-01,CONGRESO 2022,Congreso,2022,22930,Histórico 2006-2026,12
BOYACA,Potencial,2022-03-01,CONGRESO 2022,Congreso,2022,995970,Histórico 2006-2026,12
BOYACA,Sufragantes,2022-03-01,CONGRESO 2022,Congreso,2022,496502,Histórico 2006-2026,12
BOYACA,Votos válidos,2022-03-01,CONGRESO 2022,Congreso,2022,457188,Histórico 2006-2026,12
BOYACA,Votos por candidatos,2022-03-01,CONGRESO 2022,Congreso,2022,427371,Histórico 2006-2026,12
BOYACA,Voto en blanco,2022-03-01,CONGRESO 2022,Congreso,2022,29817,Histórico 2006-2026,12
BOYACA,Votos nulos,2022-03-01,CONGRESO 2022,Congreso,2022,30071,Histórico 2006-2026,12
BOYACA,Votos no marcados,2022-03-01,CONGRESO 2022,Congreso,2022,9243,Histórico 2006-2026,12
CALDAS,Potencial,2022-03-01,CONGRESO 2022,Congreso,2022,810388,Histórico 2006-2026,12
CALDAS,Sufragantes,2022-03-01,CONGRESO 2022,Congreso,2022,383271,Histórico 2006-2026,12
CALDAS,Votos válidos,2022-03-01,CONGRESO 2022,Congreso,2022,344107,Histórico 2006-2026,12
CALDAS,Votos por candidatos,2022-03-01,CONGRESO 2022,Congreso,2022,313895,Histórico 2006-2026,12
CALDAS,Voto en blanco,2022-03-01,CONGRESO 2022,Congreso,2022,30212,Histórico 2006-2026,12
CALDAS,Votos nulos,2022-03-01,CONGRESO 2022,Congreso,2022,28166,Histórico 2006-2026,12
CALDAS,Votos no marcados,2022-03-01,CONGRESO 2022,Congreso,2022,10998,Histórico 2006-2026,12
CAQUETA,Potencial,2022-03-01,CONGRESO 2022,Congreso,2022,309902,Histórico 2006-2026,12
CAQUETA,Sufragantes,2022-03-01,CONGRESO 2022,Congreso,2022,120409,Histórico 2006-2026,12
CAQUETA,Votos válidos,2022-03-01,CONGRESO 2022,Congreso,2022,111294,Histórico 2006-2026,12
CAQUETA,Votos por candidatos,2022-03-01,CONGRESO 2022,Congreso,2022,103817,Histórico 2006-2026,12
CAQUETA,Voto en blanco,2022-03-01,CONGRESO 2022,Congreso,2022,7477,Histórico 2006-2026,12
CAQUETA,Votos nulos,2022-03-01,CONGRESO 2022,Congreso,2022,5989,Histórico 2006-2026,12
CAQUETA,Votos no marcados,2022-03-01,CONGRESO 2022,Congreso,2022,3126,Histórico 2006-2026,12
CASANARE,Potencial,2022-03-01,CONGRESO 2022,Congreso,2022,303705,Histórico 2006-2026,12
CASANARE,Sufragantes,2022-03-01,CONGRESO 2022,Congreso,2022,151180,Histórico 2006-2026,12
CASANARE,Votos válidos,2022-03-01,CONGRESO 2022,Congreso,2022,136982,Histórico 2006-2026,12
CASANARE,Votos por candidatos,2022-03-01,CONGRESO 2022,Congreso,2022,127022,Histórico 2006-2026,12
CASANARE,Voto en blanco,2022-03-01,CONGRESO 2022,Congreso,2022,9960,Histórico 2006-2026,12
CASANARE,Votos nulos,2022-03-01,CONGRESO 2022,Congreso,2022,10547,Histórico 2006-2026,12
CASANARE,Votos no marcados,2022-03-01,CONGRESO 2022,Congreso,2022,3651,Histórico 2006-2026,12
CAUCA,Potencial,2022-03-01,CONGRESO 2022,Congreso,2022,1019110,Histórico 2006-2026,12
CAUCA,Sufragantes,2022-03-01,CONGRESO 2022,Congreso,2022,391430,Histórico 2006-2026,12
CAUCA,Votos válidos,2022-03-01,CONGRESO 2022,Congreso,2022,357467,Histórico 2006-2026,12
CAUCA,Votos por candidatos,2022-03-01,CONGRESO 2022,Congreso,2022,336061,Histórico 2006-2026,12
CAUCA,Voto en blanco,2022-03-01,CONGRESO 2022,Congreso,2022,21406,Histórico 2006-2026,12
CAUCA,Votos nulos,2022-03-01,CONGRESO 2022,Congreso,2022,20532,Histórico 2006-2026,12
CAUCA,Votos no marcados,2022-03-01,CONGRESO 2022,Congreso,2022,13431,Histórico 2006-2026,12
CESAR,Potencial,2022-03-01,CONGRESO 2022,Congreso,2022,868429,Histórico 2006-2026,12
CESAR,Sufragantes,2022-03-01,CONGRESO 2022,Congreso,2022,414871,Histórico 2006-2026,12
CESAR,Votos válidos,2022-03-01,CONGRESO 2022,Congreso,2022,382429,Histórico 2006-2026,12
CESAR,Votos por candidatos,2022-03-01,CONGRESO 2022,Congreso,2022,365210,Histórico 2006-2026,12
CESAR,Voto en blanco,2022-03-01,CONGRESO 2022,Congreso,2022,17219,Histórico 2006-2026,12
CESAR,Votos nulos,2022-03-01,CONGRESO 2022,Congreso,2022,22768,Histórico 2006-2026,12
CESAR,Votos no marcados,2022-03-01,CONGRESO 2022,Congreso,2022,9674,Histórico 2006-2026,12
CHOCO,Potencial,2022-03-01,CONGRESO 2022,Congreso,2022,333056,Histórico 2006-2026,12
CHOCO,Sufragantes,2022-03-01,CONGRESO 2022,Congreso,2022,160835,Histórico 2006-2026,12
CHOCO,Votos válidos,2022-03-01,CONGRESO 2022,Congreso,2022,144815,Histórico 2006-2026,12
CHOCO,Votos por candidatos,2022-03-01,CONGRESO 2022,Congreso,2022,140811,Histórico 2006-2026,12
CHOCO,Voto en blanco,2022-03-01,CONGRESO 2022,Congreso,2022,4004,Histórico 2006-2026,12
CHOCO,Votos nulos,2022-03-01,CONGRESO 2022,Congreso,2022,11455,Histórico 2006-2026,12
CHOCO,Votos no marcados,2022-03-01,CONGRESO 2022,Congreso,2022,4565,Histórico 2006-2026,12
CONSULADOS,Potencial,2022-03-01,CONGRESO 2022,Congreso,2022,908566,Histórico 2006-2026,12
CONSULADOS,Sufragantes,2022-03-01,CONGRESO 2022,Congreso,2022,108927,Histórico 2006-2026,12
CONSULADOS,Votos válidos,2022-03-01,CONGRESO 2022,Congreso,2022,107528,Histórico 2006-2026,12
CONSULADOS,Votos por candidatos,2022-03-01,CONGRESO 2022,Congreso,2022,102238,Histórico 2006-2026,12
CONSULADOS,Voto en blanco,2022-03-01,CONGRESO 2022,Congreso,2022,5290,Histórico 2006-2026,12
CONSULADOS,Votos nulos,2022-03-01,CONGRESO 2022,Congreso,2022,824,Histórico 2006-2026,12
CONSULADOS,Votos no marcados,2022-03-01,CONGRESO 2022,Congreso,2022,575,Histórico 2006-2026,12
CORDOBA,Potencial,2022-03-01,CONGRESO 2022,Congreso,2022,1319790,Histórico 2006-2026,12
CORDOBA,Sufragantes,2022-03-01,CONGRESO 2022,Congreso,2022,813569,Histórico 2006-2026,12
CORDOBA,Votos válidos,2022-03-01,CONGRESO 2022,Congreso,2022,761666,Histórico 2006-2026,12
CORDOBA,Votos por candidatos,2022-03-01,CONGRESO 2022,Congreso,2022,743032,Histórico 2006-2026,12
CORDOBA,Voto en blanco,2022-03-01,CONGRESO 2022,Congreso,2022,18634,Histórico 2006-2026,12
CORDOBA,Votos nulos,2022-03-01,CONGRESO 2022,Congreso,2022,35719,Histórico 2006-2026,12
CORDOBA,Votos no marcados,2022-03-01,CONGRESO 2022,Congreso,2022,16184,Histórico 2006-2026,12
CUNDINAMARCA,Potencial,2022-03-01,CONGRESO 2022,Congreso,2022,2070075,Histórico 2006-2026,12
CUNDINAMARCA,Sufragantes,2022-03-01,CONGRESO 2022,Congreso,2022,981753,Histórico 2006-2026,12
CUNDINAMARCA,Votos válidos,2022-03-01,CONGRESO 2022,Congreso,2022,906426,Histórico 2006-2026,12
CUNDINAMARCA,Votos por candidatos,2022-03-01,CONGRESO 2022,Congreso,2022,820347,Histórico 2006-2026,12
CUNDINAMARCA,Voto en blanco,2022-03-01,CONGRESO 2022,Congreso,2022,86079,Histórico 2006-2026,12
CUNDINAMARCA,Votos nulos,2022-03-01,CONGRESO 2022,Congreso,2022,60229,Histórico 2006-2026,12
CUNDINAMARCA,Votos no marcados,2022-03-01,CONGRESO 2022,Congreso,2022,15098,Histórico 2006-2026,12
GUAINIA,Potencial,2022-03-01,CONGRESO 2022,Congreso,2022,31894,Histórico 2006-2026,12
GUAINIA,Sufragantes,2022-03-01,CONGRESO 2022,Congreso,2022,18435,Histórico 2006-2026,12
GUAINIA,Votos válidos,2022-03-01,CONGRESO 2022,Congreso,2022,17697,Histórico 2006-2026,12
GUAINIA,Votos por candidatos,2022-03-01,CONGRESO 2022,Congreso,2022,17311,Histórico 2006-2026,12
GUAINIA,Voto en blanco,2022-03-01,CONGRESO 2022,Congreso,2022,386,Histórico 2006-2026,12
GUAINIA,Votos nulos,2022-03-01,CONGRESO 2022,Congreso,2022,484,Histórico 2006-2026,12
GUAINIA,Votos no marcados,2022-03-01,CONGRESO 2022,Congreso,2022,254,Histórico 2006-2026,12
GUAVIARE,Potencial,2022-03-01,CONGRESO 2022,Congreso,2022,64710,Histórico 2006-2026,12
GUAVIARE,Sufragantes,2022-03-01,CONGRESO 2022,Congreso,2022,31680,Histórico 2006-2026,12
GUAVIARE,Votos válidos,2022-03-01,CONGRESO 2022,Congreso,2022,29318,Histórico 2006-2026,12
GUAVIARE,Votos por candidatos,2022-03-01,CONGRESO 2022,Congreso,2022,27949,Histórico 2006-2026,12
GUAVIARE,Voto en blanco,2022-03-01,CONGRESO 2022,Congreso,2022,1369,Histórico 2006-2026,12
GUAVIARE,Votos nulos,2022-03-01,CONGRESO 2022,Congreso,2022,1685,Histórico 2006-2026,12
GUAVIARE,Votos no marcados,2022-03-01,CONGRESO 2022,Congreso,2022,677,Histórico 2006-2026,12
HUILA,Potencial,2022-03-01,CONGRESO 2022,Congreso,2022,880047,Histórico 2006-2026,12
HUILA,Sufragantes,2022-03-01,CONGRESO 2022,Congreso,2022,390118,Histórico 2006-2026,12
HUILA,Votos válidos,2022-03-01,CONGRESO 2022,Congreso,2022,361522,Histórico 2006-2026,12
HUILA,Votos por candidatos,2022-03-01,CONGRESO 2022,Congreso,2022,334511,Histórico 2006-2026,12
HUILA,Voto en blanco,2022-03-01,CONGRESO 2022,Congreso,2022,27011,Histórico 2006-2026,12
HUILA,Votos nulos,2022-03-01,CONGRESO 2022,Congreso,2022,20926,Histórico 2006-2026,12
HUILA,Votos no marcados,2022-03-01,CONGRESO 2022,Congreso,2022,7670,Histórico 2006-2026,12
LA GUAJIRA,Potencial,2022-03-01,CONGRESO 2022,Congreso,2022,643843,Histórico 2006-2026,12
LA GUAJIRA,Sufragantes,2022-03-01,CONGRESO 2022,Congreso,2022,297588,Histórico 2006-2026,12
LA GUAJIRA,Votos válidos,2022-03-01,CONGRESO 2022,Congreso,2022,270218,Histórico 2006-2026,12
LA GUAJIRA,Votos por candidatos,2022-03-01,CONGRESO 2022,Congreso,2022,263640,Histórico 2006-2026,12
LA GUAJIRA,Voto en blanco,2022-03-01,CONGRESO 2022,Congreso,2022,6578,Histórico 2006-2026,12
LA GUAJIRA,Votos nulos,2022-03-01,CONGRESO 2022,Congreso,2022,21000,Histórico 2006-2026,12
LA GUAJIRA,Votos no marcados,2022-03-01,CONGRESO 2022,Congreso,2022,6370,Histórico 2006-2026,12
MAGDALENA,Potencial,2022-03-01,CONGRESO 2022,Congreso,2022,1022508,Histórico 2006-2026,12
MAGDALENA,Sufragantes,2022-03-01,CONGRESO 2022,Congreso,2022,524327,Histórico 2006-2026,12
MAGDALENA,Votos válidos,2022-03-01,CONGRESO 2022,Congreso,2022,487862,Histórico 2006-2026,12
MAGDALENA,Votos por candidatos,2022-03-01,CONGRESO 2022,Congreso,2022,473077,Histórico 2006-2026,12
MAGDALENA,Voto en blanco,2022-03-01,CONGRESO 2022,Congreso,2022,14785,Histórico 2006-2026,12
MAGDALENA,Votos nulos,2022-03-01,CONGRESO 2022,Congreso,2022,26170,Histórico 2006-2026,12
MAGDALENA,Votos no marcados,2022-03-01,CONGRESO 2022,Congreso,2022,10295,Histórico 2006-2026,12
META,Potencial,2022-03-01,CONGRESO 2022,Congreso,2022,780856,Histórico 2006-2026,12
META,Sufragantes,2022-03-01,CONGRESO 2022,Congreso,2022,358676,Histórico 2006-2026,12
META,Votos válidos,2022-03-01,CONGRESO 2022,Congreso,2022,327783,Histórico 2006-2026,12
META,Votos por candidatos,2022-03-01,CONGRESO 2022,Congreso,2022,293889,Histórico 2006-2026,12
META,Voto en blanco,2022-03-01,CONGRESO 2022,Congreso,2022,33894,Histórico 2006-2026,12
META,Votos nulos,2022-03-01,CONGRESO 2022,Congreso,2022,22061,Histórico 2006-2026,12
META,Votos no marcados,2022-03-01,CONGRESO 2022,Congreso,2022,8832,Histórico 2006-2026,12
NARIÑO,Potencial,2022-03-01,CONGRESO 2022,Congreso,2022,1179842,Histórico 2006-2026,12
NARIÑO,Sufragantes,2022-03-01,CONGRESO 2022,Congreso,2022,574934,Histórico 2006-2026,12
NARIÑO,Votos válidos,2022-03-01,CONGRESO 2022,Congreso,2022,533931,Histórico 2006-2026,12
NARIÑO,Votos por candidatos,2022-03-01,CONGRESO 2022,Congreso,2022,508168,Histórico 2006-2026,12
NARIÑO,Voto en blanco,2022-03-01,CONGRESO 2022,Congreso,2022,25763,Histórico 2006-2026,12
NARIÑO,Votos nulos,2022-03-01,CONGRESO 2022,Congreso,2022,29519,Histórico 2006-2026,12
NARIÑO,Votos no marcados,2022-03-01,CONGRESO 2022,Congreso,2022,11484,Histórico 2006-2026,12
NORTE DE SAN,Potencial,2022-03-01,CONGRESO 2022,Congreso,2022,1296763,Histórico 2006-2026,12
NORTE DE SAN,Sufragantes,2022-03-01,CONGRESO 2022,Congreso,2022,241713,Histórico 2006-2026,12
NORTE DE SAN,Votos válidos,2022-03-01,CONGRESO 2022,Congreso,2022,550891,Histórico 2006-2026,12
NORTE DE SAN,Votos por candidatos,2022-03-01,CONGRESO 2022,Congreso,2022,511566,Histórico 2006-2026,12
NORTE DE SAN,Voto en blanco,2022-03-01,CONGRESO 2022,Congreso,2022,39325,Histórico 2006-2026,12
NORTE DE SAN,Votos nulos,2022-03-01,CONGRESO 2022,Congreso,2022,35959,Histórico 2006-2026,12
NORTE DE SAN,Votos no marcados,2022-03-01,CONGRESO 2022,Congreso,2022,13198,Histórico 2006-2026,12
PUTUMAYO,Potencial,2022-03-01,CONGRESO 2022,Congreso,2022,241713,Histórico 2006-2026,12
PUTUMAYO,Sufragantes,2022-03-01,CONGRESO 2022,Congreso,2022,94097,Histórico 2006-2026,12
PUTUMAYO,Votos válidos,2022-03-01,CONGRESO 2022,Congreso,2022,87552,Histórico 2006-2026,12
PUTUMAYO,Votos por candidatos,2022-03-01,CONGRESO 2022,Congreso,2022,83368,Histórico 2006-2026,12
PUTUMAYO,Voto en blanco,2022-03-01,CONGRESO 2022,Congreso,2022,4184,Histórico 2006-2026,12
PUTUMAYO,Votos nulos,2022-03-01,CONGRESO 2022,Congreso,2022,4272,Histórico 2006-2026,12
PUTUMAYO,Votos no marcados,2022-03-01,CONGRESO 2022,Congreso,2022,2273,Histórico 2006-2026,12
QUINDIO,Potencial,2022-03-01,CONGRESO 2022,Congreso,2022,487801,Histórico 2006-2026,12
QUINDIO,Sufragantes,2022-03-01,CONGRESO 2022,Congreso,2022,217616,Histórico 2006-2026,12
QUINDIO,Votos válidos,2022-03-01,CONGRESO 2022,Congreso,2022,197636,Histórico 2006-2026,12
QUINDIO,Votos por candidatos,2022-03-01,CONGRESO 2022,Congreso,2022,174592,Histórico 2006-2026,12
QUINDIO,Voto en blanco,2022-03-01,CONGRESO 2022,Congreso,2022,23044,Histórico 2006-2026,12
QUINDIO,Votos nulos,2022-03-01,CONGRESO 2022,Congreso,2022,14199,Histórico 2006-2026,12
QUINDIO,Votos no marcados,2022-03-01,CONGRESO 2022,Congreso,2022,5781,Histórico 2006-2026,12
RISARALDA,Potencial,2022-03-01,CONGRESO 2022,Congreso,2022,833603,Histórico 2006-2026,12
RISARALDA,Sufragantes,2022-03-01,CONGRESO 2022,Congreso,2022,373062,Histórico 2006-2026,12
RISARALDA,Votos válidos,2022-03-01,CONGRESO 2022,Congreso,2022,339478,Histórico 2006-2026,12
RISARALDA,Votos por candidatos,2022-03-01,CONGRESO 2022,Congreso,2022,309517,Histórico 2006-2026,12
RISARALDA,Voto en blanco,2022-03-01,CONGRESO 2022,Congreso,2022,29961,Histórico 2006-2026,12
RISARALDA,Votos nulos,2022-03-01,CONGRESO 2022,Congreso,2022,22339,Histórico 2006-2026,12
RISARALDA,Votos no marcados,2022-03-01,CONGRESO 2022,Congreso,2022,11245,Histórico 2006-2026,12
SAN ANDRES,Potencial,2022-03-01,CONGRESO 2022,Congreso,2022,51358,Histórico 2006-2026,12
SAN ANDRES,Sufragantes,2022-03-01,CONGRESO 2022,Congreso,2022,25365,Histórico 2006-2026,12
SAN ANDRES,Votos válidos,2022-03-01,CONGRESO 2022,Congreso,2022,23969,Histórico 2006-2026,12
SAN ANDRES,Votos por candidatos,2022-03-01,CONGRESO 2022,Congreso,2022,22369,Histórico 2006-2026,12
SAN ANDRES,Voto en blanco,2022-03-01,CONGRESO 2022,Congreso,2022,1600,Histórico 2006-2026,12
SAN ANDRES,Votos nulos,2022-03-01,CONGRESO 2022,Congreso,2022,803,Histórico 2006-2026,12
SAN ANDRES,Votos no marcados,2022-03-01,CONGRESO 2022,Congreso,2022,593,Histórico 2006-2026,12
SANTANDER,Potencial,2022-03-01,CONGRESO 2022,Congreso,2022,1772930,Histórico 2006-2026,12
SANTANDER,Sufragantes,2022-03-01,CONGRESO 2022,Congreso,2022,860307,Histórico 2006-2026,12
SANTANDER,Votos válidos,2022-03-01,CONGRESO 2022,Congreso,2022,809547,Histórico 2006-2026,12
SANTANDER,Votos por candidatos,2022-03-01,CONGRESO 2022,Congreso,2022,768072,Histórico 2006-2026,12
SANTANDER,Voto en blanco,2022-03-01,CONGRESO 2022,Congreso,2022,41475,Histórico 2006-2026,12
SANTANDER,Votos nulos,2022-03-01,CONGRESO 2022,Congreso,2022,38189,Histórico 2006-2026,12
SANTANDER,Votos no marcados,2022-03-01,CONGRESO 2022,Congreso,2022,12571,Histórico 2006-2026,12
SUCRE,Potencial,2022-03-01,CONGRESO 2022,Congreso,2022,731032,Histórico 2006-2026,12
SUCRE,Sufragantes,2022-03-01,CONGRESO 2022,Congreso,2022,464689,Histórico 2006-2026,12
SUCRE,Votos válidos,2022-03-01,CONGRESO 2022,Congreso,2022,430323,Histórico 2006-2026,12
SUCRE,Votos por candidatos,2022-03-01,CONGRESO 2022,Congreso,2022,419248,Histórico 2006-2026,12
SUCRE,Voto en blanco,2022-03-01,CONGRESO 2022,Congreso,2022,11075,Histórico 2006-2026,12
SUCRE,Votos nulos,2022-03-01,CONGRESO 2022,Congreso,2022,23804,Histórico 2006-2026,12
SUCRE,Votos no marcados,2022-03-01,CONGRESO 2022,Congreso,2022,10562,Histórico 2006-2026,12
TOLIMA,Potencial,2022-03-01,CONGRESO 2022,Congreso,2022,1116617,Histórico 2006-2026,12
TOLIMA,Sufragantes,2022-03-01,CONGRESO 2022,Congreso,2022,502690,Histórico 2006-2026,12
TOLIMA,Votos válidos,2022-03-01,CONGRESO 2022,Congreso,2022,456652,Histórico 2006-2026,12
TOLIMA,Votos por candidatos,2022-03-01,CONGRESO 2022,Congreso,2022,427167,Histórico 2006-2026,12
TOLIMA,Voto en blanco,2022-03-01,CONGRESO 2022,Congreso,2022,29485,Histórico 2006-2026,12
TOLIMA,Votos nulos,2022-03-01,CONGRESO 2022,Congreso,2022,34557,Histórico 2006-2026,12
TOLIMA,Votos no marcados,2022-03-01,CONGRESO 2022,Congreso,2022,11481,Histórico 2006-2026,12
VALLE,Potencial,2022-03-01,CONGRESO 2022,Congreso,2022,3669369,Histórico 2006-2026,12
VALLE,Sufragantes,2022-03-01,CONGRESO 2022,Congreso,2022,1563888,Histórico 2006-2026,12
VALLE,Votos válidos,2022-03-01,CONGRESO 2022,Congreso,2022,1473640,Histórico 2006-2026,12
VALLE,Votos por candidatos,2022-03-01,CONGRESO 2022,Congreso,2022,1395214,Histórico 2006-2026,12
VALLE,Voto en blanco,2022-03-01,CONGRESO 2022,Congreso,2022,78426,Histórico 2006-2026,12
VALLE,Votos nulos,2022-03-01,CONGRESO 2022,Congreso,2022,64837,Histórico 2006-2026,12
VALLE,Votos no marcados,2022-03-01,CONGRESO 2022,Congreso,2022,25411,Histórico 2006-2026,12
VAUPES,Potencial,2022-03-01,CONGRESO 2022,Congreso,2022,23382,Histórico 2006-2026,12
VAUPES,Sufragantes,2022-03-01,CONGRESO 2022,Congreso,2022,12880,Histórico 2006-2026,12
VAUPES,Votos válidos,2022-03-01,CONGRESO 2022,Congreso,2022,12257,Histórico 2006-2026,12
VAUPES,Votos por candidatos,2022-03-01,CONGRESO 2022,Congreso,2022,12050,Histórico 2006-2026,12
VAUPES,Voto en blanco,2022-03-01,CONGRESO 2022,Congreso,2022,207,Histórico 2006-2026,12
VAUPES,Votos nulos,2022-03-01,CONGRESO 2022,Congreso,2022,472,Histórico 2006-2026,12
VAUPES,Votos no marcados,2022-03-01,CONGRESO 2022,Congreso,2022,151,Histórico 2006-2026,12
VICHADA,Potencial,2022-03-01,CONGRESO 2022,Congreso,2022,53219,Histórico 2006-2026,12
VICHADA,Sufragantes,2022-03-01,CONGRESO 2022,Congreso,2022,26162,Histórico 2006-2026,12
VICHADA,Votos válidos,2022-03-01,CONGRESO 2022,Congreso,2022,24510,Histórico 2006-2026,12
VICHADA,Votos por candidatos,2022-03-01,CONGRESO 2022,Congreso,2022,23969,Histórico 2006-2026,12
VICHADA,Voto en blanco,2022-03-01,CONGRESO 2022,Congreso,2022,541,Histórico 2006-2026,12
VICHADA,Votos nulos,2022-03-01,CONGRESO 2022,Congreso,2022,1172,Histórico 2006-2026,12
VICHADA,Votos no marcados,2022-03-01,CONGRESO 2022,Congreso,2022,480,Histórico 2006-2026,12
AMAZONAS,Potencial,2022-05-01,PRESIDENCIA 2022 - 1,Presidencia 1V,2022,52026,Histórico 2006-2026,13
AMAZONAS,Sufragantes,2022-05-01,PRESIDENCIA 2022 - 1,Presidencia 1V,2022,22377,Histórico 2006-2026,13
AMAZONAS,Votos válidos,2022-05-01,PRESIDENCIA 2022 - 1,Presidencia 1V,2022,22078,Histórico 2006-2026,13
AMAZONAS,Votos por candidatos,2022-05-01,PRESIDENCIA 2022 - 1,Presidencia 1V,2022,21686,Histórico 2006-2026,13
AMAZONAS,Voto en blanco,2022-05-01,PRESIDENCIA 2022 - 1,Presidencia 1V,2022,392,Histórico 2006-2026,13
AMAZONAS,Votos nulos,2022-05-01,PRESIDENCIA 2022 - 1,Presidencia 1V,2022,218,Histórico 2006-2026,13
AMAZONAS,Votos no marcados,2022-05-01,PRESIDENCIA 2022 - 1,Presidencia 1V,2022,81,Histórico 2006-2026,13
ANTIOQUIA,Potencial,2022-05-01,PRESIDENCIA 2022 - 1,Presidencia 1V,2022,5090652,Histórico 2006-2026,13
ANTIOQUIA,Sufragantes,2022-05-01,PRESIDENCIA 2022 - 1,Presidencia 1V,2022,2878506,Histórico 2006-2026,13
ANTIOQUIA,Votos válidos,2022-05-01,PRESIDENCIA 2022 - 1,Presidencia 1V,2022,2839983,Histórico 2006-2026,13
ANTIOQUIA,Votos por candidatos,2022-05-01,PRESIDENCIA 2022 - 1,Presidencia 1V,2022,2781785,Histórico 2006-2026,13
ANTIOQUIA,Voto en blanco,2022-05-01,PRESIDENCIA 2022 - 1,Presidencia 1V,2022,58198,Histórico 2006-2026,13
ANTIOQUIA,Votos nulos,2022-05-01,PRESIDENCIA 2022 - 1,Presidencia 1V,2022,34265,Histórico 2006-2026,13
ANTIOQUIA,Votos no marcados,2022-05-01,PRESIDENCIA 2022 - 1,Presidencia 1V,2022,4258,Histórico 2006-2026,13
ARAUCA,Potencial,2022-05-01,PRESIDENCIA 2022 - 1,Presidencia 1V,2022,213568,Histórico 2006-2026,13
ARAUCA,Sufragantes,2022-05-01,PRESIDENCIA 2022 - 1,Presidencia 1V,2022,98259,Histórico 2006-2026,13
ARAUCA,Votos válidos,2022-05-01,PRESIDENCIA 2022 - 1,Presidencia 1V,2022,96817,Histórico 2006-2026,13
ARAUCA,Votos por candidatos,2022-05-01,PRESIDENCIA 2022 - 1,Presidencia 1V,2022,95171,Histórico 2006-2026,13
ARAUCA,Voto en blanco,2022-05-01,PRESIDENCIA 2022 - 1,Presidencia 1V,2022,1646,Histórico 2006-2026,13
ARAUCA,Votos nulos,2022-05-01,PRESIDENCIA 2022 - 1,Presidencia 1V,2022,1211,Histórico 2006-2026,13
ARAUCA,Votos no marcados,2022-05-01,PRESIDENCIA 2022 - 1,Presidencia 1V,2022,231,Histórico 2006-2026,13
ATLANTICO,Potencial,2022-05-01,PRESIDENCIA 2022 - 1,Presidencia 1V,2022,2020134,Histórico 2006-2026,13
ATLANTICO,Sufragantes,2022-05-01,PRESIDENCIA 2022 - 1,Presidencia 1V,2022,882159,Histórico 2006-2026,13
ATLANTICO,Votos válidos,2022-05-01,PRESIDENCIA 2022 - 1,Presidencia 1V,2022,876267,Histórico 2006-2026,13
ATLANTICO,Votos por candidatos,2022-05-01,PRESIDENCIA 2022 - 1,Presidencia 1V,2022,863401,Histórico 2006-2026,13
ATLANTICO,Voto en blanco,2022-05-01,PRESIDENCIA 2022 - 1,Presidencia 1V,2022,12866,Histórico 2006-2026,13
ATLANTICO,Votos nulos,2022-05-01,PRESIDENCIA 2022 - 1,Presidencia 1V,2022,5088,Histórico 2006-2026,13
ATLANTICO,Votos no marcados,2022-05-01,PRESIDENCIA 2022 - 1,Presidencia 1V,2022,804,Histórico 2006-2026,13
BOGOTA D.C.,Potencial,2022-05-01,PRESIDENCIA 2022 - 1,Presidencia 1V,2022,5995552,Histórico 2006-2026,13
BOGOTA D.C.,Sufragantes,2022-05-01,PRESIDENCIA 2022 - 1,Presidencia 1V,2022,3801013,Histórico 2006-2026,13
BOGOTA D.C.,Votos válidos,2022-05-01,PRESIDENCIA 2022 - 1,Presidencia 1V,2022,3765589,Histórico 2006-2026,13
BOGOTA D.C.,Votos por candidatos,2022-05-01,PRESIDENCIA 2022 - 1,Presidencia 1V,2022,3692144,Histórico 2006-2026,13
BOGOTA D.C.,Voto en blanco,2022-05-01,PRESIDENCIA 2022 - 1,Presidencia 1V,2022,73445,Histórico 2006-2026,13
BOGOTA D.C.,Votos nulos,2022-05-01,PRESIDENCIA 2022 - 1,Presidencia 1V,2022,34014,Histórico 2006-2026,13
BOGOTA D.C.,Votos no marcados,2022-05-01,PRESIDENCIA 2022 - 1,Presidencia 1V,2022,1410,Histórico 2006-2026,13
BOLIVAR,Potencial,2022-05-01,PRESIDENCIA 2022 - 1,Presidencia 1V,2022,1697924,Histórico 2006-2026,13
BOLIVAR,Sufragantes,2022-05-01,PRESIDENCIA 2022 - 1,Presidencia 1V,2022,726509,Histórico 2006-2026,13
BOLIVAR,Votos válidos,2022-05-01,PRESIDENCIA 2022 - 1,Presidencia 1V,2022,720295,Histórico 2006-2026,13
BOLIVAR,Votos por candidatos,2022-05-01,PRESIDENCIA 2022 - 1,Presidencia 1V,2022,707755,Histórico 2006-2026,13
BOLIVAR,Voto en blanco,2022-05-01,PRESIDENCIA 2022 - 1,Presidencia 1V,2022,12540,Histórico 2006-2026,13
BOLIVAR,Votos nulos,2022-05-01,PRESIDENCIA 2022 - 1,Presidencia 1V,2022,5120,Histórico 2006-2026,13
BOLIVAR,Votos no marcados,2022-05-01,PRESIDENCIA 2022 - 1,Presidencia 1V,2022,1094,Histórico 2006-2026,13
BOYACA,Potencial,2022-05-01,PRESIDENCIA 2022 - 1,Presidencia 1V,2022,1000649,Histórico 2006-2026,13
BOYACA,Sufragantes,2022-05-01,PRESIDENCIA 2022 - 1,Presidencia 1V,2022,630570,Histórico 2006-2026,13
BOYACA,Votos válidos,2022-05-01,PRESIDENCIA 2022 - 1,Presidencia 1V,2022,623711,Histórico 2006-2026,13
BOYACA,Votos por candidatos,2022-05-01,PRESIDENCIA 2022 - 1,Presidencia 1V,2022,615668,Histórico 2006-2026,13
BOYACA,Voto en blanco,2022-05-01,PRESIDENCIA 2022 - 1,Presidencia 1V,2022,8043,Histórico 2006-2026,13
BOYACA,Votos nulos,2022-05-01,PRESIDENCIA 2022 - 1,Presidencia 1V,2022,6063,Histórico 2006-2026,13
BOYACA,Votos no marcados,2022-05-01,PRESIDENCIA 2022 - 1,Presidencia 1V,2022,796,Histórico 2006-2026,13
CALDAS,Potencial,2022-05-01,PRESIDENCIA 2022 - 1,Presidencia 1V,2022,814195,Histórico 2006-2026,13
CALDAS,Sufragantes,2022-05-01,PRESIDENCIA 2022 - 1,Presidencia 1V,2022,476411,Histórico 2006-2026,13
CALDAS,Votos válidos,2022-05-01,PRESIDENCIA 2022 - 1,Presidencia 1V,2022,464207,Histórico 2006-2026,13
CALDAS,Votos por candidatos,2022-05-01,PRESIDENCIA 2022 - 1,Presidencia 1V,2022,453749,Histórico 2006-2026,13
CALDAS,Voto en blanco,2022-05-01,PRESIDENCIA 2022 - 1,Presidencia 1V,2022,10458,Histórico 2006-2026,13
CALDAS,Votos nulos,2022-05-01,PRESIDENCIA 2022 - 1,Presidencia 1V,2022,10809,Histórico 2006-2026,13
CALDAS,Votos no marcados,2022-05-01,PRESIDENCIA 2022 - 1,Presidencia 1V,2022,1395,Histórico 2006-2026,13
CAQUETA,Potencial,2022-05-01,PRESIDENCIA 2022 - 1,Presidencia 1V,2022,311358,Histórico 2006-2026,13
CAQUETA,Sufragantes,2022-05-01,PRESIDENCIA 2022 - 1,Presidencia 1V,2022,144223,Histórico 2006-2026,13
CAQUETA,Votos válidos,2022-05-01,PRESIDENCIA 2022 - 1,Presidencia 1V,2022,142065,Histórico 2006-2026,13
CAQUETA,Votos por candidatos,2022-05-01,PRESIDENCIA 2022 - 1,Presidencia 1V,2022,139000,Histórico 2006-2026,13
CAQUETA,Voto en blanco,2022-05-01,PRESIDENCIA 2022 - 1,Presidencia 1V,2022,3065,Histórico 2006-2026,13
CAQUETA,Votos nulos,2022-05-01,PRESIDENCIA 2022 - 1,Presidencia 1V,2022,1830,Histórico 2006-2026,13
CAQUETA,Votos no marcados,2022-05-01,PRESIDENCIA 2022 - 1,Presidencia 1V,2022,328,Histórico 2006-2026,13
CASANARE,Potencial,2022-05-01,PRESIDENCIA 2022 - 1,Presidencia 1V,2022,305132,Histórico 2006-2026,13
CASANARE,Sufragantes,2022-05-01,PRESIDENCIA 2022 - 1,Presidencia 1V,2022,199288,Histórico 2006-2026,13
CASANARE,Votos válidos,2022-05-01,PRESIDENCIA 2022 - 1,Presidencia 1V,2022,197082,Histórico 2006-2026,13
CASANARE,Votos por candidatos,2022-05-01,PRESIDENCIA 2022 - 1,Presidencia 1V,2022,194825,Histórico 2006-2026,13
CASANARE,Voto en blanco,2022-05-01,PRESIDENCIA 2022 - 1,Presidencia 1V,2022,2257,Histórico 2006-2026,13
CASANARE,Votos nulos,2022-05-01,PRESIDENCIA 2022 - 1,Presidencia 1V,2022,1987,Histórico 2006-2026,13
CASANARE,Votos no marcados,2022-05-01,PRESIDENCIA 2022 - 1,Presidencia 1V,2022,219,Histórico 2006-2026,13
CAUCA,Potencial,2022-05-01,PRESIDENCIA 2022 - 1,Presidencia 1V,2022,1023897,Histórico 2006-2026,13
CAUCA,Sufragantes,2022-05-01,PRESIDENCIA 2022 - 1,Presidencia 1V,2022,569356,Histórico 2006-2026,13
CAUCA,Votos válidos,2022-05-01,PRESIDENCIA 2022 - 1,Presidencia 1V,2022,556044,Histórico 2006-2026,13
CAUCA,Votos por candidatos,2022-05-01,PRESIDENCIA 2022 - 1,Presidencia 1V,2022,545345,Histórico 2006-2026,13
CAUCA,Voto en blanco,2022-05-01,PRESIDENCIA 2022 - 1,Presidencia 1V,2022,10699,Histórico 2006-2026,13
CAUCA,Votos nulos,2022-05-01,PRESIDENCIA 2022 - 1,Presidencia 1V,2022,11473,Histórico 2006-2026,13
CAUCA,Votos no marcados,2022-05-01,PRESIDENCIA 2022 - 1,Presidencia 1V,2022,1839,Histórico 2006-2026,13
CESAR,Potencial,2022-05-01,PRESIDENCIA 2022 - 1,Presidencia 1V,2022,872509,Histórico 2006-2026,13
CESAR,Sufragantes,2022-05-01,PRESIDENCIA 2022 - 1,Presidencia 1V,2022,438530,Histórico 2006-2026,13
CESAR,Votos válidos,2022-05-01,PRESIDENCIA 2022 - 1,Presidencia 1V,2022,433286,Histórico 2006-2026,13
CESAR,Votos por candidatos,2022-05-01,PRESIDENCIA 2022 - 1,Presidencia 1V,2022,427839,Histórico 2006-2026,13
CESAR,Voto en blanco,2022-05-01,PRESIDENCIA 2022 - 1,Presidencia 1V,2022,5447,Histórico 2006-2026,13
CESAR,Votos nulos,2022-05-01,PRESIDENCIA 2022 - 1,Presidencia 1V,2022,4775,Histórico 2006-2026,13
CESAR,Votos no marcados,2022-05-01,PRESIDENCIA 2022 - 1,Presidencia 1V,2022,469,Histórico 2006-2026,13
CHOCO,Potencial,2022-05-01,PRESIDENCIA 2022 - 1,Presidencia 1V,2022,334621,Histórico 2006-2026,13
CHOCO,Sufragantes,2022-05-01,PRESIDENCIA 2022 - 1,Presidencia 1V,2022,137527,Histórico 2006-2026,13
CHOCO,Votos válidos,2022-05-01,PRESIDENCIA 2022 - 1,Presidencia 1V,2022,133715,Histórico 2006-2026,13
CHOCO,Votos por candidatos,2022-05-01,PRESIDENCIA 2022 - 1,Presidencia 1V,2022,131399,Histórico 2006-2026,13
CHOCO,Voto en blanco,2022-05-01,PRESIDENCIA 2022 - 1,Presidencia 1V,2022,2316,Histórico 2006-2026,13
CHOCO,Votos nulos,2022-05-01,PRESIDENCIA 2022 - 1,Presidencia 1V,2022,3237,Histórico 2006-2026,13
CHOCO,Votos no marcados,2022-05-01,PRESIDENCIA 2022 - 1,Presidencia 1V,2022,575,Histórico 2006-2026,13
CONSULADOS,Potencial,2022-05-01,PRESIDENCIA 2022 - 1,Presidencia 1V,2022,912834,Histórico 2006-2026,13
CONSULADOS,Sufragantes,2022-05-01,PRESIDENCIA 2022 - 1,Presidencia 1V,2022,303432,Histórico 2006-2026,13
CONSULADOS,Votos válidos,2022-05-01,PRESIDENCIA 2022 - 1,Presidencia 1V,2022,302864,Histórico 2006-2026,13
CONSULADOS,Votos por candidatos,2022-05-01,PRESIDENCIA 2022 - 1,Presidencia 1V,2022,300240,Histórico 2006-2026,13
CONSULADOS,Voto en blanco,2022-05-01,PRESIDENCIA 2022 - 1,Presidencia 1V,2022,2624,Histórico 2006-2026,13
CONSULADOS,Votos nulos,2022-05-01,PRESIDENCIA 2022 - 1,Presidencia 1V,2022,520,Histórico 2006-2026,13
CONSULADOS,Votos no marcados,2022-05-01,PRESIDENCIA 2022 - 1,Presidencia 1V,2022,48,Histórico 2006-2026,13
CORDOBA,Potencial,2022-05-01,PRESIDENCIA 2022 - 1,Presidencia 1V,2022,1325990,Histórico 2006-2026,13
CORDOBA,Sufragantes,2022-05-01,PRESIDENCIA 2022 - 1,Presidencia 1V,2022,620311,Histórico 2006-2026,13
CORDOBA,Votos válidos,2022-05-01,PRESIDENCIA 2022 - 1,Presidencia 1V,2022,614457,Histórico 2006-2026,13
CORDOBA,Votos por candidatos,2022-05-01,PRESIDENCIA 2022 - 1,Presidencia 1V,2022,606102,Histórico 2006-2026,13
CORDOBA,Voto en blanco,2022-05-01,PRESIDENCIA 2022 - 1,Presidencia 1V,2022,8355,Histórico 2006-2026,13
CORDOBA,Votos nulos,2022-05-01,PRESIDENCIA 2022 - 1,Presidencia 1V,2022,4844,Histórico 2006-2026,13
CORDOBA,Votos no marcados,2022-05-01,PRESIDENCIA 2022 - 1,Presidencia 1V,2022,1010,Histórico 2006-2026,13
CUNDINAMARCA,Potencial,2022-05-01,PRESIDENCIA 2022 - 1,Presidencia 1V,2022,2079800,Histórico 2006-2026,13
CUNDINAMARCA,Sufragantes,2022-05-01,PRESIDENCIA 2022 - 1,Presidencia 1V,2022,1404907,Histórico 2006-2026,13
CUNDINAMARCA,Votos válidos,2022-05-01,PRESIDENCIA 2022 - 1,Presidencia 1V,2022,1384960,Histórico 2006-2026,13
CUNDINAMARCA,Votos por candidatos,2022-05-01,PRESIDENCIA 2022 - 1,Presidencia 1V,2022,1360753,Histórico 2006-2026,13
CUNDINAMARCA,Voto en blanco,2022-05-01,PRESIDENCIA 2022 - 1,Presidencia 1V,2022,24207,Histórico 2006-2026,13
CUNDINAMARCA,Votos nulos,2022-05-01,PRESIDENCIA 2022 - 1,Presidencia 1V,2022,18767,Histórico 2006-2026,13
CUNDINAMARCA,Votos no marcados,2022-05-01,PRESIDENCIA 2022 - 1,Presidencia 1V,2022,1180,Histórico 2006-2026,13
GUAINIA,Potencial,2022-05-01,PRESIDENCIA 2022 - 1,Presidencia 1V,2022,32044,Histórico 2006-2026,13
GUAINIA,Sufragantes,2022-05-01,PRESIDENCIA 2022 - 1,Presidencia 1V,2022,10708,Histórico 2006-2026,13
GUAINIA,Votos válidos,2022-05-01,PRESIDENCIA 2022 - 1,Presidencia 1V,2022,10598,Histórico 2006-2026,13
GUAINIA,Votos por candidatos,2022-05-01,PRESIDENCIA 2022 - 1,Presidencia 1V,2022,10416,Histórico 2006-2026,13
GUAINIA,Voto en blanco,2022-05-01,PRESIDENCIA 2022 - 1,Presidencia 1V,2022,182,Histórico 2006-2026,13
GUAINIA,Votos nulos,2022-05-01,PRESIDENCIA 2022 - 1,Presidencia 1V,2022,93,Histórico 2006-2026,13
GUAINIA,Votos no marcados,2022-05-01,PRESIDENCIA 2022 - 1,Presidencia 1V,2022,17,Histórico 2006-2026,13
GUAVIARE,Potencial,2022-05-01,PRESIDENCIA 2022 - 1,Presidencia 1V,2022,65014,Histórico 2006-2026,13
GUAVIARE,Sufragantes,2022-05-01,PRESIDENCIA 2022 - 1,Presidencia 1V,2022,31363,Histórico 2006-2026,13
GUAVIARE,Votos válidos,2022-05-01,PRESIDENCIA 2022 - 1,Presidencia 1V,2022,30800,Histórico 2006-2026,13
GUAVIARE,Votos por candidatos,2022-05-01,PRESIDENCIA 2022 - 1,Presidencia 1V,2022,30075,Histórico 2006-2026,13
GUAVIARE,Voto en blanco,2022-05-01,PRESIDENCIA 2022 - 1,Presidencia 1V,2022,725,Histórico 2006-2026,13
GUAVIARE,Votos nulos,2022-05-01,PRESIDENCIA 2022 - 1,Presidencia 1V,2022,498,Histórico 2006-2026,13
GUAVIARE,Votos no marcados,2022-05-01,PRESIDENCIA 2022 - 1,Presidencia 1V,2022,65,Histórico 2006-2026,13
HUILA,Potencial,2022-05-01,PRESIDENCIA 2022 - 1,Presidencia 1V,2022,884181,Histórico 2006-2026,13
HUILA,Sufragantes,2022-05-01,PRESIDENCIA 2022 - 1,Presidencia 1V,2022,507464,Histórico 2006-2026,13
HUILA,Votos válidos,2022-05-01,PRESIDENCIA 2022 - 1,Presidencia 1V,2022,501532,Histórico 2006-2026,13
HUILA,Votos por candidatos,2022-05-01,PRESIDENCIA 2022 - 1,Presidencia 1V,2022,494123,Histórico 2006-2026,13
HUILA,Voto en blanco,2022-05-01,PRESIDENCIA 2022 - 1,Presidencia 1V,2022,7409,Histórico 2006-2026,13
HUILA,Votos nulos,2022-05-01,PRESIDENCIA 2022 - 1,Presidencia 1V,2022,5326,Histórico 2006-2026,13
HUILA,Votos no marcados,2022-05-01,PRESIDENCIA 2022 - 1,Presidencia 1V,2022,606,Histórico 2006-2026,13
LA GUAJIRA,Potencial,2022-05-01,PRESIDENCIA 2022 - 1,Presidencia 1V,2022,646868,Histórico 2006-2026,13
LA GUAJIRA,Sufragantes,2022-05-01,PRESIDENCIA 2022 - 1,Presidencia 1V,2022,210274,Histórico 2006-2026,13
LA GUAJIRA,Votos válidos,2022-05-01,PRESIDENCIA 2022 - 1,Presidencia 1V,2022,207662,Histórico 2006-2026,13
LA GUAJIRA,Votos por candidatos,2022-05-01,PRESIDENCIA 2022 - 1,Presidencia 1V,2022,204343,Histórico 2006-2026,13
LA GUAJIRA,Voto en blanco,2022-05-01,PRESIDENCIA 2022 - 1,Presidencia 1V,2022,3319,Histórico 2006-2026,13
LA GUAJIRA,Votos nulos,2022-05-01,PRESIDENCIA 2022 - 1,Presidencia 1V,2022,2278,Histórico 2006-2026,13
LA GUAJIRA,Votos no marcados,2022-05-01,PRESIDENCIA 2022 - 1,Presidencia 1V,2022,334,Histórico 2006-2026,13
MAGDALENA,Potencial,2022-05-01,PRESIDENCIA 2022 - 1,Presidencia 1V,2022,1027311,Histórico 2006-2026,13
MAGDALENA,Sufragantes,2022-05-01,PRESIDENCIA 2022 - 1,Presidencia 1V,2022,462835,Histórico 2006-2026,13
MAGDALENA,Votos válidos,2022-05-01,PRESIDENCIA 2022 - 1,Presidencia 1V,2022,458091,Histórico 2006-2026,13
MAGDALENA,Votos por candidatos,2022-05-01,PRESIDENCIA 2022 - 1,Presidencia 1V,2022,451096,Histórico 2006-2026,13
MAGDALENA,Voto en blanco,2022-05-01,PRESIDENCIA 2022 - 1,Presidencia 1V,2022,6995,Histórico 2006-2026,13
MAGDALENA,Votos nulos,2022-05-01,PRESIDENCIA 2022 - 1,Presidencia 1V,2022,4191,Histórico 2006-2026,13
MAGDALENA,Votos no marcados,2022-05-01,PRESIDENCIA 2022 - 1,Presidencia 1V,2022,553,Histórico 2006-2026,13
META,Potencial,2022-05-01,PRESIDENCIA 2022 - 1,Presidencia 1V,2022,784524,Histórico 2006-2026,13
META,Sufragantes,2022-05-01,PRESIDENCIA 2022 - 1,Presidencia 1V,2022,492199,Histórico 2006-2026,13
META,Votos válidos,2022-05-01,PRESIDENCIA 2022 - 1,Presidencia 1V,2022,485602,Histórico 2006-2026,13
META,Votos por candidatos,2022-05-01,PRESIDENCIA 2022 - 1,Presidencia 1V,2022,478739,Histórico 2006-2026,13
META,Voto en blanco,2022-05-01,PRESIDENCIA 2022 - 1,Presidencia 1V,2022,6863,Histórico 2006-2026,13
META,Votos nulos,2022-05-01,PRESIDENCIA 2022 - 1,Presidencia 1V,2022,6141,Histórico 2006-2026,13
META,Votos no marcados,2022-05-01,PRESIDENCIA 2022 - 1,Presidencia 1V,2022,456,Histórico 2006-2026,13
NARIÑO,Potencial,2022-05-01,PRESIDENCIA 2022 - 1,Presidencia 1V,2022,1185385,Histórico 2006-2026,13
NARIÑO,Sufragantes,2022-05-01,PRESIDENCIA 2022 - 1,Presidencia 1V,2022,628242,Histórico 2006-2026,13
NARIÑO,Votos válidos,2022-05-01,PRESIDENCIA 2022 - 1,Presidencia 1V,2022,617463,Histórico 2006-2026,13
NARIÑO,Votos por candidatos,2022-05-01,PRESIDENCIA 2022 - 1,Presidencia 1V,2022,605768,Histórico 2006-2026,13
NARIÑO,Voto en blanco,2022-05-01,PRESIDENCIA 2022 - 1,Presidencia 1V,2022,11695,Histórico 2006-2026,13
NARIÑO,Votos nulos,2022-05-01,PRESIDENCIA 2022 - 1,Presidencia 1V,2022,9325,Histórico 2006-2026,13
NARIÑO,Votos no marcados,2022-05-01,PRESIDENCIA 2022 - 1,Presidencia 1V,2022,1454,Histórico 2006-2026,13
NORTE DE SAN,Potencial,2022-05-01,PRESIDENCIA 2022 - 1,Presidencia 1V,2022,1302855,Histórico 2006-2026,13
NORTE DE SAN,Sufragantes,2022-05-01,PRESIDENCIA 2022 - 1,Presidencia 1V,2022,686150,Histórico 2006-2026,13
NORTE DE SAN,Votos válidos,2022-05-01,PRESIDENCIA 2022 - 1,Presidencia 1V,2022,680011,Histórico 2006-2026,13
NORTE DE SAN,Votos por candidatos,2022-05-01,PRESIDENCIA 2022 - 1,Presidencia 1V,2022,672817,Histórico 2006-2026,13
NORTE DE SAN,Voto en blanco,2022-05-01,PRESIDENCIA 2022 - 1,Presidencia 1V,2022,7194,Histórico 2006-2026,13
NORTE DE SAN,Votos nulos,2022-05-01,PRESIDENCIA 2022 - 1,Presidencia 1V,2022,5416,Histórico 2006-2026,13
NORTE DE SAN,Votos no marcados,2022-05-01,PRESIDENCIA 2022 - 1,Presidencia 1V,2022,723,Histórico 2006-2026,13
PUTUMAYO,Potencial,2022-05-01,PRESIDENCIA 2022 - 1,Presidencia 1V,2022,242849,Histórico 2006-2026,13
PUTUMAYO,Sufragantes,2022-05-01,PRESIDENCIA 2022 - 1,Presidencia 1V,2022,124219,Histórico 2006-2026,13
PUTUMAYO,Votos válidos,2022-05-01,PRESIDENCIA 2022 - 1,Presidencia 1V,2022,122206,Histórico 2006-2026,13
PUTUMAYO,Votos por candidatos,2022-05-01,PRESIDENCIA 2022 - 1,Presidencia 1V,2022,119955,Histórico 2006-2026,13
PUTUMAYO,Voto en blanco,2022-05-01,PRESIDENCIA 2022 - 1,Presidencia 1V,2022,2251,Histórico 2006-2026,13
PUTUMAYO,Votos nulos,2022-05-01,PRESIDENCIA 2022 - 1,Presidencia 1V,2022,1734,Histórico 2006-2026,13
PUTUMAYO,Votos no marcados,2022-05-01,PRESIDENCIA 2022 - 1,Presidencia 1V,2022,279,Histórico 2006-2026,13
QUINDIO,Potencial,2022-05-01,PRESIDENCIA 2022 - 1,Presidencia 1V,2022,490093,Histórico 2006-2026,13
QUINDIO,Sufragantes,2022-05-01,PRESIDENCIA 2022 - 1,Presidencia 1V,2022,277431,Histórico 2006-2026,13
QUINDIO,Votos válidos,2022-05-01,PRESIDENCIA 2022 - 1,Presidencia 1V,2022,271920,Histórico 2006-2026,13
QUINDIO,Votos por candidatos,2022-05-01,PRESIDENCIA 2022 - 1,Presidencia 1V,2022,265434,Histórico 2006-2026,13
QUINDIO,Voto en blanco,2022-05-01,PRESIDENCIA 2022 - 1,Presidencia 1V,2022,6486,Histórico 2006-2026,13
QUINDIO,Votos nulos,2022-05-01,PRESIDENCIA 2022 - 1,Presidencia 1V,2022,5032,Histórico 2006-2026,13
QUINDIO,Votos no marcados,2022-05-01,PRESIDENCIA 2022 - 1,Presidencia 1V,2022,479,Histórico 2006-2026,13
RISARALDA,Potencial,2022-05-01,PRESIDENCIA 2022 - 1,Presidencia 1V,2022,837519,Histórico 2006-2026,13
RISARALDA,Sufragantes,2022-05-01,PRESIDENCIA 2022 - 1,Presidencia 1V,2022,474197,Histórico 2006-2026,13
RISARALDA,Votos válidos,2022-05-01,PRESIDENCIA 2022 - 1,Presidencia 1V,2022,464307,Histórico 2006-2026,13
RISARALDA,Votos por candidatos,2022-05-01,PRESIDENCIA 2022 - 1,Presidencia 1V,2022,454382,Histórico 2006-2026,13
RISARALDA,Voto en blanco,2022-05-01,PRESIDENCIA 2022 - 1,Presidencia 1V,2022,9925,Histórico 2006-2026,13
RISARALDA,Votos nulos,2022-05-01,PRESIDENCIA 2022 - 1,Presidencia 1V,2022,8866,Histórico 2006-2026,13
RISARALDA,Votos no marcados,2022-05-01,PRESIDENCIA 2022 - 1,Presidencia 1V,2022,1024,Histórico 2006-2026,13
SAN ANDRES,Potencial,2022-05-01,PRESIDENCIA 2022 - 1,Presidencia 1V,2022,51599,Histórico 2006-2026,13
SAN ANDRES,Sufragantes,2022-05-01,PRESIDENCIA 2022 - 1,Presidencia 1V,2022,14978,Histórico 2006-2026,13
SAN ANDRES,Votos válidos,2022-05-01,PRESIDENCIA 2022 - 1,Presidencia 1V,2022,14878,Histórico 2006-2026,13
SAN ANDRES,Votos por candidatos,2022-05-01,PRESIDENCIA 2022 - 1,Presidencia 1V,2022,14351,Histórico 2006-2026,13
SAN ANDRES,Voto en blanco,2022-05-01,PRESIDENCIA 2022 - 1,Presidencia 1V,2022,527,Histórico 2006-2026,13
SAN ANDRES,Votos nulos,2022-05-01,PRESIDENCIA 2022 - 1,Presidencia 1V,2022,81,Histórico 2006-2026,13
SAN ANDRES,Votos no marcados,2022-05-01,PRESIDENCIA 2022 - 1,Presidencia 1V,2022,19,Histórico 2006-2026,13
SANTANDER,Potencial,2022-05-01,PRESIDENCIA 2022 - 1,Presidencia 1V,2022,1781259,Histórico 2006-2026,13
SANTANDER,Sufragantes,2022-05-01,PRESIDENCIA 2022 - 1,Presidencia 1V,2022,1176605,Histórico 2006-2026,13
SANTANDER,Votos válidos,2022-05-01,PRESIDENCIA 2022 - 1,Presidencia 1V,2022,1170203,Histórico 2006-2026,13
SANTANDER,Votos por candidatos,2022-05-01,PRESIDENCIA 2022 - 1,Presidencia 1V,2022,1161762,Histórico 2006-2026,13
SANTANDER,Voto en blanco,2022-05-01,PRESIDENCIA 2022 - 1,Presidencia 1V,2022,8441,Histórico 2006-2026,13
SANTANDER,Votos nulos,2022-05-01,PRESIDENCIA 2022 - 1,Presidencia 1V,2022,5688,Histórico 2006-2026,13
SANTANDER,Votos no marcados,2022-05-01,PRESIDENCIA 2022 - 1,Presidencia 1V,2022,714,Histórico 2006-2026,13
SUCRE,Potencial,2022-05-01,PRESIDENCIA 2022 - 1,Presidencia 1V,2022,734466,Histórico 2006-2026,13
SUCRE,Sufragantes,2022-05-01,PRESIDENCIA 2022 - 1,Presidencia 1V,2022,367382,Histórico 2006-2026,13
SUCRE,Votos válidos,2022-05-01,PRESIDENCIA 2022 - 1,Presidencia 1V,2022,363753,Histórico 2006-2026,13
SUCRE,Votos por candidatos,2022-05-01,PRESIDENCIA 2022 - 1,Presidencia 1V,2022,359224,Histórico 2006-2026,13
SUCRE,Voto en blanco,2022-05-01,PRESIDENCIA 2022 - 1,Presidencia 1V,2022,4529,Histórico 2006-2026,13
SUCRE,Votos nulos,2022-05-01,PRESIDENCIA 2022 - 1,Presidencia 1V,2022,2995,Histórico 2006-2026,13
SUCRE,Votos no marcados,2022-05-01,PRESIDENCIA 2022 - 1,Presidencia 1V,2022,634,Histórico 2006-2026,13
TOLIMA,Potencial,2022-05-01,PRESIDENCIA 2022 - 1,Presidencia 1V,2022,1121863,Histórico 2006-2026,13
TOLIMA,Sufragantes,2022-05-01,PRESIDENCIA 2022 - 1,Presidencia 1V,2022,628306,Histórico 2006-2026,13
TOLIMA,Votos válidos,2022-05-01,PRESIDENCIA 2022 - 1,Presidencia 1V,2022,618518,Histórico 2006-2026,13
TOLIMA,Votos por candidatos,2022-05-01,PRESIDENCIA 2022 - 1,Presidencia 1V,2022,608602,Histórico 2006-2026,13
TOLIMA,Voto en blanco,2022-05-01,PRESIDENCIA 2022 - 1,Presidencia 1V,2022,9916,Histórico 2006-2026,13
TOLIMA,Votos nulos,2022-05-01,PRESIDENCIA 2022 - 1,Presidencia 1V,2022,8799,Histórico 2006-2026,13
TOLIMA,Votos no marcados,2022-05-01,PRESIDENCIA 2022 - 1,Presidencia 1V,2022,989,Histórico 2006-2026,13
VALLE,Potencial,2022-05-01,PRESIDENCIA 2022 - 1,Presidencia 1V,2022,3686607,Histórico 2006-2026,13
VALLE,Sufragantes,2022-05-01,PRESIDENCIA 2022 - 1,Presidencia 1V,2022,1992457,Histórico 2006-2026,13
VALLE,Votos válidos,2022-05-01,PRESIDENCIA 2022 - 1,Presidencia 1V,2022,1959032,Histórico 2006-2026,13
VALLE,Votos por candidatos,2022-05-01,PRESIDENCIA 2022 - 1,Presidencia 1V,2022,1916651,Histórico 2006-2026,13
VALLE,Voto en blanco,2022-05-01,PRESIDENCIA 2022 - 1,Presidencia 1V,2022,42381,Histórico 2006-2026,13
VALLE,Votos nulos,2022-05-01,PRESIDENCIA 2022 - 1,Presidencia 1V,2022,30936,Histórico 2006-2026,13
VALLE,Votos no marcados,2022-05-01,PRESIDENCIA 2022 - 1,Presidencia 1V,2022,2489,Histórico 2006-2026,13
VAUPES,Potencial,2022-05-01,PRESIDENCIA 2022 - 1,Presidencia 1V,2022,23492,Histórico 2006-2026,13
VAUPES,Sufragantes,2022-05-01,PRESIDENCIA 2022 - 1,Presidencia 1V,2022,7058,Histórico 2006-2026,13
VAUPES,Votos válidos,2022-05-01,PRESIDENCIA 2022 - 1,Presidencia 1V,2022,7014,Histórico 2006-2026,13
VAUPES,Votos por candidatos,2022-05-01,PRESIDENCIA 2022 - 1,Presidencia 1V,2022,6911,Histórico 2006-2026,13
VAUPES,Voto en blanco,2022-05-01,PRESIDENCIA 2022 - 1,Presidencia 1V,2022,103,Histórico 2006-2026,13
VAUPES,Votos nulos,2022-05-01,PRESIDENCIA 2022 - 1,Presidencia 1V,2022,32,Histórico 2006-2026,13
VAUPES,Votos no marcados,2022-05-01,PRESIDENCIA 2022 - 1,Presidencia 1V,2022,12,Histórico 2006-2026,13
VICHADA,Potencial,2022-05-01,PRESIDENCIA 2022 - 1,Presidencia 1V,2022,53469,Histórico 2006-2026,13
VICHADA,Sufragantes,2022-05-01,PRESIDENCIA 2022 - 1,Presidencia 1V,2022,17054,Histórico 2006-2026,13
VICHADA,Votos válidos,2022-05-01,PRESIDENCIA 2022 - 1,Presidencia 1V,2022,16832,Histórico 2006-2026,13
VICHADA,Votos por candidatos,2022-05-01,PRESIDENCIA 2022 - 1,Presidencia 1V,2022,16554,Histórico 2006-2026,13
VICHADA,Voto en blanco,2022-05-01,PRESIDENCIA 2022 - 1,Presidencia 1V,2022,278,Histórico 2006-2026,13
VICHADA,Votos nulos,2022-05-01,PRESIDENCIA 2022 - 1,Presidencia 1V,2022,174,Histórico 2006-2026,13
VICHADA,Votos no marcados,2022-05-01,PRESIDENCIA 2022 - 1,Presidencia 1V,2022,48,Histórico 2006-2026,13
AMAZONAS,Potencial,2022-06-01,PRESIDENCIA 2022 - 2,Presidencia 2V,2022,52026,Histórico 2006-2026,14
AMAZONAS,Sufragantes,2022-06-01,PRESIDENCIA 2022 - 2,Presidencia 2V,2022,23900,Histórico 2006-2026,14
AMAZONAS,Votos válidos,2022-06-01,PRESIDENCIA 2022 - 2,Presidencia 2V,2022,23638,Histórico 2006-2026,14
AMAZONAS,Votos por candidatos,2022-06-01,PRESIDENCIA 2022 - 2,Presidencia 2V,2022,23180,Histórico 2006-2026,14
AMAZONAS,Voto en blanco,2022-06-01,PRESIDENCIA 2022 - 2,Presidencia 2V,2022,458,Histórico 2006-2026,14
AMAZONAS,Votos nulos,2022-06-01,PRESIDENCIA 2022 - 2,Presidencia 2V,2022,214,Histórico 2006-2026,14
AMAZONAS,Votos no marcados,2022-06-01,PRESIDENCIA 2022 - 2,Presidencia 2V,2022,48,Histórico 2006-2026,14
ANTIOQUIA,Potencial,2022-06-01,PRESIDENCIA 2022 - 2,Presidencia 2V,2022,5090652,Histórico 2006-2026,14
ANTIOQUIA,Sufragantes,2022-06-01,PRESIDENCIA 2022 - 2,Presidencia 2V,2022,2901016,Histórico 2006-2026,14
ANTIOQUIA,Votos válidos,2022-06-01,PRESIDENCIA 2022 - 2,Presidencia 2V,2022,2855647,Histórico 2006-2026,14
ANTIOQUIA,Votos por candidatos,2022-06-01,PRESIDENCIA 2022 - 2,Presidencia 2V,2022,2770124,Histórico 2006-2026,14
ANTIOQUIA,Voto en blanco,2022-06-01,PRESIDENCIA 2022 - 2,Presidencia 2V,2022,85523,Histórico 2006-2026,14
ANTIOQUIA,Votos nulos,2022-06-01,PRESIDENCIA 2022 - 2,Presidencia 2V,2022,41723,Histórico 2006-2026,14
ANTIOQUIA,Votos no marcados,2022-06-01,PRESIDENCIA 2022 - 2,Presidencia 2V,2022,3646,Histórico 2006-2026,14
ARAUCA,Potencial,2022-06-01,PRESIDENCIA 2022 - 2,Presidencia 2V,2022,213568,Histórico 2006-2026,14
ARAUCA,Sufragantes,2022-06-01,PRESIDENCIA 2022 - 2,Presidencia 2V,2022,104880,Histórico 2006-2026,14
ARAUCA,Votos válidos,2022-06-01,PRESIDENCIA 2022 - 2,Presidencia 2V,2022,103607,Histórico 2006-2026,14
ARAUCA,Votos por candidatos,2022-06-01,PRESIDENCIA 2022 - 2,Presidencia 2V,2022,101601,Histórico 2006-2026,14
ARAUCA,Voto en blanco,2022-06-01,PRESIDENCIA 2022 - 2,Presidencia 2V,2022,2006,Histórico 2006-2026,14
ARAUCA,Votos nulos,2022-06-01,PRESIDENCIA 2022 - 2,Presidencia 2V,2022,1141,Histórico 2006-2026,14
ARAUCA,Votos no marcados,2022-06-01,PRESIDENCIA 2022 - 2,Presidencia 2V,2022,132,Histórico 2006-2026,14
ATLANTICO,Potencial,2022-06-01,PRESIDENCIA 2022 - 2,Presidencia 2V,2022,2020134,Histórico 2006-2026,14
ATLANTICO,Sufragantes,2022-06-01,PRESIDENCIA 2022 - 2,Presidencia 2V,2022,1009289,Histórico 2006-2026,14
ATLANTICO,Votos válidos,2022-06-01,PRESIDENCIA 2022 - 2,Presidencia 2V,2022,1003228,Histórico 2006-2026,14
ATLANTICO,Votos por candidatos,2022-06-01,PRESIDENCIA 2022 - 2,Presidencia 2V,2022,987289,Histórico 2006-2026,14
ATLANTICO,Voto en blanco,2022-06-01,PRESIDENCIA 2022 - 2,Presidencia 2V,2022,15939,Histórico 2006-2026,14
ATLANTICO,Votos nulos,2022-06-01,PRESIDENCIA 2022 - 2,Presidencia 2V,2022,5334,Histórico 2006-2026,14
ATLANTICO,Votos no marcados,2022-06-01,PRESIDENCIA 2022 - 2,Presidencia 2V,2022,727,Histórico 2006-2026,14
BOGOTA D.C.,Potencial,2022-06-01,PRESIDENCIA 2022 - 2,Presidencia 2V,2022,5995552,Histórico 2006-2026,14
BOGOTA D.C.,Sufragantes,2022-06-01,PRESIDENCIA 2022 - 2,Presidencia 2V,2022,3891656,Histórico 2006-2026,14
BOGOTA D.C.,Votos válidos,2022-06-01,PRESIDENCIA 2022 - 2,Presidencia 2V,2022,3850964,Histórico 2006-2026,14
BOGOTA D.C.,Votos por candidatos,2022-06-01,PRESIDENCIA 2022 - 2,Presidencia 2V,2022,3738553,Histórico 2006-2026,14
BOGOTA D.C.,Voto en blanco,2022-06-01,PRESIDENCIA 2022 - 2,Presidencia 2V,2022,112411,Histórico 2006-2026,14
BOGOTA D.C.,Votos nulos,2022-06-01,PRESIDENCIA 2022 - 2,Presidencia 2V,2022,39342,Histórico 2006-2026,14
BOGOTA D.C.,Votos no marcados,2022-06-01,PRESIDENCIA 2022 - 2,Presidencia 2V,2022,1350,Histórico 2006-2026,14
BOLIVAR,Potencial,2022-06-01,PRESIDENCIA 2022 - 2,Presidencia 2V,2022,1697924,Histórico 2006-2026,14
BOLIVAR,Sufragantes,2022-06-01,PRESIDENCIA 2022 - 2,Presidencia 2V,2022,816504,Histórico 2006-2026,14
BOLIVAR,Votos válidos,2022-06-01,PRESIDENCIA 2022 - 2,Presidencia 2V,2022,810914,Histórico 2006-2026,14
BOLIVAR,Votos por candidatos,2022-06-01,PRESIDENCIA 2022 - 2,Presidencia 2V,2022,796287,Histórico 2006-2026,14
BOLIVAR,Voto en blanco,2022-06-01,PRESIDENCIA 2022 - 2,Presidencia 2V,2022,14627,Histórico 2006-2026,14
BOLIVAR,Votos nulos,2022-06-01,PRESIDENCIA 2022 - 2,Presidencia 2V,2022,4734,Histórico 2006-2026,14
BOLIVAR,Votos no marcados,2022-06-01,PRESIDENCIA 2022 - 2,Presidencia 2V,2022,856,Histórico 2006-2026,14
BOYACA,Potencial,2022-06-01,PRESIDENCIA 2022 - 2,Presidencia 2V,2022,1000649,Histórico 2006-2026,14
BOYACA,Sufragantes,2022-06-01,PRESIDENCIA 2022 - 2,Presidencia 2V,2022,664433,Histórico 2006-2026,14
BOYACA,Votos válidos,2022-06-01,PRESIDENCIA 2022 - 2,Presidencia 2V,2022,655898,Histórico 2006-2026,14
BOYACA,Votos por candidatos,2022-06-01,PRESIDENCIA 2022 - 2,Presidencia 2V,2022,643157,Histórico 2006-2026,14
BOYACA,Voto en blanco,2022-06-01,PRESIDENCIA 2022 - 2,Presidencia 2V,2022,12741,Histórico 2006-2026,14
BOYACA,Votos nulos,2022-06-01,PRESIDENCIA 2022 - 2,Presidencia 2V,2022,7920,Histórico 2006-2026,14
BOYACA,Votos no marcados,2022-06-01,PRESIDENCIA 2022 - 2,Presidencia 2V,2022,615,Histórico 2006-2026,14
CALDAS,Potencial,2022-06-01,PRESIDENCIA 2022 - 2,Presidencia 2V,2022,814195,Histórico 2006-2026,14
CALDAS,Sufragantes,2022-06-01,PRESIDENCIA 2022 - 2,Presidencia 2V,2022,485673,Histórico 2006-2026,14
CALDAS,Votos válidos,2022-06-01,PRESIDENCIA 2022 - 2,Presidencia 2V,2022,472433,Histórico 2006-2026,14
CALDAS,Votos por candidatos,2022-06-01,PRESIDENCIA 2022 - 2,Presidencia 2V,2022,457413,Histórico 2006-2026,14
CALDAS,Voto en blanco,2022-06-01,PRESIDENCIA 2022 - 2,Presidencia 2V,2022,15020,Histórico 2006-2026,14
CALDAS,Votos nulos,2022-06-01,PRESIDENCIA 2022 - 2,Presidencia 2V,2022,12169,Histórico 2006-2026,14
CALDAS,Votos no marcados,2022-06-01,PRESIDENCIA 2022 - 2,Presidencia 2V,2022,1071,Histórico 2006-2026,14
CAQUETA,Potencial,2022-06-01,PRESIDENCIA 2022 - 2,Presidencia 2V,2022,311358,Histórico 2006-2026,14
CAQUETA,Sufragantes,2022-06-01,PRESIDENCIA 2022 - 2,Presidencia 2V,2022,169174,Histórico 2006-2026,14
CAQUETA,Votos válidos,2022-06-01,PRESIDENCIA 2022 - 2,Presidencia 2V,2022,166586,Histórico 2006-2026,14
CAQUETA,Votos por candidatos,2022-06-01,PRESIDENCIA 2022 - 2,Presidencia 2V,2022,161996,Histórico 2006-2026,14
CAQUETA,Voto en blanco,2022-06-01,PRESIDENCIA 2022 - 2,Presidencia 2V,2022,4590,Histórico 2006-2026,14
CAQUETA,Votos nulos,2022-06-01,PRESIDENCIA 2022 - 2,Presidencia 2V,2022,2260,Histórico 2006-2026,14
CAQUETA,Votos no marcados,2022-06-01,PRESIDENCIA 2022 - 2,Presidencia 2V,2022,328,Histórico 2006-2026,14
CASANARE,Potencial,2022-06-01,PRESIDENCIA 2022 - 2,Presidencia 2V,2022,305132,Histórico 2006-2026,14
CASANARE,Sufragantes,2022-06-01,PRESIDENCIA 2022 - 2,Presidencia 2V,2022,207784,Histórico 2006-2026,14
CASANARE,Votos válidos,2022-06-01,PRESIDENCIA 2022 - 2,Presidencia 2V,2022,205200,Histórico 2006-2026,14
CASANARE,Votos por candidatos,2022-06-01,PRESIDENCIA 2022 - 2,Presidencia 2V,2022,201767,Histórico 2006-2026,14
CASANARE,Voto en blanco,2022-06-01,PRESIDENCIA 2022 - 2,Presidencia 2V,2022,3433,Histórico 2006-2026,14
CASANARE,Votos nulos,2022-06-01,PRESIDENCIA 2022 - 2,Presidencia 2V,2022,2419,Histórico 2006-2026,14
CASANARE,Votos no marcados,2022-06-01,PRESIDENCIA 2022 - 2,Presidencia 2V,2022,165,Histórico 2006-2026,14
CAUCA,Potencial,2022-06-01,PRESIDENCIA 2022 - 2,Presidencia 2V,2022,1023897,Histórico 2006-2026,14
CAUCA,Sufragantes,2022-06-01,PRESIDENCIA 2022 - 2,Presidencia 2V,2022,666915,Histórico 2006-2026,14
CAUCA,Votos válidos,2022-06-01,PRESIDENCIA 2022 - 2,Presidencia 2V,2022,652601,Histórico 2006-2026,14
CAUCA,Votos por candidatos,2022-06-01,PRESIDENCIA 2022 - 2,Presidencia 2V,2022,638568,Histórico 2006-2026,14
CAUCA,Voto en blanco,2022-06-01,PRESIDENCIA 2022 - 2,Presidencia 2V,2022,14033,Histórico 2006-2026,14
CAUCA,Votos nulos,2022-06-01,PRESIDENCIA 2022 - 2,Presidencia 2V,2022,12790,Histórico 2006-2026,14
CAUCA,Votos no marcados,2022-06-01,PRESIDENCIA 2022 - 2,Presidencia 2V,2022,1524,Histórico 2006-2026,14
CESAR,Potencial,2022-06-01,PRESIDENCIA 2022 - 2,Presidencia 2V,2022,872509,Histórico 2006-2026,14
CESAR,Sufragantes,2022-06-01,PRESIDENCIA 2022 - 2,Presidencia 2V,2022,479242,Histórico 2006-2026,14
CESAR,Votos válidos,2022-06-01,PRESIDENCIA 2022 - 2,Presidencia 2V,2022,473659,Histórico 2006-2026,14
CESAR,Votos por candidatos,2022-06-01,PRESIDENCIA 2022 - 2,Presidencia 2V,2022,466676,Histórico 2006-2026,14
CESAR,Voto en blanco,2022-06-01,PRESIDENCIA 2022 - 2,Presidencia 2V,2022,6983,Histórico 2006-2026,14
CESAR,Votos nulos,2022-06-01,PRESIDENCIA 2022 - 2,Presidencia 2V,2022,5212,Histórico 2006-2026,14
CESAR,Votos no marcados,2022-06-01,PRESIDENCIA 2022 - 2,Presidencia 2V,2022,371,Histórico 2006-2026,14
CHOCO,Potencial,2022-06-01,PRESIDENCIA 2022 - 2,Presidencia 2V,2022,334621,Histórico 2006-2026,14
CHOCO,Sufragantes,2022-06-01,PRESIDENCIA 2022 - 2,Presidencia 2V,2022,159834,Histórico 2006-2026,14
CHOCO,Votos válidos,2022-06-01,PRESIDENCIA 2022 - 2,Presidencia 2V,2022,156789,Histórico 2006-2026,14
CHOCO,Votos por candidatos,2022-06-01,PRESIDENCIA 2022 - 2,Presidencia 2V,2022,154352,Histórico 2006-2026,14
CHOCO,Voto en blanco,2022-06-01,PRESIDENCIA 2022 - 2,Presidencia 2V,2022,2437,Histórico 2006-2026,14
CHOCO,Votos nulos,2022-06-01,PRESIDENCIA 2022 - 2,Presidencia 2V,2022,2739,Histórico 2006-2026,14
CHOCO,Votos no marcados,2022-06-01,PRESIDENCIA 2022 - 2,Presidencia 2V,2022,306,Histórico 2006-2026,14
CONSULADOS,Potencial,2022-06-01,PRESIDENCIA 2022 - 2,Presidencia 2V,2022,912834,Histórico 2006-2026,14
CONSULADOS,Sufragantes,2022-06-01,PRESIDENCIA 2022 - 2,Presidencia 2V,2022,306184,Histórico 2006-2026,14
CONSULADOS,Votos válidos,2022-06-01,PRESIDENCIA 2022 - 2,Presidencia 2V,2022,305557,Histórico 2006-2026,14
CONSULADOS,Votos por candidatos,2022-06-01,PRESIDENCIA 2022 - 2,Presidencia 2V,2022,300205,Histórico 2006-2026,14
CONSULADOS,Voto en blanco,2022-06-01,PRESIDENCIA 2022 - 2,Presidencia 2V,2022,5352,Histórico 2006-2026,14
CONSULADOS,Votos nulos,2022-06-01,PRESIDENCIA 2022 - 2,Presidencia 2V,2022,580,Histórico 2006-2026,14
CONSULADOS,Votos no marcados,2022-06-01,PRESIDENCIA 2022 - 2,Presidencia 2V,2022,47,Histórico 2006-2026,14
CORDOBA,Potencial,2022-06-01,PRESIDENCIA 2022 - 2,Presidencia 2V,2022,1325990,Histórico 2006-2026,14
CORDOBA,Sufragantes,2022-06-01,PRESIDENCIA 2022 - 2,Presidencia 2V,2022,722814,Histórico 2006-2026,14
CORDOBA,Votos válidos,2022-06-01,PRESIDENCIA 2022 - 2,Presidencia 2V,2022,716251,Histórico 2006-2026,14
CORDOBA,Votos por candidatos,2022-06-01,PRESIDENCIA 2022 - 2,Presidencia 2V,2022,704933,Histórico 2006-2026,14
CORDOBA,Voto en blanco,2022-06-01,PRESIDENCIA 2022 - 2,Presidencia 2V,2022,11318,Histórico 2006-2026,14
CORDOBA,Votos nulos,2022-06-01,PRESIDENCIA 2022 - 2,Presidencia 2V,2022,5718,Histórico 2006-2026,14
CORDOBA,Votos no marcados,2022-06-01,PRESIDENCIA 2022 - 2,Presidencia 2V,2022,845,Histórico 2006-2026,14
CUNDINAMARCA,Potencial,2022-06-01,PRESIDENCIA 2022 - 2,Presidencia 2V,2022,2079800,Histórico 2006-2026,14
CUNDINAMARCA,Sufragantes,2022-06-01,PRESIDENCIA 2022 - 2,Presidencia 2V,2022,1439667,Histórico 2006-2026,14
CUNDINAMARCA,Votos válidos,2022-06-01,PRESIDENCIA 2022 - 2,Presidencia 2V,2022,1416325,Histórico 2006-2026,14
CUNDINAMARCA,Votos por candidatos,2022-06-01,PRESIDENCIA 2022 - 2,Presidencia 2V,2022,1382701,Histórico 2006-2026,14
CUNDINAMARCA,Voto en blanco,2022-06-01,PRESIDENCIA 2022 - 2,Presidencia 2V,2022,33624,Histórico 2006-2026,14
CUNDINAMARCA,Votos nulos,2022-06-01,PRESIDENCIA 2022 - 2,Presidencia 2V,2022,22402,Histórico 2006-2026,14
CUNDINAMARCA,Votos no marcados,2022-06-01,PRESIDENCIA 2022 - 2,Presidencia 2V,2022,940,Histórico 2006-2026,14
GUAINIA,Potencial,2022-06-01,PRESIDENCIA 2022 - 2,Presidencia 2V,2022,32044,Histórico 2006-2026,14
GUAINIA,Sufragantes,2022-06-01,PRESIDENCIA 2022 - 2,Presidencia 2V,2022,12573,Histórico 2006-2026,14
GUAINIA,Votos válidos,2022-06-01,PRESIDENCIA 2022 - 2,Presidencia 2V,2022,12449,Histórico 2006-2026,14
GUAINIA,Votos por candidatos,2022-06-01,PRESIDENCIA 2022 - 2,Presidencia 2V,2022,12248,Histórico 2006-2026,14
GUAINIA,Voto en blanco,2022-06-01,PRESIDENCIA 2022 - 2,Presidencia 2V,2022,201,Histórico 2006-2026,14
GUAINIA,Votos nulos,2022-06-01,PRESIDENCIA 2022 - 2,Presidencia 2V,2022,100,Histórico 2006-2026,14
GUAINIA,Votos no marcados,2022-06-01,PRESIDENCIA 2022 - 2,Presidencia 2V,2022,24,Histórico 2006-2026,14
GUAVIARE,Potencial,2022-06-01,PRESIDENCIA 2022 - 2,Presidencia 2V,2022,65014,Histórico 2006-2026,14
GUAVIARE,Sufragantes,2022-06-01,PRESIDENCIA 2022 - 2,Presidencia 2V,2022,33955,Histórico 2006-2026,14
GUAVIARE,Votos válidos,2022-06-01,PRESIDENCIA 2022 - 2,Presidencia 2V,2022,33308,Histórico 2006-2026,14
GUAVIARE,Votos por candidatos,2022-06-01,PRESIDENCIA 2022 - 2,Presidencia 2V,2022,32308,Histórico 2006-2026,14
GUAVIARE,Voto en blanco,2022-06-01,PRESIDENCIA 2022 - 2,Presidencia 2V,2022,1000,Histórico 2006-2026,14
GUAVIARE,Votos nulos,2022-06-01,PRESIDENCIA 2022 - 2,Presidencia 2V,2022,591,Histórico 2006-2026,14
GUAVIARE,Votos no marcados,2022-06-01,PRESIDENCIA 2022 - 2,Presidencia 2V,2022,56,Histórico 2006-2026,14
HUILA,Potencial,2022-06-01,PRESIDENCIA 2022 - 2,Presidencia 2V,2022,884181,Histórico 2006-2026,14
HUILA,Sufragantes,2022-06-01,PRESIDENCIA 2022 - 2,Presidencia 2V,2022,539805,Histórico 2006-2026,14
HUILA,Votos válidos,2022-06-01,PRESIDENCIA 2022 - 2,Presidencia 2V,2022,533000,Histórico 2006-2026,14
HUILA,Votos por candidatos,2022-06-01,PRESIDENCIA 2022 - 2,Presidencia 2V,2022,523022,Histórico 2006-2026,14
HUILA,Voto en blanco,2022-06-01,PRESIDENCIA 2022 - 2,Presidencia 2V,2022,9978,Histórico 2006-2026,14
HUILA,Votos nulos,2022-06-01,PRESIDENCIA 2022 - 2,Presidencia 2V,2022,6319,Histórico 2006-2026,14
HUILA,Votos no marcados,2022-06-01,PRESIDENCIA 2022 - 2,Presidencia 2V,2022,486,Histórico 2006-2026,14
LA GUAJIRA,Potencial,2022-06-01,PRESIDENCIA 2022 - 2,Presidencia 2V,2022,646868,Histórico 2006-2026,14
LA GUAJIRA,Sufragantes,2022-06-01,PRESIDENCIA 2022 - 2,Presidencia 2V,2022,255797,Histórico 2006-2026,14
LA GUAJIRA,Votos válidos,2022-06-01,PRESIDENCIA 2022 - 2,Presidencia 2V,2022,252488,Histórico 2006-2026,14
LA GUAJIRA,Votos por candidatos,2022-06-01,PRESIDENCIA 2022 - 2,Presidencia 2V,2022,248207,Histórico 2006-2026,14
LA GUAJIRA,Voto en blanco,2022-06-01,PRESIDENCIA 2022 - 2,Presidencia 2V,2022,4281,Histórico 2006-2026,14
LA GUAJIRA,Votos nulos,2022-06-01,PRESIDENCIA 2022 - 2,Presidencia 2V,2022,3033,Histórico 2006-2026,14
LA GUAJIRA,Votos no marcados,2022-06-01,PRESIDENCIA 2022 - 2,Presidencia 2V,2022,276,Histórico 2006-2026,14
MAGDALENA,Potencial,2022-06-01,PRESIDENCIA 2022 - 2,Presidencia 2V,2022,1027311,Histórico 2006-2026,14
MAGDALENA,Sufragantes,2022-06-01,PRESIDENCIA 2022 - 2,Presidencia 2V,2022,507737,Histórico 2006-2026,14
MAGDALENA,Votos válidos,2022-06-01,PRESIDENCIA 2022 - 2,Presidencia 2V,2022,503054,Histórico 2006-2026,14
MAGDALENA,Votos por candidatos,2022-06-01,PRESIDENCIA 2022 - 2,Presidencia 2V,2022,494857,Histórico 2006-2026,14
MAGDALENA,Voto en blanco,2022-06-01,PRESIDENCIA 2022 - 2,Presidencia 2V,2022,8197,Histórico 2006-2026,14
MAGDALENA,Votos nulos,2022-06-01,PRESIDENCIA 2022 - 2,Presidencia 2V,2022,4308,Histórico 2006-2026,14
MAGDALENA,Votos no marcados,2022-06-01,PRESIDENCIA 2022 - 2,Presidencia 2V,2022,375,Histórico 2006-2026,14
META,Potencial,2022-06-01,PRESIDENCIA 2022 - 2,Presidencia 2V,2022,784524,Histórico 2006-2026,14
META,Sufragantes,2022-06-01,PRESIDENCIA 2022 - 2,Presidencia 2V,2022,505981,Histórico 2006-2026,14
META,Votos válidos,2022-06-01,PRESIDENCIA 2022 - 2,Presidencia 2V,2022,498272,Histórico 2006-2026,14
META,Votos por candidatos,2022-06-01,PRESIDENCIA 2022 - 2,Presidencia 2V,2022,488537,Histórico 2006-2026,14
META,Voto en blanco,2022-06-01,PRESIDENCIA 2022 - 2,Presidencia 2V,2022,9735,Histórico 2006-2026,14
META,Votos nulos,2022-06-01,PRESIDENCIA 2022 - 2,Presidencia 2V,2022,7309,Histórico 2006-2026,14
META,Votos no marcados,2022-06-01,PRESIDENCIA 2022 - 2,Presidencia 2V,2022,400,Histórico 2006-2026,14
NARIÑO,Potencial,2022-06-01,PRESIDENCIA 2022 - 2,Presidencia 2V,2022,1185385,Histórico 2006-2026,14
NARIÑO,Sufragantes,2022-06-01,PRESIDENCIA 2022 - 2,Presidencia 2V,2022,746415,Histórico 2006-2026,14
NARIÑO,Votos válidos,2022-06-01,PRESIDENCIA 2022 - 2,Presidencia 2V,2022,735429,Histórico 2006-2026,14
NARIÑO,Votos por candidatos,2022-06-01,PRESIDENCIA 2022 - 2,Presidencia 2V,2022,722194,Histórico 2006-2026,14
NARIÑO,Voto en blanco,2022-06-01,PRESIDENCIA 2022 - 2,Presidencia 2V,2022,13235,Histórico 2006-2026,14
NARIÑO,Votos nulos,2022-06-01,PRESIDENCIA 2022 - 2,Presidencia 2V,2022,9912,Histórico 2006-2026,14
NARIÑO,Votos no marcados,2022-06-01,PRESIDENCIA 2022 - 2,Presidencia 2V,2022,1074,Histórico 2006-2026,14
NORTE DE SAN,Potencial,2022-06-01,PRESIDENCIA 2022 - 2,Presidencia 2V,2022,1302855,Histórico 2006-2026,14
NORTE DE SAN,Sufragantes,2022-06-01,PRESIDENCIA 2022 - 2,Presidencia 2V,2022,721889,Histórico 2006-2026,14
NORTE DE SAN,Votos válidos,2022-06-01,PRESIDENCIA 2022 - 2,Presidencia 2V,2022,716191,Histórico 2006-2026,14
NORTE DE SAN,Votos por candidatos,2022-06-01,PRESIDENCIA 2022 - 2,Presidencia 2V,2022,706990,Histórico 2006-2026,14
NORTE DE SAN,Voto en blanco,2022-06-01,PRESIDENCIA 2022 - 2,Presidencia 2V,2022,9201,Histórico 2006-2026,14
NORTE DE SAN,Votos nulos,2022-06-01,PRESIDENCIA 2022 - 2,Presidencia 2V,2022,5199,Histórico 2006-2026,14
NORTE DE SAN,Votos no marcados,2022-06-01,PRESIDENCIA 2022 - 2,Presidencia 2V,2022,499,Histórico 2006-2026,14
PUTUMAYO,Potencial,2022-06-01,PRESIDENCIA 2022 - 2,Presidencia 2V,2022,242849,Histórico 2006-2026,14
PUTUMAYO,Sufragantes,2022-06-01,PRESIDENCIA 2022 - 2,Presidencia 2V,2022,140575,Histórico 2006-2026,14
PUTUMAYO,Votos válidos,2022-06-01,PRESIDENCIA 2022 - 2,Presidencia 2V,2022,138666,Histórico 2006-2026,14
PUTUMAYO,Votos por candidatos,2022-06-01,PRESIDENCIA 2022 - 2,Presidencia 2V,2022,136131,Histórico 2006-2026,14
PUTUMAYO,Voto en blanco,2022-06-01,PRESIDENCIA 2022 - 2,Presidencia 2V,2022,2535,Histórico 2006-2026,14
PUTUMAYO,Votos nulos,2022-06-01,PRESIDENCIA 2022 - 2,Presidencia 2V,2022,1701,Histórico 2006-2026,14
PUTUMAYO,Votos no marcados,2022-06-01,PRESIDENCIA 2022 - 2,Presidencia 2V,2022,208,Histórico 2006-2026,14
QUINDIO,Potencial,2022-06-01,PRESIDENCIA 2022 - 2,Presidencia 2V,2022,490093,Histórico 2006-2026,14
QUINDIO,Sufragantes,2022-06-01,PRESIDENCIA 2022 - 2,Presidencia 2V,2022,280755,Histórico 2006-2026,14
QUINDIO,Votos válidos,2022-06-01,PRESIDENCIA 2022 - 2,Presidencia 2V,2022,274539,Histórico 2006-2026,14
QUINDIO,Votos por candidatos,2022-06-01,PRESIDENCIA 2022 - 2,Presidencia 2V,2022,266223,Histórico 2006-2026,14
QUINDIO,Voto en blanco,2022-06-01,PRESIDENCIA 2022 - 2,Presidencia 2V,2022,8316,Histórico 2006-2026,14
QUINDIO,Votos nulos,2022-06-01,PRESIDENCIA 2022 - 2,Presidencia 2V,2022,5828,Histórico 2006-2026,14
QUINDIO,Votos no marcados,2022-06-01,PRESIDENCIA 2022 - 2,Presidencia 2V,2022,388,Histórico 2006-2026,14
RISARALDA,Potencial,2022-06-01,PRESIDENCIA 2022 - 2,Presidencia 2V,2022,837519,Histórico 2006-2026,14
RISARALDA,Sufragantes,2022-06-01,PRESIDENCIA 2022 - 2,Presidencia 2V,2022,480968,Histórico 2006-2026,14
RISARALDA,Votos válidos,2022-06-01,PRESIDENCIA 2022 - 2,Presidencia 2V,2022,470407,Histórico 2006-2026,14
RISARALDA,Votos por candidatos,2022-06-01,PRESIDENCIA 2022 - 2,Presidencia 2V,2022,457211,Histórico 2006-2026,14
RISARALDA,Voto en blanco,2022-06-01,PRESIDENCIA 2022 - 2,Presidencia 2V,2022,13196,Histórico 2006-2026,14
RISARALDA,Votos nulos,2022-06-01,PRESIDENCIA 2022 - 2,Presidencia 2V,2022,9720,Histórico 2006-2026,14
RISARALDA,Votos no marcados,2022-06-01,PRESIDENCIA 2022 - 2,Presidencia 2V,2022,841,Histórico 2006-2026,14
SAN ANDRES,Potencial,2022-06-01,PRESIDENCIA 2022 - 2,Presidencia 2V,2022,51599,Histórico 2006-2026,14
SAN ANDRES,Sufragantes,2022-06-01,PRESIDENCIA 2022 - 2,Presidencia 2V,2022,16767,Histórico 2006-2026,14
SAN ANDRES,Votos válidos,2022-06-01,PRESIDENCIA 2022 - 2,Presidencia 2V,2022,16652,Histórico 2006-2026,14
SAN ANDRES,Votos por candidatos,2022-06-01,PRESIDENCIA 2022 - 2,Presidencia 2V,2022,15989,Histórico 2006-2026,14
SAN ANDRES,Voto en blanco,2022-06-01,PRESIDENCIA 2022 - 2,Presidencia 2V,2022,663,Histórico 2006-2026,14
SAN ANDRES,Votos nulos,2022-06-01,PRESIDENCIA 2022 - 2,Presidencia 2V,2022,98,Histórico 2006-2026,14
SAN ANDRES,Votos no marcados,2022-06-01,PRESIDENCIA 2022 - 2,Presidencia 2V,2022,17,Histórico 2006-2026,14
SANTANDER,Potencial,2022-06-01,PRESIDENCIA 2022 - 2,Presidencia 2V,2022,1781259,Histórico 2006-2026,14
SANTANDER,Sufragantes,2022-06-01,PRESIDENCIA 2022 - 2,Presidencia 2V,2022,1202421,Histórico 2006-2026,14
SANTANDER,Votos válidos,2022-06-01,PRESIDENCIA 2022 - 2,Presidencia 2V,2022,1195144,Histórico 2006-2026,14
SANTANDER,Votos por candidatos,2022-06-01,PRESIDENCIA 2022 - 2,Presidencia 2V,2022,1182340,Histórico 2006-2026,14
SANTANDER,Voto en blanco,2022-06-01,PRESIDENCIA 2022 - 2,Presidencia 2V,2022,12804,Histórico 2006-2026,14
SANTANDER,Votos nulos,2022-06-01,PRESIDENCIA 2022 - 2,Presidencia 2V,2022,6691,Histórico 2006-2026,14
SANTANDER,Votos no marcados,2022-06-01,PRESIDENCIA 2022 - 2,Presidencia 2V,2022,586,Histórico 2006-2026,14
SUCRE,Potencial,2022-06-01,PRESIDENCIA 2022 - 2,Presidencia 2V,2022,734466,Histórico 2006-2026,14
SUCRE,Sufragantes,2022-06-01,PRESIDENCIA 2022 - 2,Presidencia 2V,2022,413354,Histórico 2006-2026,14
SUCRE,Votos válidos,2022-06-01,PRESIDENCIA 2022 - 2,Presidencia 2V,2022,409442,Histórico 2006-2026,14
SUCRE,Votos por candidatos,2022-06-01,PRESIDENCIA 2022 - 2,Presidencia 2V,2022,402940,Histórico 2006-2026,14
SUCRE,Voto en blanco,2022-06-01,PRESIDENCIA 2022 - 2,Presidencia 2V,2022,6502,Histórico 2006-2026,14
SUCRE,Votos nulos,2022-06-01,PRESIDENCIA 2022 - 2,Presidencia 2V,2022,3386,Histórico 2006-2026,14
SUCRE,Votos no marcados,2022-06-01,PRESIDENCIA 2022 - 2,Presidencia 2V,2022,526,Histórico 2006-2026,14
TOLIMA,Potencial,2022-06-01,PRESIDENCIA 2022 - 2,Presidencia 2V,2022,1121863,Histórico 2006-2026,14
TOLIMA,Sufragantes,2022-06-01,PRESIDENCIA 2022 - 2,Presidencia 2V,2022,665770,Histórico 2006-2026,14
TOLIMA,Votos válidos,2022-06-01,PRESIDENCIA 2022 - 2,Presidencia 2V,2022,655290,Histórico 2006-2026,14
TOLIMA,Votos por candidatos,2022-06-01,PRESIDENCIA 2022 - 2,Presidencia 2V,2022,642459,Histórico 2006-2026,14
TOLIMA,Voto en blanco,2022-06-01,PRESIDENCIA 2022 - 2,Presidencia 2V,2022,12831,Histórico 2006-2026,14
TOLIMA,Votos nulos,2022-06-01,PRESIDENCIA 2022 - 2,Presidencia 2V,2022,9676,Histórico 2006-2026,14
TOLIMA,Votos no marcados,2022-06-01,PRESIDENCIA 2022 - 2,Presidencia 2V,2022,804,Histórico 2006-2026,14
VALLE,Potencial,2022-06-01,PRESIDENCIA 2022 - 2,Presidencia 2V,2022,3686607,Histórico 2006-2026,14
VALLE,Sufragantes,2022-06-01,PRESIDENCIA 2022 - 2,Presidencia 2V,2022,2086827,Histórico 2006-2026,14
VALLE,Votos válidos,2022-06-01,PRESIDENCIA 2022 - 2,Presidencia 2V,2022,2055633,Histórico 2006-2026,14
VALLE,Votos por candidatos,2022-06-01,PRESIDENCIA 2022 - 2,Presidencia 2V,2022,2009159,Histórico 2006-2026,14
VALLE,Voto en blanco,2022-06-01,PRESIDENCIA 2022 - 2,Presidencia 2V,2022,46474,Histórico 2006-2026,14
VALLE,Votos nulos,2022-06-01,PRESIDENCIA 2022 - 2,Presidencia 2V,2022,29315,Histórico 2006-2026,14
VALLE,Votos no marcados,2022-06-01,PRESIDENCIA 2022 - 2,Presidencia 2V,2022,1879,Histórico 2006-2026,14
VAUPES,Potencial,2022-06-01,PRESIDENCIA 2022 - 2,Presidencia 2V,2022,23492,Histórico 2006-2026,14
VAUPES,Sufragantes,2022-06-01,PRESIDENCIA 2022 - 2,Presidencia 2V,2022,8880,Histórico 2006-2026,14
VAUPES,Votos válidos,2022-06-01,PRESIDENCIA 2022 - 2,Presidencia 2V,2022,8826,Histórico 2006-2026,14
VAUPES,Votos por candidatos,2022-06-01,PRESIDENCIA 2022 - 2,Presidencia 2V,2022,8714,Histórico 2006-2026,14
VAUPES,Voto en blanco,2022-06-01,PRESIDENCIA 2022 - 2,Presidencia 2V,2022,112,Histórico 2006-2026,14
VAUPES,Votos nulos,2022-06-01,PRESIDENCIA 2022 - 2,Presidencia 2V,2022,43,Histórico 2006-2026,14
VAUPES,Votos no marcados,2022-06-01,PRESIDENCIA 2022 - 2,Presidencia 2V,2022,11,Histórico 2006-2026,14
VICHADA,Potencial,2022-06-01,PRESIDENCIA 2022 - 2,Presidencia 2V,2022,53469,Histórico 2006-2026,14
VICHADA,Sufragantes,2022-06-01,PRESIDENCIA 2022 - 2,Presidencia 2V,2022,19600,Histórico 2006-2026,14
VICHADA,Votos válidos,2022-06-01,PRESIDENCIA 2022 - 2,Presidencia 2V,2022,19396,Histórico 2006-2026,14
VICHADA,Votos por candidatos,2022-06-01,PRESIDENCIA 2022 - 2,Presidencia 2V,2022,19083,Histórico 2006-2026,14
VICHADA,Voto en blanco,2022-06-01,PRESIDENCIA 2022 - 2,Presidencia 2V,2022,313,Histórico 2006-2026,14
VICHADA,Votos nulos,2022-06-01,PRESIDENCIA 2022 - 2,Presidencia 2V,2022,164,Histórico 2006-2026,14
VICHADA,Votos no marcados,2022-06-01,PRESIDENCIA 2022 - 2,Presidencia 2V,2022,40,Histórico 2006-2026,14
AMAZONAS,Potencial,2026-03-01,CONGRESO 2026,Congreso,2026,57440,Histórico 2006-2026,15
AMAZONAS,Sufragantes,2026-03-01,CONGRESO 2026,Congreso,2026,30202,Histórico 2006-2026,15
AMAZONAS,Votos válidos,2026-03-01,CONGRESO 2026,Congreso,2026,26422,Histórico 2006-2026,15
AMAZONAS,Votos por candidatos,2026-03-01,CONGRESO 2026,Congreso,2026,24759,Histórico 2006-2026,15
AMAZONAS,Voto en blanco,2026-03-01,CONGRESO 2026,Congreso,2026,1663,Histórico 2006-2026,15
AMAZONAS,Votos nulos,2026-03-01,CONGRESO 2026,Congreso,2026,816,Histórico 2006-2026,15
AMAZONAS,Votos no marcados,2026-03-01,CONGRESO 2026,Congreso,2026,2964,Histórico 2006-2026,15
ANTIOQUIA,Potencial,2026-03-01,CONGRESO 2026,Congreso,2026,5404926,Histórico 2006-2026,15
ANTIOQUIA,Sufragantes,2026-03-01,CONGRESO 2026,Congreso,2026,2408556,Histórico 2006-2026,15
ANTIOQUIA,Votos válidos,2026-03-01,CONGRESO 2026,Congreso,2026,2276997,Histórico 2006-2026,15
ANTIOQUIA,Votos por candidatos,2026-03-01,CONGRESO 2026,Congreso,2026,2148065,Histórico 2006-2026,15
ANTIOQUIA,Voto en blanco,2026-03-01,CONGRESO 2026,Congreso,2026,128932,Histórico 2006-2026,15
ANTIOQUIA,Votos nulos,2026-03-01,CONGRESO 2026,Congreso,2026,61347,Histórico 2006-2026,15
ANTIOQUIA,Votos no marcados,2026-03-01,CONGRESO 2026,Congreso,2026,70212,Histórico 2006-2026,15
ARAUCA,Potencial,2026-03-01,CONGRESO 2026,Congreso,2026,223380,Histórico 2006-2026,15
ARAUCA,Sufragantes,2026-03-01,CONGRESO 2026,Congreso,2026,98423,Histórico 2006-2026,15
ARAUCA,Votos válidos,2026-03-01,CONGRESO 2026,Congreso,2026,89470,Histórico 2006-2026,15
ARAUCA,Votos por candidatos,2026-03-01,CONGRESO 2026,Congreso,2026,84981,Histórico 2006-2026,15
ARAUCA,Voto en blanco,2026-03-01,CONGRESO 2026,Congreso,2026,4489,Histórico 2006-2026,15
ARAUCA,Votos nulos,2026-03-01,CONGRESO 2026,Congreso,2026,3616,Histórico 2006-2026,15
ARAUCA,Votos no marcados,2026-03-01,CONGRESO 2026,Congreso,2026,5337,Histórico 2006-2026,15
ATLANTICO,Potencial,2026-03-01,CONGRESO 2026,Congreso,2026,2133135,Histórico 2006-2026,15
ATLANTICO,Sufragantes,2026-03-01,CONGRESO 2026,Congreso,2026,1270520,Histórico 2006-2026,15
ATLANTICO,Votos válidos,2026-03-01,CONGRESO 2026,Congreso,2026,1193022,Histórico 2006-2026,15
ATLANTICO,Votos por candidatos,2026-03-01,CONGRESO 2026,Congreso,2026,1155841,Histórico 2006-2026,15
ATLANTICO,Voto en blanco,2026-03-01,CONGRESO 2026,Congreso,2026,37181,Histórico 2006-2026,15
ATLANTICO,Votos nulos,2026-03-01,CONGRESO 2026,Congreso,2026,40165,Histórico 2006-2026,15
ATLANTICO,Votos no marcados,2026-03-01,CONGRESO 2026,Congreso,2026,37333,Histórico 2006-2026,15
BOGOTA D.C.,Potencial,2026-03-01,CONGRESO 2026,Congreso,2026,6101479,Histórico 2006-2026,15
BOGOTA D.C.,Sufragantes,2026-03-01,CONGRESO 2026,Congreso,2026,3055393,Histórico 2006-2026,15
BOGOTA D.C.,Votos válidos,2026-03-01,CONGRESO 2026,Congreso,2026,2978217,Histórico 2006-2026,15
BOGOTA D.C.,Votos por candidatos,2026-03-01,CONGRESO 2026,Congreso,2026,2862068,Histórico 2006-2026,15
BOGOTA D.C.,Voto en blanco,2026-03-01,CONGRESO 2026,Congreso,2026,116149,Histórico 2006-2026,15
BOGOTA D.C.,Votos nulos,2026-03-01,CONGRESO 2026,Congreso,2026,49406,Histórico 2006-2026,15
BOGOTA D.C.,Votos no marcados,2026-03-01,CONGRESO 2026,Congreso,2026,27770,Histórico 2006-2026,15
BOLIVAR,Potencial,2026-03-01,CONGRESO 2026,Congreso,2026,1794168,Histórico 2006-2026,15
BOLIVAR,Sufragantes,2026-03-01,CONGRESO 2026,Congreso,2026,1002199,Histórico 2006-2026,15
BOLIVAR,Votos válidos,2026-03-01,CONGRESO 2026,Congreso,2026,934865,Histórico 2006-2026,15
BOLIVAR,Votos por candidatos,2026-03-01,CONGRESO 2026,Congreso,2026,910576,Histórico 2006-2026,15
BOLIVAR,Voto en blanco,2026-03-01,CONGRESO 2026,Congreso,2026,24289,Histórico 2006-2026,15
BOLIVAR,Votos nulos,2026-03-01,CONGRESO 2026,Congreso,2026,40605,Histórico 2006-2026,15
BOLIVAR,Votos no marcados,2026-03-01,CONGRESO 2026,Congreso,2026,26729,Histórico 2006-2026,15
BOYACA,Potencial,2026-03-01,CONGRESO 2026,Congreso,2026,1045700,Histórico 2006-2026,15
BOYACA,Sufragantes,2026-03-01,CONGRESO 2026,Congreso,2026,537233,Histórico 2006-2026,15
BOYACA,Votos válidos,2026-03-01,CONGRESO 2026,Congreso,2026,506108,Histórico 2006-2026,15
BOYACA,Votos por candidatos,2026-03-01,CONGRESO 2026,Congreso,2026,484353,Histórico 2006-2026,15
BOYACA,Voto en blanco,2026-03-01,CONGRESO 2026,Congreso,2026,21755,Histórico 2006-2026,15
BOYACA,Votos nulos,2026-03-01,CONGRESO 2026,Congreso,2026,16369,Histórico 2006-2026,15
BOYACA,Votos no marcados,2026-03-01,CONGRESO 2026,Congreso,2026,14756,Histórico 2006-2026,15
CALDAS,Potencial,2026-03-01,CONGRESO 2026,Congreso,2026,834103,Histórico 2006-2026,15
CALDAS,Sufragantes,2026-03-01,CONGRESO 2026,Congreso,2026,434054,Histórico 2006-2026,15
CALDAS,Votos válidos,2026-03-01,CONGRESO 2026,Congreso,2026,399742,Histórico 2006-2026,15
CALDAS,Votos por candidatos,2026-03-01,CONGRESO 2026,Congreso,2026,379917,Histórico 2006-2026,15
CALDAS,Voto en blanco,2026-03-01,CONGRESO 2026,Congreso,2026,19825,Histórico 2006-2026,15
CALDAS,Votos nulos,2026-03-01,CONGRESO 2026,Congreso,2026,17866,Histórico 2006-2026,15
CALDAS,Votos no marcados,2026-03-01,CONGRESO 2026,Congreso,2026,16446,Histórico 2006-2026,15
CAQUETA,Potencial,2026-03-01,CONGRESO 2026,Congreso,2026,330453,Histórico 2006-2026,15
CAQUETA,Sufragantes,2026-03-01,CONGRESO 2026,Congreso,2026,140908,Histórico 2006-2026,15
CAQUETA,Votos válidos,2026-03-01,CONGRESO 2026,Congreso,2026,128685,Histórico 2006-2026,15
CAQUETA,Votos por candidatos,2026-03-01,CONGRESO 2026,Congreso,2026,121820,Histórico 2006-2026,15
CAQUETA,Voto en blanco,2026-03-01,CONGRESO 2026,Congreso,2026,6865,Histórico 2006-2026,15
CAQUETA,Votos nulos,2026-03-01,CONGRESO 2026,Congreso,2026,4353,Histórico 2006-2026,15
CAQUETA,Votos no marcados,2026-03-01,CONGRESO 2026,Congreso,2026,7870,Histórico 2006-2026,15
CASANARE,Potencial,2026-03-01,CONGRESO 2026,Congreso,2026,328998,Histórico 2006-2026,15
CASANARE,Sufragantes,2026-03-01,CONGRESO 2026,Congreso,2026,174550,Histórico 2006-2026,15
CASANARE,Votos válidos,2026-03-01,CONGRESO 2026,Congreso,2026,164090,Histórico 2006-2026,15
CASANARE,Votos por candidatos,2026-03-01,CONGRESO 2026,Congreso,2026,156661,Histórico 2006-2026,15
CASANARE,Voto en blanco,2026-03-01,CONGRESO 2026,Congreso,2026,7429,Histórico 2006-2026,15
CASANARE,Votos nulos,2026-03-01,CONGRESO 2026,Congreso,2026,5393,Histórico 2006-2026,15
CASANARE,Votos no marcados,2026-03-01,CONGRESO 2026,Congreso,2026,5067,Histórico 2006-2026,15
CAUCA,Potencial,2026-03-01,CONGRESO 2026,Congreso,2026,1078208,Histórico 2006-2026,15
CAUCA,Sufragantes,2026-03-01,CONGRESO 2026,Congreso,2026,519779,Histórico 2006-2026,15
CAUCA,Votos válidos,2026-03-01,CONGRESO 2026,Congreso,2026,479048,Histórico 2006-2026,15
CAUCA,Votos por candidatos,2026-03-01,CONGRESO 2026,Congreso,2026,463059,Histórico 2006-2026,15
CAUCA,Voto en blanco,2026-03-01,CONGRESO 2026,Congreso,2026,15989,Histórico 2006-2026,15
CAUCA,Votos nulos,2026-03-01,CONGRESO 2026,Congreso,2026,16567,Histórico 2006-2026,15
CAUCA,Votos no marcados,2026-03-01,CONGRESO 2026,Congreso,2026,24164,Histórico 2006-2026,15
CESAR,Potencial,2026-03-01,CONGRESO 2026,Congreso,2026,931353,Histórico 2006-2026,15
CESAR,Sufragantes,2026-03-01,CONGRESO 2026,Congreso,2026,502590,Histórico 2006-2026,15
CESAR,Votos válidos,2026-03-01,CONGRESO 2026,Congreso,2026,466434,Histórico 2006-2026,15
CESAR,Votos por candidatos,2026-03-01,CONGRESO 2026,Congreso,2026,453192,Histórico 2006-2026,15
CESAR,Voto en blanco,2026-03-01,CONGRESO 2026,Congreso,2026,13242,Histórico 2006-2026,15
CESAR,Votos nulos,2026-03-01,CONGRESO 2026,Congreso,2026,22358,Histórico 2006-2026,15
CESAR,Votos no marcados,2026-03-01,CONGRESO 2026,Congreso,2026,13798,Histórico 2006-2026,15
CHOCO,Potencial,2026-03-01,CONGRESO 2026,Congreso,2026,363743,Histórico 2006-2026,15
CHOCO,Sufragantes,2026-03-01,CONGRESO 2026,Congreso,2026,196829,Histórico 2006-2026,15
CHOCO,Votos válidos,2026-03-01,CONGRESO 2026,Congreso,2026,177637,Histórico 2006-2026,15
CHOCO,Votos por candidatos,2026-03-01,CONGRESO 2026,Congreso,2026,174280,Histórico 2006-2026,15
CHOCO,Voto en blanco,2026-03-01,CONGRESO 2026,Congreso,2026,3357,Histórico 2006-2026,15
CHOCO,Votos nulos,2026-03-01,CONGRESO 2026,Congreso,2026,9875,Histórico 2006-2026,15
CHOCO,Votos no marcados,2026-03-01,CONGRESO 2026,Congreso,2026,9317,Histórico 2006-2026,15
CONSULADOS,Potencial,2026-03-01,CONGRESO 2026,Congreso,2026,1250846,Histórico 2006-2026,15
CONSULADOS,Sufragantes,2026-03-01,CONGRESO 2026,Congreso,2026,255088,Histórico 2006-2026,15
CONSULADOS,Votos válidos,2026-03-01,CONGRESO 2026,Congreso,2026,252248,Histórico 2006-2026,15
CONSULADOS,Votos por candidatos,2026-03-01,CONGRESO 2026,Congreso,2026,247599,Histórico 2006-2026,15
CONSULADOS,Voto en blanco,2026-03-01,CONGRESO 2026,Congreso,2026,4649,Histórico 2006-2026,15
CONSULADOS,Votos nulos,2026-03-01,CONGRESO 2026,Congreso,2026,1631,Histórico 2006-2026,15
CONSULADOS,Votos no marcados,2026-03-01,CONGRESO 2026,Congreso,2026,1209,Histórico 2006-2026,15
CORDOBA,Potencial,2026-03-01,CONGRESO 2026,Congreso,2026,1406985,Histórico 2006-2026,15
CORDOBA,Sufragantes,2026-03-01,CONGRESO 2026,Congreso,2026,928733,Histórico 2006-2026,15
CORDOBA,Votos válidos,2026-03-01,CONGRESO 2026,Congreso,2026,882358,Histórico 2006-2026,15
CORDOBA,Votos por candidatos,2026-03-01,CONGRESO 2026,Congreso,2026,869610,Histórico 2006-2026,15
CORDOBA,Voto en blanco,2026-03-01,CONGRESO 2026,Congreso,2026,12748,Histórico 2006-2026,15
CORDOBA,Votos nulos,2026-03-01,CONGRESO 2026,Congreso,2026,28443,Histórico 2006-2026,15
CORDOBA,Votos no marcados,2026-03-01,CONGRESO 2026,Congreso,2026,17932,Histórico 2006-2026,15
CUNDINAMARCA,Potencial,2026-03-01,CONGRESO 2026,Congreso,2026,2288130,Histórico 2006-2026,15
CUNDINAMARCA,Sufragantes,2026-03-01,CONGRESO 2026,Congreso,2026,1210058,Histórico 2006-2026,15
CUNDINAMARCA,Votos válidos,2026-03-01,CONGRESO 2026,Congreso,2026,1147588,Histórico 2006-2026,15
CUNDINAMARCA,Votos por candidatos,2026-03-01,CONGRESO 2026,Congreso,2026,1088402,Histórico 2006-2026,15
CUNDINAMARCA,Voto en blanco,2026-03-01,CONGRESO 2026,Congreso,2026,59186,Histórico 2006-2026,15
CUNDINAMARCA,Votos nulos,2026-03-01,CONGRESO 2026,Congreso,2026,37701,Histórico 2006-2026,15
CUNDINAMARCA,Votos no marcados,2026-03-01,CONGRESO 2026,Congreso,2026,24769,Histórico 2006-2026,15
GUAINIA,Potencial,2026-03-01,CONGRESO 2026,Congreso,2026,36929,Histórico 2006-2026,15
GUAINIA,Sufragantes,2026-03-01,CONGRESO 2026,Congreso,2026,18204,Histórico 2006-2026,15
GUAINIA,Votos válidos,2026-03-01,CONGRESO 2026,Congreso,2026,15728,Histórico 2006-2026,15
GUAINIA,Votos por candidatos,2026-03-01,CONGRESO 2026,Congreso,2026,14928,Histórico 2006-2026,15
GUAINIA,Voto en blanco,2026-03-01,CONGRESO 2026,Congreso,2026,800,Histórico 2006-2026,15
GUAINIA,Votos nulos,2026-03-01,CONGRESO 2026,Congreso,2026,384,Histórico 2006-2026,15
GUAINIA,Votos no marcados,2026-03-01,CONGRESO 2026,Congreso,2026,2092,Histórico 2006-2026,15
GUAVIARE,Potencial,2026-03-01,CONGRESO 2026,Congreso,2026,70147,Histórico 2006-2026,15
GUAVIARE,Sufragantes,2026-03-01,CONGRESO 2026,Congreso,2026,37227,Histórico 2006-2026,15
GUAVIARE,Votos válidos,2026-03-01,CONGRESO 2026,Congreso,2026,33465,Histórico 2006-2026,15
GUAVIARE,Votos por candidatos,2026-03-01,CONGRESO 2026,Congreso,2026,31407,Histórico 2006-2026,15
GUAVIARE,Voto en blanco,2026-03-01,CONGRESO 2026,Congreso,2026,2058,Histórico 2006-2026,15
GUAVIARE,Votos nulos,2026-03-01,CONGRESO 2026,Congreso,2026,1489,Histórico 2006-2026,15
GUAVIARE,Votos no marcados,2026-03-01,CONGRESO 2026,Congreso,2026,2273,Histórico 2006-2026,15
HUILA,Potencial,2026-03-01,CONGRESO 2026,Congreso,2026,939740,Histórico 2006-2026,15
HUILA,Sufragantes,2026-03-01,CONGRESO 2026,Congreso,2026,430011,Histórico 2006-2026,15
HUILA,Votos válidos,2026-03-01,CONGRESO 2026,Congreso,2026,402060,Histórico 2006-2026,15
HUILA,Votos por candidatos,2026-03-01,CONGRESO 2026,Congreso,2026,385657,Histórico 2006-2026,15
HUILA,Voto en blanco,2026-03-01,CONGRESO 2026,Congreso,2026,16403,Histórico 2006-2026,15
HUILA,Votos nulos,2026-03-01,CONGRESO 2026,Congreso,2026,13906,Histórico 2006-2026,15
HUILA,Votos no marcados,2026-03-01,CONGRESO 2026,Congreso,2026,14045,Histórico 2006-2026,15
LA GUAJIRA,Potencial,2026-03-01,CONGRESO 2026,Congreso,2026,708871,Histórico 2006-2026,15
LA GUAJIRA,Sufragantes,2026-03-01,CONGRESO 2026,Congreso,2026,351164,Histórico 2006-2026,15
LA GUAJIRA,Votos válidos,2026-03-01,CONGRESO 2026,Congreso,2026,321962,Histórico 2006-2026,15
LA GUAJIRA,Votos por candidatos,2026-03-01,CONGRESO 2026,Congreso,2026,314657,Histórico 2006-2026,15
LA GUAJIRA,Voto en blanco,2026-03-01,CONGRESO 2026,Congreso,2026,7305,Histórico 2006-2026,15
LA GUAJIRA,Votos nulos,2026-03-01,CONGRESO 2026,Congreso,2026,14105,Histórico 2006-2026,15
LA GUAJIRA,Votos no marcados,2026-03-01,CONGRESO 2026,Congreso,2026,15097,Histórico 2006-2026,15
MAGDALENA,Potencial,2026-03-01,CONGRESO 2026,Congreso,2026,1095749,Histórico 2006-2026,15
MAGDALENA,Sufragantes,2026-03-01,CONGRESO 2026,Congreso,2026,615129,Histórico 2006-2026,15
MAGDALENA,Votos válidos,2026-03-01,CONGRESO 2026,Congreso,2026,572736,Histórico 2006-2026,15
MAGDALENA,Votos por candidatos,2026-03-01,CONGRESO 2026,Congreso,2026,560463,Histórico 2006-2026,15
MAGDALENA,Voto en blanco,2026-03-01,CONGRESO 2026,Congreso,2026,12273,Histórico 2006-2026,15
MAGDALENA,Votos nulos,2026-03-01,CONGRESO 2026,Congreso,2026,24539,Histórico 2006-2026,15
MAGDALENA,Votos no marcados,2026-03-01,CONGRESO 2026,Congreso,2026,17854,Histórico 2006-2026,15
META,Potencial,2026-03-01,CONGRESO 2026,Congreso,2026,849587,Histórico 2006-2026,15
META,Sufragantes,2026-03-01,CONGRESO 2026,Congreso,2026,451871,Histórico 2006-2026,15
META,Votos válidos,2026-03-01,CONGRESO 2026,Congreso,2026,425966,Histórico 2006-2026,15
META,Votos por candidatos,2026-03-01,CONGRESO 2026,Congreso,2026,407733,Histórico 2006-2026,15
META,Voto en blanco,2026-03-01,CONGRESO 2026,Congreso,2026,18233,Histórico 2006-2026,15
META,Votos nulos,2026-03-01,CONGRESO 2026,Congreso,2026,14963,Histórico 2006-2026,15
META,Votos no marcados,2026-03-01,CONGRESO 2026,Congreso,2026,10942,Histórico 2006-2026,15
NARIÑO,Potencial,2026-03-01,CONGRESO 2026,Congreso,2026,1233757,Histórico 2006-2026,15
NARIÑO,Sufragantes,2026-03-01,CONGRESO 2026,Congreso,2026,636993,Histórico 2006-2026,15
NARIÑO,Votos válidos,2026-03-01,CONGRESO 2026,Congreso,2026,599410,Histórico 2006-2026,15
NARIÑO,Votos por candidatos,2026-03-01,CONGRESO 2026,Congreso,2026,581227,Histórico 2006-2026,15
NARIÑO,Voto en blanco,2026-03-01,CONGRESO 2026,Congreso,2026,18183,Histórico 2006-2026,15
NARIÑO,Votos nulos,2026-03-01,CONGRESO 2026,Congreso,2026,17821,Histórico 2006-2026,15
NARIÑO,Votos no marcados,2026-03-01,CONGRESO 2026,Congreso,2026,19762,Histórico 2006-2026,15
NORTE DE SAN,Potencial,2026-03-01,CONGRESO 2026,Congreso,2026,1382708,Histórico 2006-2026,15
NORTE DE SAN,Sufragantes,2026-03-01,CONGRESO 2026,Congreso,2026,730646,Histórico 2006-2026,15
NORTE DE SAN,Votos válidos,2026-03-01,CONGRESO 2026,Congreso,2026,692032,Histórico 2006-2026,15
NORTE DE SAN,Votos por candidatos,2026-03-01,CONGRESO 2026,Congreso,2026,675800,Histórico 2006-2026,15
NORTE DE SAN,Voto en blanco,2026-03-01,CONGRESO 2026,Congreso,2026,16232,Histórico 2006-2026,15
NORTE DE SAN,Votos nulos,2026-03-01,CONGRESO 2026,Congreso,2026,23635,Histórico 2006-2026,15
NORTE DE SAN,Votos no marcados,2026-03-01,CONGRESO 2026,Congreso,2026,14979,Histórico 2006-2026,15
PUTUMAYO,Potencial,2026-03-01,CONGRESO 2026,Congreso,2026,264820,Histórico 2006-2026,15
PUTUMAYO,Sufragantes,2026-03-01,CONGRESO 2026,Congreso,2026,114920,Histórico 2006-2026,15
PUTUMAYO,Votos válidos,2026-03-01,CONGRESO 2026,Congreso,2026,105340,Histórico 2006-2026,15
PUTUMAYO,Votos por candidatos,2026-03-01,CONGRESO 2026,Congreso,2026,99734,Histórico 2006-2026,15
PUTUMAYO,Voto en blanco,2026-03-01,CONGRESO 2026,Congreso,2026,5606,Histórico 2006-2026,15
PUTUMAYO,Votos nulos,2026-03-01,CONGRESO 2026,Congreso,2026,2698,Histórico 2006-2026,15
PUTUMAYO,Votos no marcados,2026-03-01,CONGRESO 2026,Congreso,2026,6882,Histórico 2006-2026,15
QUINDIO,Potencial,2026-03-01,CONGRESO 2026,Congreso,2026,504543,Histórico 2006-2026,15
QUINDIO,Sufragantes,2026-03-01,CONGRESO 2026,Congreso,2026,248761,Histórico 2006-2026,15
QUINDIO,Votos válidos,2026-03-01,CONGRESO 2026,Congreso,2026,232596,Histórico 2006-2026,15
QUINDIO,Votos por candidatos,2026-03-01,CONGRESO 2026,Congreso,2026,221836,Histórico 2006-2026,15
QUINDIO,Voto en blanco,2026-03-01,CONGRESO 2026,Congreso,2026,10760,Histórico 2006-2026,15
QUINDIO,Votos nulos,2026-03-01,CONGRESO 2026,Congreso,2026,8559,Histórico 2006-2026,15
QUINDIO,Votos no marcados,2026-03-01,CONGRESO 2026,Congreso,2026,7606,Histórico 2006-2026,15
RISARALDA,Potencial,2026-03-01,CONGRESO 2026,Congreso,2026,874695,Histórico 2006-2026,15
RISARALDA,Sufragantes,2026-03-01,CONGRESO 2026,Congreso,2026,423220,Histórico 2006-2026,15
RISARALDA,Votos válidos,2026-03-01,CONGRESO 2026,Congreso,2026,394181,Histórico 2006-2026,15
RISARALDA,Votos por candidatos,2026-03-01,CONGRESO 2026,Congreso,2026,376428,Histórico 2006-2026,15
RISARALDA,Voto en blanco,2026-03-01,CONGRESO 2026,Congreso,2026,17753,Histórico 2006-2026,15
RISARALDA,Votos nulos,2026-03-01,CONGRESO 2026,Congreso,2026,14572,Histórico 2006-2026,15
RISARALDA,Votos no marcados,2026-03-01,CONGRESO 2026,Congreso,2026,14467,Histórico 2006-2026,15
SAN ANDRES,Potencial,2026-03-01,CONGRESO 2026,Congreso,2026,54067,Histórico 2006-2026,15
SAN ANDRES,Sufragantes,2026-03-01,CONGRESO 2026,Congreso,2026,24833,Histórico 2006-2026,15
SAN ANDRES,Votos válidos,2026-03-01,CONGRESO 2026,Congreso,2026,22433,Histórico 2006-2026,15
SAN ANDRES,Votos por candidatos,2026-03-01,CONGRESO 2026,Congreso,2026,20746,Histórico 2006-2026,15
SAN ANDRES,Voto en blanco,2026-03-01,CONGRESO 2026,Congreso,2026,1687,Histórico 2006-2026,15
SAN ANDRES,Votos nulos,2026-03-01,CONGRESO 2026,Congreso,2026,558,Histórico 2006-2026,15
SAN ANDRES,Votos no marcados,2026-03-01,CONGRESO 2026,Congreso,2026,1842,Histórico 2006-2026,15
SANTANDER,Potencial,2026-03-01,CONGRESO 2026,Congreso,2026,1867345,Histórico 2006-2026,15
SANTANDER,Sufragantes,2026-03-01,CONGRESO 2026,Congreso,2026,971594,Histórico 2006-2026,15
SANTANDER,Votos válidos,2026-03-01,CONGRESO 2026,Congreso,2026,927139,Histórico 2006-2026,15
SANTANDER,Votos por candidatos,2026-03-01,CONGRESO 2026,Congreso,2026,892710,Histórico 2006-2026,15
SANTANDER,Voto en blanco,2026-03-01,CONGRESO 2026,Congreso,2026,34429,Histórico 2006-2026,15
SANTANDER,Votos nulos,2026-03-01,CONGRESO 2026,Congreso,2026,24656,Histórico 2006-2026,15
SANTANDER,Votos no marcados,2026-03-01,CONGRESO 2026,Congreso,2026,19799,Histórico 2006-2026,15
SUCRE,Potencial,2026-03-01,CONGRESO 2026,Congreso,2026,768586,Histórico 2006-2026,15
SUCRE,Sufragantes,2026-03-01,CONGRESO 2026,Congreso,2026,517111,Histórico 2006-2026,15
SUCRE,Votos válidos,2026-03-01,CONGRESO 2026,Congreso,2026,485849,Histórico 2006-2026,15
SUCRE,Votos por candidatos,2026-03-01,CONGRESO 2026,Congreso,2026,478824,Histórico 2006-2026,15
SUCRE,Voto en blanco,2026-03-01,CONGRESO 2026,Congreso,2026,7025,Histórico 2006-2026,15
SUCRE,Votos nulos,2026-03-01,CONGRESO 2026,Congreso,2026,20866,Histórico 2006-2026,15
SUCRE,Votos no marcados,2026-03-01,CONGRESO 2026,Congreso,2026,10396,Histórico 2006-2026,15
TOLIMA,Potencial,2026-03-01,CONGRESO 2026,Congreso,2026,1177350,Histórico 2006-2026,15
TOLIMA,Sufragantes,2026-03-01,CONGRESO 2026,Congreso,2026,562954,Histórico 2006-2026,15
TOLIMA,Votos válidos,2026-03-01,CONGRESO 2026,Congreso,2026,526035,Histórico 2006-2026,15
TOLIMA,Votos por candidatos,2026-03-01,CONGRESO 2026,Congreso,2026,506165,Histórico 2006-2026,15
TOLIMA,Voto en blanco,2026-03-01,CONGRESO 2026,Congreso,2026,19870,Histórico 2006-2026,15
TOLIMA,Votos nulos,2026-03-01,CONGRESO 2026,Congreso,2026,18020,Histórico 2006-2026,15
TOLIMA,Votos no marcados,2026-03-01,CONGRESO 2026,Congreso,2026,18899,Histórico 2006-2026,15
VALLE,Potencial,2026-03-01,CONGRESO 2026,Congreso,2026,3800777,Histórico 2006-2026,15
VALLE,Sufragantes,2026-03-01,CONGRESO 2026,Congreso,2026,1811147,Histórico 2006-2026,15
VALLE,Votos válidos,2026-03-01,CONGRESO 2026,Congreso,2026,1731264,Histórico 2006-2026,15
VALLE,Votos por candidatos,2026-03-01,CONGRESO 2026,Congreso,2026,1682450,Histórico 2006-2026,15
VALLE,Voto en blanco,2026-03-01,CONGRESO 2026,Congreso,2026,48814,Histórico 2006-2026,15
VALLE,Votos nulos,2026-03-01,CONGRESO 2026,Congreso,2026,44027,Histórico 2006-2026,15
VALLE,Votos no marcados,2026-03-01,CONGRESO 2026,Congreso,2026,35856,Histórico 2006-2026,15
VAUPES,Potencial,2026-03-01,CONGRESO 2026,Congreso,2026,26162,Histórico 2006-2026,15
VAUPES,Sufragantes,2026-03-01,CONGRESO 2026,Congreso,2026,12823,Histórico 2006-2026,15
VAUPES,Votos válidos,2026-03-01,CONGRESO 2026,Congreso,2026,10804,Histórico 2006-2026,15
VAUPES,Votos por candidatos,2026-03-01,CONGRESO 2026,Congreso,2026,10269,Histórico 2006-2026,15
VAUPES,Voto en blanco,2026-03-01,CONGRESO 2026,Congreso,2026,535,Histórico 2006-2026,15
VAUPES,Votos nulos,2026-03-01,CONGRESO 2026,Congreso,2026,195,Histórico 2006-2026,15
VAUPES,Votos no marcados,2026-03-01,CONGRESO 2026,Congreso,2026,1824,Histórico 2006-2026,15
VICHADA,Potencial,2026-03-01,CONGRESO 2026,Congreso,2026,58204,Histórico 2006-2026,15
VICHADA,Sufragantes,2026-03-01,CONGRESO 2026,Congreso,2026,28679,Histórico 2006-2026,15
VICHADA,Votos válidos,2026-03-01,CONGRESO 2026,Congreso,2026,24270,Histórico 2006-2026,15
VICHADA,Votos por candidatos,2026-03-01,CONGRESO 2026,Congreso,2026,23417,Histórico 2006-2026,15
VICHADA,Voto en blanco,2026-03-01,CONGRESO 2026,Congreso,2026,853,Histórico 2006-2026,15
VICHADA,Votos nulos,2026-03-01,CONGRESO 2026,Congreso,2026,826,Histórico 2006-2026,15
VICHADA,Votos no marcados,2026-03-01,CONGRESO 2026,Congreso,2026,3583,Histórico 2006-2026,15
COLOMBIA,Potencial,2006-03-01,CONGRESO 2006,Congreso,2006,26593271,Histórico 2006-2026,1
COLOMBIA,Potencial,2006-05-01,PRESIDENCIA 2006,Presidencia 1V,2006,26731700,Histórico 2006-2026,2
COLOMBIA,Potencial,2010-03-01,CONGRESO 2010,Congreso,2010,29861699,Histórico 2006-2026,3
COLOMBIA,Potencial,2010-05-01,PRESIDENCIA 2010 - 1,Presidencia 1V,2010,29983279,Histórico 2006-2026,4
COLOMBIA,Potencial,2010-06-01,PRESIDENCIA 2010 - 2,Presidencia 2V,2010,29983279,Histórico 2006-2026,5
COLOMBIA,Potencial,2014-03-01,CONGRESO 2014,Congreso,2014,32803324,Histórico 2006-2026,6
COLOMBIA,Potencial,2014-05-01,PRESIDENCIA 2014 - 1,Presidencia 1V,2014,32975158,Histórico 2006-2026,7
COLOMBIA,Potencial,2014-06-01,PRESIDENCIA 2014 - 2,Presidencia 2V,2014,32975158,Histórico 2006-2026,8
COLOMBIA,Potencial,2018-03-01,CONGRESO 2018,Congreso,2018,36019656,Histórico 2006-2026,9
COLOMBIA,Potencial,2018-05-01,PRESIDENCIA 2018 - 1,Presidencia 1V,2018,36219940,Histórico 2006-2026,10
COLOMBIA,Potencial,2018-06-01,PRESIDENCIA 2018 - 2,Presidencia 2V,2018,36219940,Histórico 2006-2026,11
COLOMBIA,Potencial,2022-03-01,CONGRESO 2022,Congreso,2022,38819874,Histórico 2006-2026,12
COLOMBIA,Potencial,2022-05-01,PRESIDENCIA 2022 - 1,Presidencia 1V,2022,39002239,Histórico 2006-2026,13
COLOMBIA,Potencial,2022-06-01,PRESIDENCIA 2022 - 2,Presidencia 2V,2022,39002239,Histórico 2006-2026,14
COLOMBIA,Potencial,2026-03-01,CONGRESO 2026,Congreso,2026,41287084,Histórico 2006-2026,15
COLOMBIA,Sufragantes,2006-03-01,CONGRESO 2006,Congreso,2006,10674938,Histórico 2006-2026,1
COLOMBIA,Sufragantes,2006-05-01,PRESIDENCIA 2006,Presidencia 1V,2006,12041737,Histórico 2006-2026,2
COLOMBIA,Sufragantes,2010-03-01,CONGRESO 2010,Congreso,2010,12434126,Histórico 2006-2026,3
COLOMBIA,Sufragantes,2010-05-01,PRESIDENCIA 2010 - 1,Presidencia 1V,2010,14781020,Histórico 2006-2026,4
COLOMBIA,Sufragantes,2010-06-01,PRESIDENCIA 2010 - 2,Presidencia 2V,2010,13296924,Histórico 2006-2026,5
COLOMBIA,Sufragantes,2014-03-01,CONGRESO 2014,Congreso,2014,14101498,Histórico 2006-2026,6
COLOMBIA,Sufragantes,2014-05-01,PRESIDENCIA 2014 - 1,Presidencia 1V,2014,13222354,Histórico 2006-2026,7
COLOMBIA,Sufragantes,2014-06-01,PRESIDENCIA 2014 - 2,Presidencia 2V,2014,15818214,Histórico 2006-2026,8
COLOMBIA,Sufragantes,2018-03-01,CONGRESO 2018,Congreso,2018,17027763,Histórico 2006-2026,9
COLOMBIA,Sufragantes,2018-05-01,PRESIDENCIA 2018 - 1,Presidencia 1V,2018,19643695,Histórico 2006-2026,10
COLOMBIA,Sufragantes,2018-06-01,PRESIDENCIA 2018 - 2,Presidencia 2V,2018,19536404,Histórico 2006-2026,11
COLOMBIA,Sufragantes,2022-03-01,CONGRESO 2022,Congreso,2022,17562691,Histórico 2006-2026,12
COLOMBIA,Sufragantes,2022-05-01,PRESIDENCIA 2022 - 1,Presidencia 1V,2022,21442300,Histórico 2006-2026,13
COLOMBIA,Sufragantes,2022-06-01,PRESIDENCIA 2022 - 2,Presidencia 2V,2022,22689034,Histórico 2006-2026,14
COLOMBIA,Sufragantes,2026-03-01,CONGRESO 2026,Congreso,2026,20752402,Histórico 2006-2026,15
COLOMBIA,Voto en blanco,2006-03-01,CONGRESO 2006,Congreso,2006,260589,Histórico 2006-2026,1
COLOMBIA,Voto en blanco,2006-05-01,PRESIDENCIA 2006,Presidencia 1V,2006,226297,Histórico 2006-2026,2
COLOMBIA,Voto en blanco,2010-03-01,CONGRESO 2010,Congreso,2010,265902,Histórico 2006-2026,3
COLOMBIA,Voto en blanco,2010-05-01,PRESIDENCIA 2010 - 1,Presidencia 1V,2010,223977,Histórico 2006-2026,4
COLOMBIA,Voto en blanco,2010-06-01,PRESIDENCIA 2010 - 2,Presidencia 2V,2010,444274,Histórico 2006-2026,5
COLOMBIA,Voto en blanco,2014-03-01,CONGRESO 2014,Congreso,2014,840141,Histórico 2006-2026,6
COLOMBIA,Voto en blanco,2014-05-01,PRESIDENCIA 2014 - 1,Presidencia 1V,2014,770538,Histórico 2006-2026,7
COLOMBIA,Voto en blanco,2014-06-01,PRESIDENCIA 2014 - 2,Presidencia 2V,2014,618759,Histórico 2006-2026,8
COLOMBIA,Voto en blanco,2018-03-01,CONGRESO 2018,Congreso,2018,815498,Histórico 2006-2026,9
COLOMBIA,Voto en blanco,2018-05-01,PRESIDENCIA 2018 - 1,Presidencia 1V,2018,338581,Histórico 2006-2026,10
COLOMBIA,Voto en blanco,2018-06-01,PRESIDENCIA 2018 - 2,Presidencia 2V,2018,807924,Histórico 2006-2026,11
COLOMBIA,Voto en blanco,2022-03-01,CONGRESO 2022,Congreso,2022,1113484,Histórico 2006-2026,12
COLOMBIA,Voto en blanco,2022-05-01,PRESIDENCIA 2022 - 1,Presidencia 1V,2022,365777,Histórico 2006-2026,13
COLOMBIA,Voto en blanco,2022-06-01,PRESIDENCIA 2022 - 2,Presidencia 2V,2022,500069,Histórico 2006-2026,14
COLOMBIA,Voto en blanco,2026-03-01,CONGRESO 2026,Congreso,2026,716567,Histórico 2006-2026,15
COLOMBIA,Votos no marcados,2006-03-01,CONGRESO 2006,Congreso,2006,354101,Histórico 2006-2026,1
COLOMBIA,Votos no marcados,2006-05-01,PRESIDENCIA 2006,Presidencia 1V,2006,44995,Histórico 2006-2026,2
COLOMBIA,Votos no marcados,2010-03-01,CONGRESO 2010,Congreso,2010,709176,Histórico 2006-2026,3
COLOMBIA,Votos no marcados,2010-05-01,PRESIDENCIA 2010 - 1,Presidencia 1V,2010,37553,Histórico 2006-2026,4
COLOMBIA,Votos no marcados,2010-06-01,PRESIDENCIA 2010 - 2,Presidencia 2V,2010,37729,Histórico 2006-2026,5
COLOMBIA,Votos no marcados,2014-03-01,CONGRESO 2014,Congreso,2014,483416,Histórico 2006-2026,6
COLOMBIA,Votos no marcados,2014-05-01,PRESIDENCIA 2014 - 1,Presidencia 1V,2014,40069,Histórico 2006-2026,7
COLOMBIA,Votos no marcados,2014-06-01,PRESIDENCIA 2014 - 2,Presidencia 2V,2014,41653,Histórico 2006-2026,8
COLOMBIA,Votos no marcados,2018-03-01,CONGRESO 2018,Congreso,2018,546063,Histórico 2006-2026,9
COLOMBIA,Votos no marcados,2018-05-01,PRESIDENCIA 2018 - 1,Presidencia 1V,2018,47675,Histórico 2006-2026,10
COLOMBIA,Votos no marcados,2018-06-01,PRESIDENCIA 2018 - 2,Presidencia 2V,2018,25969,Histórico 2006-2026,11
COLOMBIA,Votos no marcados,2022-03-01,CONGRESO 2022,Congreso,2022,384033,Histórico 2006-2026,12
COLOMBIA,Votos no marcados,2022-05-01,PRESIDENCIA 2022 - 1,Presidencia 1V,2022,26632,Histórico 2006-2026,13
COLOMBIA,Votos no marcados,2022-06-01,PRESIDENCIA 2022 - 2,Presidencia 2V,2022,21461,Histórico 2006-2026,14
COLOMBIA,Votos no marcados,2026-03-01,CONGRESO 2026,Congreso,2026,523871,Histórico 2006-2026,15
COLOMBIA,Votos nulos,2006-03-01,CONGRESO 2006,Congreso,2006,1450839,Histórico 2006-2026,1
COLOMBIA,Votos nulos,2006-05-01,PRESIDENCIA 2006,Presidencia 1V,2006,132332,Histórico 2006-2026,2
COLOMBIA,Votos nulos,2010-03-01,CONGRESO 2010,Congreso,2010,2001654,Histórico 2006-2026,3
COLOMBIA,Votos nulos,2010-05-01,PRESIDENCIA 2010 - 1,Presidencia 1V,2010,170874,Histórico 2006-2026,4
COLOMBIA,Votos nulos,2010-06-01,PRESIDENCIA 2010 - 2,Presidencia 2V,2010,198003,Histórico 2006-2026,5
COLOMBIA,Votos nulos,2014-03-01,CONGRESO 2014,Congreso,2014,1753587,Histórico 2006-2026,6
COLOMBIA,Votos nulos,2014-05-01,PRESIDENCIA 2014 - 1,Presidencia 1V,2014,310692,Histórico 2006-2026,7
COLOMBIA,Votos nulos,2014-06-01,PRESIDENCIA 2014 - 2,Presidencia 2V,2014,401459,Histórico 2006-2026,8
COLOMBIA,Votos nulos,2018-03-01,CONGRESO 2018,Congreso,2018,1676315,Histórico 2006-2026,9
COLOMBIA,Votos nulos,2018-05-01,PRESIDENCIA 2018 - 1,Presidencia 1V,2018,242002,Histórico 2006-2026,10
COLOMBIA,Votos nulos,2018-06-01,PRESIDENCIA 2018 - 2,Presidencia 2V,2018,263373,Histórico 2006-2026,11
COLOMBIA,Votos nulos,2022-03-01,CONGRESO 2022,Congreso,2022,882834,Histórico 2006-2026,12
COLOMBIA,Votos nulos,2022-05-01,PRESIDENCIA 2022 - 1,Presidencia 1V,2022,241826,Histórico 2006-2026,13
COLOMBIA,Votos nulos,2022-06-01,PRESIDENCIA 2022 - 2,Presidencia 2V,2022,270090,Histórico 2006-2026,14
COLOMBIA,Votos nulos,2026-03-01,CONGRESO 2026,Congreso,2026,602330,Histórico 2006-2026,15
COLOMBIA,Votos por candidatos,2006-03-01,CONGRESO 2006,Congreso,2006,8609409,Histórico 2006-2026,1
COLOMBIA,Votos por candidatos,2006-05-01,PRESIDENCIA 2006,Presidencia 1V,2006,11638113,Histórico 2006-2026,2
COLOMBIA,Votos por candidatos,2010-03-01,CONGRESO 2010,Congreso,2010,9457394,Histórico 2006-2026,3
COLOMBIA,Votos por candidatos,2010-05-01,PRESIDENCIA 2010 - 1,Presidencia 1V,2010,14348616,Histórico 2006-2026,4
COLOMBIA,Votos por candidatos,2010-06-01,PRESIDENCIA 2010 - 2,Presidencia 2V,2010,12616918,Histórico 2006-2026,5
COLOMBIA,Votos por candidatos,2014-03-01,CONGRESO 2014,Congreso,2014,11024354,Histórico 2006-2026,6
COLOMBIA,Votos por candidatos,2014-05-01,PRESIDENCIA 2014 - 1,Presidencia 1V,2014,12101055,Histórico 2006-2026,7
COLOMBIA,Votos por candidatos,2014-06-01,PRESIDENCIA 2014 - 2,Presidencia 2V,2014,14756343,Histórico 2006-2026,8
COLOMBIA,Votos por candidatos,2018-03-01,CONGRESO 2018,Congreso,2018,13989887,Histórico 2006-2026,9
COLOMBIA,Votos por candidatos,2018-05-01,PRESIDENCIA 2018 - 1,Presidencia 1V,2018,19015437,Histórico 2006-2026,10
COLOMBIA,Votos por candidatos,2018-06-01,PRESIDENCIA 2018 - 2,Presidencia 2V,2018,18439138,Histórico 2006-2026,11
COLOMBIA,Votos por candidatos,2022-03-01,CONGRESO 2022,Congreso,2022,15540675,Histórico 2006-2026,12
COLOMBIA,Votos por candidatos,2022-05-01,PRESIDENCIA 2022 - 1,Presidencia 1V,2022,20808065,Histórico 2006-2026,13
COLOMBIA,Votos por candidatos,2022-06-01,PRESIDENCIA 2022 - 2,Presidencia 2V,2022,21897414,Histórico 2006-2026,14
COLOMBIA,Votos por candidatos,2026-03-01,CONGRESO 2026,Congreso,2026,18909634,Histórico 2006-2026,15
COLOMBIA,Votos válidos,2006-03-01,CONGRESO 2006,Congreso,2006,8869998,Histórico 2006-2026,1
COLOMBIA,Votos válidos,2006-05-01,PRESIDENCIA 2006,Presidencia 1V,2006,11864410,Histórico 2006-2026,2
COLOMBIA,Votos válidos,2010-03-01,CONGRESO 2010,Congreso,2010,9723296,Histórico 2006-2026,3
COLOMBIA,Votos válidos,2010-05-01,PRESIDENCIA 2010 - 1,Presidencia 1V,2010,14572593,Histórico 2006-2026,4
COLOMBIA,Votos válidos,2010-06-01,PRESIDENCIA 2010 - 2,Presidencia 2V,2010,13061192,Histórico 2006-2026,5
COLOMBIA,Votos válidos,2014-03-01,CONGRESO 2014,Congreso,2014,11864495,Histórico 2006-2026,6
COLOMBIA,Votos válidos,2014-05-01,PRESIDENCIA 2014 - 1,Presidencia 1V,2014,12871593,Histórico 2006-2026,7
COLOMBIA,Votos válidos,2014-06-01,PRESIDENCIA 2014 - 2,Presidencia 2V,2014,15375102,Histórico 2006-2026,8
COLOMBIA,Votos válidos,2018-03-01,CONGRESO 2018,Congreso,2018,14805385,Histórico 2006-2026,9
COLOMBIA,Votos válidos,2018-05-01,PRESIDENCIA 2018 - 1,Presidencia 1V,2018,19354018,Histórico 2006-2026,10
COLOMBIA,Votos válidos,2018-06-01,PRESIDENCIA 2018 - 2,Presidencia 2V,2018,19247062,Histórico 2006-2026,11
COLOMBIA,Votos válidos,2022-03-01,CONGRESO 2022,Congreso,2022,16654159,Histórico 2006-2026,12
COLOMBIA,Votos válidos,2022-05-01,PRESIDENCIA 2022 - 1,Presidencia 1V,2022,21173842,Histórico 2006-2026,13
COLOMBIA,Votos válidos,2022-06-01,PRESIDENCIA 2022 - 2,Presidencia 2V,2022,22397483,Histórico 2006-2026,14
COLOMBIA,Votos válidos,2026-03-01,CONGRESO 2026,Congreso,2026,19626201,Histórico 2006-2026,15
COLOMBIA,Potencial,2026-05-01,PRESIDENCIA 2026 - 1,Presidencia 1V,2026,41421973,MMV mayo 2026,16
COLOMBIA,Potencial,2026-06-01,PRESIDENCIA 2026 - 2 PROY,Presidencia 2V proy.,2026,41421973,Proyección junio 2026,17
COLOMBIA,Sufragantes,2026-05-01,PRESIDENCIA 2026 - 1,Presidencia 1V,2026,23978304,MMV mayo 2026,16
COLOMBIA,Sufragantes,2026-06-01,PRESIDENCIA 2026 - 2 PROY,Presidencia 2V proy.,2026,23451315,Proyección junio 2026,17
COLOMBIA,Votos válidos,2026-05-01,PRESIDENCIA 2026 - 1,Presidencia 1V,2026,23685329,MMV mayo 2026,16
COLOMBIA,Votos válidos,2026-06-01,PRESIDENCIA 2026 - 2 PROY,Presidencia 2V proy.,2026,23334478,Proyección junio 2026,17
COLOMBIA,Votos por candidatos,2026-05-01,PRESIDENCIA 2026 - 1,Presidencia 1V,2026,23278359,MMV mayo 2026,16
COLOMBIA,Votos por candidatos,2026-06-01,PRESIDENCIA 2026 - 2 PROY,Presidencia 2V proy.,2026,22495344,Proyección junio 2026,17
COLOMBIA,Voto en blanco,2026-05-01,PRESIDENCIA 2026 - 1,Presidencia 1V,2026,406970,MMV mayo 2026,16
COLOMBIA,Voto en blanco,2026-06-01,PRESIDENCIA 2026 - 2 PROY,Presidencia 2V proy.,2026,839134,Proyección junio 2026,17
COLOMBIA,Votos nulos,2026-05-01,PRESIDENCIA 2026 - 1,Presidencia 1V,2026,245389,MMV mayo 2026,16
COLOMBIA,Votos nulos,2026-06-01,PRESIDENCIA 2026 - 2 PROY,Presidencia 2V proy.,2026,90359,Proyección junio 2026,17
COLOMBIA,Votos no marcados,2026-05-01,PRESIDENCIA 2026 - 1,Presidencia 1V,2026,47586,MMV mayo 2026,16
COLOMBIA,Votos no marcados,2026-06-01,PRESIDENCIA 2026 - 2 PROY,Presidencia 2V proy.,2026,26478,Proyección junio 2026,17
AMAZONAS,Potencial,2026-05-01,PRESIDENCIA 2026 - 1,Presidencia 1V,2026,57274,MMV mayo 2026,16
AMAZONAS,Potencial,2026-06-01,PRESIDENCIA 2026 - 2 PROY,Presidencia 2V proy.,2026,57274,Proyección junio 2026,17
AMAZONAS,Sufragantes,2026-05-01,PRESIDENCIA 2026 - 1,Presidencia 1V,2026,25557,MMV mayo 2026,16
AMAZONAS,Sufragantes,2026-06-01,PRESIDENCIA 2026 - 2 PROY,Presidencia 2V proy.,2026,26088,Proyección junio 2026,17
AMAZONAS,Votos válidos,2026-05-01,PRESIDENCIA 2026 - 1,Presidencia 1V,2026,25227,MMV mayo 2026,16
AMAZONAS,Votos válidos,2026-06-01,PRESIDENCIA 2026 - 2 PROY,Presidencia 2V proy.,2026,25330,Proyección junio 2026,17
AMAZONAS,Votos por candidatos,2026-05-01,PRESIDENCIA 2026 - 1,Presidencia 1V,2026,24748,MMV mayo 2026,16
AMAZONAS,Votos por candidatos,2026-06-01,PRESIDENCIA 2026 - 2 PROY,Presidencia 2V proy.,2026,24430,Proyección junio 2026,17
AMAZONAS,Voto en blanco,2026-05-01,PRESIDENCIA 2026 - 1,Presidencia 1V,2026,479,MMV mayo 2026,16
AMAZONAS,Voto en blanco,2026-06-01,PRESIDENCIA 2026 - 2 PROY,Presidencia 2V proy.,2026,900,Proyección junio 2026,17
AMAZONAS,Votos nulos,2026-05-01,PRESIDENCIA 2026 - 1,Presidencia 1V,2026,229,MMV mayo 2026,16
AMAZONAS,Votos nulos,2026-06-01,PRESIDENCIA 2026 - 2 PROY,Presidencia 2V proy.,2026,457,Proyección junio 2026,17
AMAZONAS,Votos no marcados,2026-05-01,PRESIDENCIA 2026 - 1,Presidencia 1V,2026,101,MMV mayo 2026,16
AMAZONAS,Votos no marcados,2026-06-01,PRESIDENCIA 2026 - 2 PROY,Presidencia 2V proy.,2026,301,Proyección junio 2026,17
ANTIOQUIA,Potencial,2026-05-01,PRESIDENCIA 2026 - 1,Presidencia 1V,2026,5448240,MMV mayo 2026,16
ANTIOQUIA,Potencial,2026-06-01,PRESIDENCIA 2026 - 2 PROY,Presidencia 2V proy.,2026,5448240,Proyección junio 2026,17
ANTIOQUIA,Sufragantes,2026-05-01,PRESIDENCIA 2026 - 1,Presidencia 1V,2026,3209520,MMV mayo 2026,16
ANTIOQUIA,Sufragantes,2026-06-01,PRESIDENCIA 2026 - 2 PROY,Presidencia 2V proy.,2026,3071254,Proyección junio 2026,17
ANTIOQUIA,Votos válidos,2026-05-01,PRESIDENCIA 2026 - 1,Presidencia 1V,2026,3170236,MMV mayo 2026,16
ANTIOQUIA,Votos válidos,2026-06-01,PRESIDENCIA 2026 - 2 PROY,Presidencia 2V proy.,2026,3071254,Proyección junio 2026,17
ANTIOQUIA,Votos por candidatos,2026-05-01,PRESIDENCIA 2026 - 1,Presidencia 1V,2026,3109697,MMV mayo 2026,16
ANTIOQUIA,Votos por candidatos,2026-06-01,PRESIDENCIA 2026 - 2 PROY,Presidencia 2V proy.,2026,2923172,Proyección junio 2026,17
ANTIOQUIA,Voto en blanco,2026-05-01,PRESIDENCIA 2026 - 1,Presidencia 1V,2026,60539,MMV mayo 2026,16
ANTIOQUIA,Voto en blanco,2026-06-01,PRESIDENCIA 2026 - 2 PROY,Presidencia 2V proy.,2026,148082,Proyección junio 2026,17
ANTIOQUIA,Votos nulos,2026-05-01,PRESIDENCIA 2026 - 1,Presidencia 1V,2026,31097,MMV mayo 2026,16
ANTIOQUIA,Votos nulos,2026-06-01,PRESIDENCIA 2026 - 2 PROY,Presidencia 2V proy.,2026,0,Proyección junio 2026,17
ANTIOQUIA,Votos no marcados,2026-05-01,PRESIDENCIA 2026 - 1,Presidencia 1V,2026,8187,MMV mayo 2026,16
ANTIOQUIA,Votos no marcados,2026-06-01,PRESIDENCIA 2026 - 2 PROY,Presidencia 2V proy.,2026,0,Proyección junio 2026,17
ARAUCA,Potencial,2026-05-01,PRESIDENCIA 2026 - 1,Presidencia 1V,2026,220805,MMV mayo 2026,16
ARAUCA,Potencial,2026-06-01,PRESIDENCIA 2026 - 2 PROY,Presidencia 2V proy.,2026,220805,Proyección junio 2026,17
ARAUCA,Sufragantes,2026-05-01,PRESIDENCIA 2026 - 1,Presidencia 1V,2026,100729,MMV mayo 2026,16
ARAUCA,Sufragantes,2026-06-01,PRESIDENCIA 2026 - 2 PROY,Presidencia 2V proy.,2026,110062,Proyección junio 2026,17
ARAUCA,Votos válidos,2026-05-01,PRESIDENCIA 2026 - 1,Presidencia 1V,2026,98687,MMV mayo 2026,16
ARAUCA,Votos válidos,2026-06-01,PRESIDENCIA 2026 - 2 PROY,Presidencia 2V proy.,2026,107724,Proyección junio 2026,17
ARAUCA,Votos por candidatos,2026-05-01,PRESIDENCIA 2026 - 1,Presidencia 1V,2026,96108,MMV mayo 2026,16
ARAUCA,Votos por candidatos,2026-06-01,PRESIDENCIA 2026 - 2 PROY,Presidencia 2V proy.,2026,102786,Proyección junio 2026,17
ARAUCA,Voto en blanco,2026-05-01,PRESIDENCIA 2026 - 1,Presidencia 1V,2026,2579,MMV mayo 2026,16
ARAUCA,Voto en blanco,2026-06-01,PRESIDENCIA 2026 - 2 PROY,Presidencia 2V proy.,2026,4938,Proyección junio 2026,17
ARAUCA,Votos nulos,2026-05-01,PRESIDENCIA 2026 - 1,Presidencia 1V,2026,1660,MMV mayo 2026,16
ARAUCA,Votos nulos,2026-06-01,PRESIDENCIA 2026 - 2 PROY,Presidencia 2V proy.,2026,1698,Proyección junio 2026,17
ARAUCA,Votos no marcados,2026-05-01,PRESIDENCIA 2026 - 1,Presidencia 1V,2026,382,MMV mayo 2026,16
ARAUCA,Votos no marcados,2026-06-01,PRESIDENCIA 2026 - 2 PROY,Presidencia 2V proy.,2026,640,Proyección junio 2026,17
ATLANTICO,Potencial,2026-05-01,PRESIDENCIA 2026 - 1,Presidencia 1V,2026,2129515,MMV mayo 2026,16
ATLANTICO,Potencial,2026-06-01,PRESIDENCIA 2026 - 2 PROY,Presidencia 2V proy.,2026,2129515,Proyección junio 2026,17
ATLANTICO,Sufragantes,2026-05-01,PRESIDENCIA 2026 - 1,Presidencia 1V,2026,1060147,MMV mayo 2026,16
ATLANTICO,Sufragantes,2026-06-01,PRESIDENCIA 2026 - 2 PROY,Presidencia 2V proy.,2026,1162535,Proyección junio 2026,17
ATLANTICO,Votos válidos,2026-05-01,PRESIDENCIA 2026 - 1,Presidencia 1V,2026,1053684,MMV mayo 2026,16
ATLANTICO,Votos válidos,2026-06-01,PRESIDENCIA 2026 - 2 PROY,Presidencia 2V proy.,2026,1159873,Proyección junio 2026,17
ATLANTICO,Votos por candidatos,2026-05-01,PRESIDENCIA 2026 - 1,Presidencia 1V,2026,1041351,MMV mayo 2026,16
ATLANTICO,Votos por candidatos,2026-06-01,PRESIDENCIA 2026 - 2 PROY,Presidencia 2V proy.,2026,1128414,Proyección junio 2026,17
ATLANTICO,Voto en blanco,2026-05-01,PRESIDENCIA 2026 - 1,Presidencia 1V,2026,12333,MMV mayo 2026,16
ATLANTICO,Voto en blanco,2026-06-01,PRESIDENCIA 2026 - 2 PROY,Presidencia 2V proy.,2026,31459,Proyección junio 2026,17
ATLANTICO,Votos nulos,2026-05-01,PRESIDENCIA 2026 - 1,Presidencia 1V,2026,4735,MMV mayo 2026,16
ATLANTICO,Votos nulos,2026-06-01,PRESIDENCIA 2026 - 2 PROY,Presidencia 2V proy.,2026,1877,Proyección junio 2026,17
ATLANTICO,Votos no marcados,2026-05-01,PRESIDENCIA 2026 - 1,Presidencia 1V,2026,1728,MMV mayo 2026,16
ATLANTICO,Votos no marcados,2026-06-01,PRESIDENCIA 2026 - 2 PROY,Presidencia 2V proy.,2026,785,Proyección junio 2026,17
BOGOTA D.C.,Potencial,2026-05-01,PRESIDENCIA 2026 - 1,Presidencia 1V,2026,6076599,MMV mayo 2026,16
BOGOTA D.C.,Potencial,2026-06-01,PRESIDENCIA 2026 - 2 PROY,Presidencia 2V proy.,2026,6076599,Proyección junio 2026,17
BOGOTA D.C.,Sufragantes,2026-05-01,PRESIDENCIA 2026 - 1,Presidencia 1V,2026,4130084,MMV mayo 2026,16
BOGOTA D.C.,Sufragantes,2026-06-01,PRESIDENCIA 2026 - 2 PROY,Presidencia 2V proy.,2026,3910550,Proyección junio 2026,17
BOGOTA D.C.,Votos válidos,2026-05-01,PRESIDENCIA 2026 - 1,Presidencia 1V,2026,4094508,MMV mayo 2026,16
BOGOTA D.C.,Votos válidos,2026-06-01,PRESIDENCIA 2026 - 2 PROY,Presidencia 2V proy.,2026,3910550,Proyección junio 2026,17
BOGOTA D.C.,Votos por candidatos,2026-05-01,PRESIDENCIA 2026 - 1,Presidencia 1V,2026,4024364,MMV mayo 2026,16
BOGOTA D.C.,Votos por candidatos,2026-06-01,PRESIDENCIA 2026 - 2 PROY,Presidencia 2V proy.,2026,3743896,Proyección junio 2026,17
BOGOTA D.C.,Voto en blanco,2026-05-01,PRESIDENCIA 2026 - 1,Presidencia 1V,2026,70144,MMV mayo 2026,16
BOGOTA D.C.,Voto en blanco,2026-06-01,PRESIDENCIA 2026 - 2 PROY,Presidencia 2V proy.,2026,166654,Proyección junio 2026,17
BOGOTA D.C.,Votos nulos,2026-05-01,PRESIDENCIA 2026 - 1,Presidencia 1V,2026,33279,MMV mayo 2026,16
BOGOTA D.C.,Votos nulos,2026-06-01,PRESIDENCIA 2026 - 2 PROY,Presidencia 2V proy.,2026,0,Proyección junio 2026,17
BOGOTA D.C.,Votos no marcados,2026-05-01,PRESIDENCIA 2026 - 1,Presidencia 1V,2026,2297,MMV mayo 2026,16
BOGOTA D.C.,Votos no marcados,2026-06-01,PRESIDENCIA 2026 - 2 PROY,Presidencia 2V proy.,2026,0,Proyección junio 2026,17
BOLIVAR,Potencial,2026-05-01,PRESIDENCIA 2026 - 1,Presidencia 1V,2026,1791159,MMV mayo 2026,16
BOLIVAR,Potencial,2026-06-01,PRESIDENCIA 2026 - 2 PROY,Presidencia 2V proy.,2026,1791159,Proyección junio 2026,17
BOLIVAR,Sufragantes,2026-05-01,PRESIDENCIA 2026 - 1,Presidencia 1V,2026,827020,MMV mayo 2026,16
BOLIVAR,Sufragantes,2026-06-01,PRESIDENCIA 2026 - 2 PROY,Presidencia 2V proy.,2026,898822,Proyección junio 2026,17
BOLIVAR,Votos válidos,2026-05-01,PRESIDENCIA 2026 - 1,Presidencia 1V,2026,820699,MMV mayo 2026,16
BOLIVAR,Votos válidos,2026-06-01,PRESIDENCIA 2026 - 2 PROY,Presidencia 2V proy.,2026,892065,Proyección junio 2026,17
BOLIVAR,Votos por candidatos,2026-05-01,PRESIDENCIA 2026 - 1,Presidencia 1V,2026,807418,MMV mayo 2026,16
BOLIVAR,Votos por candidatos,2026-06-01,PRESIDENCIA 2026 - 2 PROY,Presidencia 2V proy.,2026,868841,Proyección junio 2026,17
BOLIVAR,Voto en blanco,2026-05-01,PRESIDENCIA 2026 - 1,Presidencia 1V,2026,13281,MMV mayo 2026,16
BOLIVAR,Voto en blanco,2026-06-01,PRESIDENCIA 2026 - 2 PROY,Presidencia 2V proy.,2026,23224,Proyección junio 2026,17
BOLIVAR,Votos nulos,2026-05-01,PRESIDENCIA 2026 - 1,Presidencia 1V,2026,4542,MMV mayo 2026,16
BOLIVAR,Votos nulos,2026-06-01,PRESIDENCIA 2026 - 2 PROY,Presidencia 2V proy.,2026,5017,Proyección junio 2026,17
BOLIVAR,Votos no marcados,2026-05-01,PRESIDENCIA 2026 - 1,Presidencia 1V,2026,1779,MMV mayo 2026,16
BOLIVAR,Votos no marcados,2026-06-01,PRESIDENCIA 2026 - 2 PROY,Presidencia 2V proy.,2026,1740,Proyección junio 2026,17
BOYACA,Potencial,2026-05-01,PRESIDENCIA 2026 - 1,Presidencia 1V,2026,1039293,MMV mayo 2026,16
BOYACA,Potencial,2026-06-01,PRESIDENCIA 2026 - 2 PROY,Presidencia 2V proy.,2026,1039293,Proyección junio 2026,17
BOYACA,Sufragantes,2026-05-01,PRESIDENCIA 2026 - 1,Presidencia 1V,2026,677633,MMV mayo 2026,16
BOYACA,Sufragantes,2026-06-01,PRESIDENCIA 2026 - 2 PROY,Presidencia 2V proy.,2026,636387,Proyección junio 2026,17
BOYACA,Votos válidos,2026-05-01,PRESIDENCIA 2026 - 1,Presidencia 1V,2026,669162,MMV mayo 2026,16
BOYACA,Votos válidos,2026-06-01,PRESIDENCIA 2026 - 2 PROY,Presidencia 2V proy.,2026,633511,Proyección junio 2026,17
BOYACA,Votos por candidatos,2026-05-01,PRESIDENCIA 2026 - 1,Presidencia 1V,2026,658822,MMV mayo 2026,16
BOYACA,Votos por candidatos,2026-06-01,PRESIDENCIA 2026 - 2 PROY,Presidencia 2V proy.,2026,611396,Proyección junio 2026,17
BOYACA,Voto en blanco,2026-05-01,PRESIDENCIA 2026 - 1,Presidencia 1V,2026,10340,MMV mayo 2026,16
BOYACA,Voto en blanco,2026-06-01,PRESIDENCIA 2026 - 2 PROY,Presidencia 2V proy.,2026,22115,Proyección junio 2026,17
BOYACA,Votos nulos,2026-05-01,PRESIDENCIA 2026 - 1,Presidencia 1V,2026,7362,MMV mayo 2026,16
BOYACA,Votos nulos,2026-06-01,PRESIDENCIA 2026 - 2 PROY,Presidencia 2V proy.,2026,2358,Proyección junio 2026,17
BOYACA,Votos no marcados,2026-05-01,PRESIDENCIA 2026 - 1,Presidencia 1V,2026,1109,MMV mayo 2026,16
BOYACA,Votos no marcados,2026-06-01,PRESIDENCIA 2026 - 2 PROY,Presidencia 2V proy.,2026,518,Proyección junio 2026,17
CALDAS,Potencial,2026-05-01,PRESIDENCIA 2026 - 1,Presidencia 1V,2026,828671,MMV mayo 2026,16
CALDAS,Potencial,2026-06-01,PRESIDENCIA 2026 - 2 PROY,Presidencia 2V proy.,2026,828671,Proyección junio 2026,17
CALDAS,Sufragantes,2026-05-01,PRESIDENCIA 2026 - 1,Presidencia 1V,2026,502807,MMV mayo 2026,16
CALDAS,Sufragantes,2026-06-01,PRESIDENCIA 2026 - 2 PROY,Presidencia 2V proy.,2026,479949,Proyección junio 2026,17
CALDAS,Votos válidos,2026-05-01,PRESIDENCIA 2026 - 1,Presidencia 1V,2026,491259,MMV mayo 2026,16
CALDAS,Votos válidos,2026-06-01,PRESIDENCIA 2026 - 2 PROY,Presidencia 2V proy.,2026,470989,Proyección junio 2026,17
CALDAS,Votos por candidatos,2026-05-01,PRESIDENCIA 2026 - 1,Presidencia 1V,2026,481427,MMV mayo 2026,16
CALDAS,Votos por candidatos,2026-06-01,PRESIDENCIA 2026 - 2 PROY,Presidencia 2V proy.,2026,448519,Proyección junio 2026,17
CALDAS,Voto en blanco,2026-05-01,PRESIDENCIA 2026 - 1,Presidencia 1V,2026,9832,MMV mayo 2026,16
CALDAS,Voto en blanco,2026-06-01,PRESIDENCIA 2026 - 2 PROY,Presidencia 2V proy.,2026,22470,Proyección junio 2026,17
CALDAS,Votos nulos,2026-05-01,PRESIDENCIA 2026 - 1,Presidencia 1V,2026,9719,MMV mayo 2026,16
CALDAS,Votos nulos,2026-06-01,PRESIDENCIA 2026 - 2 PROY,Presidencia 2V proy.,2026,7011,Proyección junio 2026,17
CALDAS,Votos no marcados,2026-05-01,PRESIDENCIA 2026 - 1,Presidencia 1V,2026,1829,MMV mayo 2026,16
CALDAS,Votos no marcados,2026-06-01,PRESIDENCIA 2026 - 2 PROY,Presidencia 2V proy.,2026,1949,Proyección junio 2026,17
CAQUETA,Potencial,2026-05-01,PRESIDENCIA 2026 - 1,Presidencia 1V,2026,327418,MMV mayo 2026,16
CAQUETA,Potencial,2026-06-01,PRESIDENCIA 2026 - 2 PROY,Presidencia 2V proy.,2026,327418,Proyección junio 2026,17
CAQUETA,Sufragantes,2026-05-01,PRESIDENCIA 2026 - 1,Presidencia 1V,2026,174993,MMV mayo 2026,16
CAQUETA,Sufragantes,2026-06-01,PRESIDENCIA 2026 - 2 PROY,Presidencia 2V proy.,2026,173656,Proyección junio 2026,17
CAQUETA,Votos válidos,2026-05-01,PRESIDENCIA 2026 - 1,Presidencia 1V,2026,171296,MMV mayo 2026,16
CAQUETA,Votos válidos,2026-06-01,PRESIDENCIA 2026 - 2 PROY,Presidencia 2V proy.,2026,169374,Proyección junio 2026,17
CAQUETA,Votos por candidatos,2026-05-01,PRESIDENCIA 2026 - 1,Presidencia 1V,2026,166351,MMV mayo 2026,16
CAQUETA,Votos por candidatos,2026-06-01,PRESIDENCIA 2026 - 2 PROY,Presidencia 2V proy.,2026,162209,Proyección junio 2026,17
CAQUETA,Voto en blanco,2026-05-01,PRESIDENCIA 2026 - 1,Presidencia 1V,2026,4945,MMV mayo 2026,16
CAQUETA,Voto en blanco,2026-06-01,PRESIDENCIA 2026 - 2 PROY,Presidencia 2V proy.,2026,7165,Proyección junio 2026,17
CAQUETA,Votos nulos,2026-05-01,PRESIDENCIA 2026 - 1,Presidencia 1V,2026,2707,MMV mayo 2026,16
CAQUETA,Votos nulos,2026-06-01,PRESIDENCIA 2026 - 2 PROY,Presidencia 2V proy.,2026,3057,Proyección junio 2026,17
CAQUETA,Votos no marcados,2026-05-01,PRESIDENCIA 2026 - 1,Presidencia 1V,2026,990,MMV mayo 2026,16
CAQUETA,Votos no marcados,2026-06-01,PRESIDENCIA 2026 - 2 PROY,Presidencia 2V proy.,2026,1225,Proyección junio 2026,17
CASANARE,Potencial,2026-05-01,PRESIDENCIA 2026 - 1,Presidencia 1V,2026,328773,MMV mayo 2026,16
CASANARE,Potencial,2026-06-01,PRESIDENCIA 2026 - 2 PROY,Presidencia 2V proy.,2026,328773,Proyección junio 2026,17
CASANARE,Sufragantes,2026-05-01,PRESIDENCIA 2026 - 1,Presidencia 1V,2026,222503,MMV mayo 2026,16
CASANARE,Sufragantes,2026-06-01,PRESIDENCIA 2026 - 2 PROY,Presidencia 2V proy.,2026,208331,Proyección junio 2026,17
CASANARE,Votos válidos,2026-05-01,PRESIDENCIA 2026 - 1,Presidencia 1V,2026,218942,MMV mayo 2026,16
CASANARE,Votos válidos,2026-06-01,PRESIDENCIA 2026 - 2 PROY,Presidencia 2V proy.,2026,205584,Proyección junio 2026,17
CASANARE,Votos por candidatos,2026-05-01,PRESIDENCIA 2026 - 1,Presidencia 1V,2026,215037,MMV mayo 2026,16
CASANARE,Votos por candidatos,2026-06-01,PRESIDENCIA 2026 - 2 PROY,Presidencia 2V proy.,2026,198666,Proyección junio 2026,17
CASANARE,Voto en blanco,2026-05-01,PRESIDENCIA 2026 - 1,Presidencia 1V,2026,3905,MMV mayo 2026,16
CASANARE,Voto en blanco,2026-06-01,PRESIDENCIA 2026 - 2 PROY,Presidencia 2V proy.,2026,6918,Proyección junio 2026,17
CASANARE,Votos nulos,2026-05-01,PRESIDENCIA 2026 - 1,Presidencia 1V,2026,3063,MMV mayo 2026,16
CASANARE,Votos nulos,2026-06-01,PRESIDENCIA 2026 - 2 PROY,Presidencia 2V proy.,2026,2392,Proyección junio 2026,17
CASANARE,Votos no marcados,2026-05-01,PRESIDENCIA 2026 - 1,Presidencia 1V,2026,498,MMV mayo 2026,16
CASANARE,Votos no marcados,2026-06-01,PRESIDENCIA 2026 - 2 PROY,Presidencia 2V proy.,2026,355,Proyección junio 2026,17
CAUCA,Potencial,2026-05-01,PRESIDENCIA 2026 - 1,Presidencia 1V,2026,1075975,MMV mayo 2026,16
CAUCA,Potencial,2026-06-01,PRESIDENCIA 2026 - 2 PROY,Presidencia 2V proy.,2026,1075975,Proyección junio 2026,17
CAUCA,Sufragantes,2026-05-01,PRESIDENCIA 2026 - 1,Presidencia 1V,2026,696829,MMV mayo 2026,16
CAUCA,Sufragantes,2026-06-01,PRESIDENCIA 2026 - 2 PROY,Presidencia 2V proy.,2026,624909,Proyección junio 2026,17
CAUCA,Votos válidos,2026-05-01,PRESIDENCIA 2026 - 1,Presidencia 1V,2026,677203,MMV mayo 2026,16
CAUCA,Votos válidos,2026-06-01,PRESIDENCIA 2026 - 2 PROY,Presidencia 2V proy.,2026,617007,Proyección junio 2026,17
CAUCA,Votos por candidatos,2026-05-01,PRESIDENCIA 2026 - 1,Presidencia 1V,2026,660770,MMV mayo 2026,16
CAUCA,Votos por candidatos,2026-06-01,PRESIDENCIA 2026 - 2 PROY,Presidencia 2V proy.,2026,596903,Proyección junio 2026,17
CAUCA,Voto en blanco,2026-05-01,PRESIDENCIA 2026 - 1,Presidencia 1V,2026,16433,MMV mayo 2026,16
CAUCA,Voto en blanco,2026-06-01,PRESIDENCIA 2026 - 2 PROY,Presidencia 2V proy.,2026,20104,Proyección junio 2026,17
CAUCA,Votos nulos,2026-05-01,PRESIDENCIA 2026 - 1,Presidencia 1V,2026,15568,MMV mayo 2026,16
CAUCA,Votos nulos,2026-06-01,PRESIDENCIA 2026 - 2 PROY,Presidencia 2V proy.,2026,5649,Proyección junio 2026,17
CAUCA,Votos no marcados,2026-05-01,PRESIDENCIA 2026 - 1,Presidencia 1V,2026,4058,MMV mayo 2026,16
CAUCA,Votos no marcados,2026-06-01,PRESIDENCIA 2026 - 2 PROY,Presidencia 2V proy.,2026,2253,Proyección junio 2026,17
CESAR,Potencial,2026-05-01,PRESIDENCIA 2026 - 1,Presidencia 1V,2026,929139,MMV mayo 2026,16
CESAR,Potencial,2026-06-01,PRESIDENCIA 2026 - 2 PROY,Presidencia 2V proy.,2026,929139,Proyección junio 2026,17
CESAR,Sufragantes,2026-05-01,PRESIDENCIA 2026 - 1,Presidencia 1V,2026,488601,MMV mayo 2026,16
CESAR,Sufragantes,2026-06-01,PRESIDENCIA 2026 - 2 PROY,Presidencia 2V proy.,2026,518253,Proyección junio 2026,17
CESAR,Votos válidos,2026-05-01,PRESIDENCIA 2026 - 1,Presidencia 1V,2026,482856,MMV mayo 2026,16
CESAR,Votos válidos,2026-06-01,PRESIDENCIA 2026 - 2 PROY,Presidencia 2V proy.,2026,511084,Proyección junio 2026,17
CESAR,Votos por candidatos,2026-05-01,PRESIDENCIA 2026 - 1,Presidencia 1V,2026,475751,MMV mayo 2026,16
CESAR,Votos por candidatos,2026-06-01,PRESIDENCIA 2026 - 2 PROY,Presidencia 2V proy.,2026,498904,Proyección junio 2026,17
CESAR,Voto en blanco,2026-05-01,PRESIDENCIA 2026 - 1,Presidencia 1V,2026,7105,MMV mayo 2026,16
CESAR,Voto en blanco,2026-06-01,PRESIDENCIA 2026 - 2 PROY,Presidencia 2V proy.,2026,12180,Proyección junio 2026,17
CESAR,Votos nulos,2026-05-01,PRESIDENCIA 2026 - 1,Presidencia 1V,2026,4679,MMV mayo 2026,16
CESAR,Votos nulos,2026-06-01,PRESIDENCIA 2026 - 2 PROY,Presidencia 2V proy.,2026,5967,Proyección junio 2026,17
CESAR,Votos no marcados,2026-05-01,PRESIDENCIA 2026 - 1,Presidencia 1V,2026,1066,MMV mayo 2026,16
CESAR,Votos no marcados,2026-06-01,PRESIDENCIA 2026 - 2 PROY,Presidencia 2V proy.,2026,1202,Proyección junio 2026,17
CHOCO,Potencial,2026-05-01,PRESIDENCIA 2026 - 1,Presidencia 1V,2026,361794,MMV mayo 2026,16
CHOCO,Potencial,2026-06-01,PRESIDENCIA 2026 - 2 PROY,Presidencia 2V proy.,2026,361794,Proyección junio 2026,17
CHOCO,Sufragantes,2026-05-01,PRESIDENCIA 2026 - 1,Presidencia 1V,2026,147256,MMV mayo 2026,16
CHOCO,Sufragantes,2026-06-01,PRESIDENCIA 2026 - 2 PROY,Presidencia 2V proy.,2026,169400,Proyección junio 2026,17
CHOCO,Votos válidos,2026-05-01,PRESIDENCIA 2026 - 1,Presidencia 1V,2026,144225,MMV mayo 2026,16
CHOCO,Votos válidos,2026-06-01,PRESIDENCIA 2026 - 2 PROY,Presidencia 2V proy.,2026,164071,Proyección junio 2026,17
CHOCO,Votos por candidatos,2026-05-01,PRESIDENCIA 2026 - 1,Presidencia 1V,2026,141964,MMV mayo 2026,16
CHOCO,Votos por candidatos,2026-06-01,PRESIDENCIA 2026 - 2 PROY,Presidencia 2V proy.,2026,160846,Proyección junio 2026,17
CHOCO,Voto en blanco,2026-05-01,PRESIDENCIA 2026 - 1,Presidencia 1V,2026,2261,MMV mayo 2026,16
CHOCO,Voto en blanco,2026-06-01,PRESIDENCIA 2026 - 2 PROY,Presidencia 2V proy.,2026,3225,Proyección junio 2026,17
CHOCO,Votos nulos,2026-05-01,PRESIDENCIA 2026 - 1,Presidencia 1V,2026,2451,MMV mayo 2026,16
CHOCO,Votos nulos,2026-06-01,PRESIDENCIA 2026 - 2 PROY,Presidencia 2V proy.,2026,4224,Proyección junio 2026,17
CHOCO,Votos no marcados,2026-05-01,PRESIDENCIA 2026 - 1,Presidencia 1V,2026,580,MMV mayo 2026,16
CHOCO,Votos no marcados,2026-06-01,PRESIDENCIA 2026 - 2 PROY,Presidencia 2V proy.,2026,1105,Proyección junio 2026,17
CONSULADOS,Potencial,2026-05-01,PRESIDENCIA 2026 - 1,Presidencia 1V,2026,1414661,MMV mayo 2026,16
CONSULADOS,Potencial,2026-06-01,PRESIDENCIA 2026 - 2 PROY,Presidencia 2V proy.,2026,1414661,Proyección junio 2026,17
CONSULADOS,Sufragantes,2026-05-01,PRESIDENCIA 2026 - 1,Presidencia 1V,2026,589829,MMV mayo 2026,16
CONSULADOS,Sufragantes,2026-06-01,PRESIDENCIA 2026 - 2 PROY,Presidencia 2V proy.,2026,427751,Proyección junio 2026,17
CONSULADOS,Votos válidos,2026-05-01,PRESIDENCIA 2026 - 1,Presidencia 1V,2026,588573,MMV mayo 2026,16
CONSULADOS,Votos válidos,2026-06-01,PRESIDENCIA 2026 - 2 PROY,Presidencia 2V proy.,2026,427751,Proyección junio 2026,17
CONSULADOS,Votos por candidatos,2026-05-01,PRESIDENCIA 2026 - 1,Presidencia 1V,2026,584044,MMV mayo 2026,16
CONSULADOS,Votos por candidatos,2026-06-01,PRESIDENCIA 2026 - 2 PROY,Presidencia 2V proy.,2026,419696,Proyección junio 2026,17
CONSULADOS,Voto en blanco,2026-05-01,PRESIDENCIA 2026 - 1,Presidencia 1V,2026,4529,MMV mayo 2026,16
CONSULADOS,Voto en blanco,2026-06-01,PRESIDENCIA 2026 - 2 PROY,Presidencia 2V proy.,2026,8055,Proyección junio 2026,17
CONSULADOS,Votos nulos,2026-05-01,PRESIDENCIA 2026 - 1,Presidencia 1V,2026,1011,MMV mayo 2026,16
CONSULADOS,Votos nulos,2026-06-01,PRESIDENCIA 2026 - 2 PROY,Presidencia 2V proy.,2026,0,Proyección junio 2026,17
CONSULADOS,Votos no marcados,2026-05-01,PRESIDENCIA 2026 - 1,Presidencia 1V,2026,245,MMV mayo 2026,16
CONSULADOS,Votos no marcados,2026-06-01,PRESIDENCIA 2026 - 2 PROY,Presidencia 2V proy.,2026,0,Proyección junio 2026,17
CORDOBA,Potencial,2026-05-01,PRESIDENCIA 2026 - 1,Presidencia 1V,2026,1394973,MMV mayo 2026,16
CORDOBA,Potencial,2026-06-01,PRESIDENCIA 2026 - 2 PROY,Presidencia 2V proy.,2026,1394973,Proyección junio 2026,17
CORDOBA,Sufragantes,2026-05-01,PRESIDENCIA 2026 - 1,Presidencia 1V,2026,711571,MMV mayo 2026,16
CORDOBA,Sufragantes,2026-06-01,PRESIDENCIA 2026 - 2 PROY,Presidencia 2V proy.,2026,792423,Proyección junio 2026,17
CORDOBA,Votos válidos,2026-05-01,PRESIDENCIA 2026 - 1,Presidencia 1V,2026,705432,MMV mayo 2026,16
CORDOBA,Votos válidos,2026-06-01,PRESIDENCIA 2026 - 2 PROY,Presidencia 2V proy.,2026,786218,Proyección junio 2026,17
CORDOBA,Votos por candidatos,2026-05-01,PRESIDENCIA 2026 - 1,Presidencia 1V,2026,695827,MMV mayo 2026,16
CORDOBA,Votos por candidatos,2026-06-01,PRESIDENCIA 2026 - 2 PROY,Presidencia 2V proy.,2026,771742,Proyección junio 2026,17
CORDOBA,Voto en blanco,2026-05-01,PRESIDENCIA 2026 - 1,Presidencia 1V,2026,9605,MMV mayo 2026,16
CORDOBA,Voto en blanco,2026-06-01,PRESIDENCIA 2026 - 2 PROY,Presidencia 2V proy.,2026,14476,Proyección junio 2026,17
CORDOBA,Votos nulos,2026-05-01,PRESIDENCIA 2026 - 1,Presidencia 1V,2026,4168,MMV mayo 2026,16
CORDOBA,Votos nulos,2026-06-01,PRESIDENCIA 2026 - 2 PROY,Presidencia 2V proy.,2026,4638,Proyección junio 2026,17
CORDOBA,Votos no marcados,2026-05-01,PRESIDENCIA 2026 - 1,Presidencia 1V,2026,1971,MMV mayo 2026,16
CORDOBA,Votos no marcados,2026-06-01,PRESIDENCIA 2026 - 2 PROY,Presidencia 2V proy.,2026,1567,Proyección junio 2026,17
CUNDINAMARCA,Potencial,2026-05-01,PRESIDENCIA 2026 - 1,Presidencia 1V,2026,2335305,MMV mayo 2026,16
CUNDINAMARCA,Potencial,2026-06-01,PRESIDENCIA 2026 - 2 PROY,Presidencia 2V proy.,2026,2335305,Proyección junio 2026,17
CUNDINAMARCA,Sufragantes,2026-05-01,PRESIDENCIA 2026 - 1,Presidencia 1V,2026,1625534,MMV mayo 2026,16
CUNDINAMARCA,Sufragantes,2026-06-01,PRESIDENCIA 2026 - 2 PROY,Presidencia 2V proy.,2026,1533745,Proyección junio 2026,17
CUNDINAMARCA,Votos válidos,2026-05-01,PRESIDENCIA 2026 - 1,Presidencia 1V,2026,1601011,MMV mayo 2026,16
CUNDINAMARCA,Votos válidos,2026-06-01,PRESIDENCIA 2026 - 2 PROY,Presidencia 2V proy.,2026,1532147,Proyección junio 2026,17
CUNDINAMARCA,Votos por candidatos,2026-05-01,PRESIDENCIA 2026 - 1,Presidencia 1V,2026,1571134,MMV mayo 2026,16
CUNDINAMARCA,Votos por candidatos,2026-06-01,PRESIDENCIA 2026 - 2 PROY,Presidencia 2V proy.,2026,1463905,Proyección junio 2026,17
CUNDINAMARCA,Voto en blanco,2026-05-01,PRESIDENCIA 2026 - 1,Presidencia 1V,2026,29877,MMV mayo 2026,16
CUNDINAMARCA,Voto en blanco,2026-06-01,PRESIDENCIA 2026 - 2 PROY,Presidencia 2V proy.,2026,68242,Proyección junio 2026,17
CUNDINAMARCA,Votos nulos,2026-05-01,PRESIDENCIA 2026 - 1,Presidencia 1V,2026,22430,MMV mayo 2026,16
CUNDINAMARCA,Votos nulos,2026-06-01,PRESIDENCIA 2026 - 2 PROY,Presidencia 2V proy.,2026,1387,Proyección junio 2026,17
CUNDINAMARCA,Votos no marcados,2026-05-01,PRESIDENCIA 2026 - 1,Presidencia 1V,2026,2093,MMV mayo 2026,16
CUNDINAMARCA,Votos no marcados,2026-06-01,PRESIDENCIA 2026 - 2 PROY,Presidencia 2V proy.,2026,211,Proyección junio 2026,17
GUAINIA,Potencial,2026-05-01,PRESIDENCIA 2026 - 1,Presidencia 1V,2026,36900,MMV mayo 2026,16
GUAINIA,Potencial,2026-06-01,PRESIDENCIA 2026 - 2 PROY,Presidencia 2V proy.,2026,36900,Proyección junio 2026,17
GUAINIA,Sufragantes,2026-05-01,PRESIDENCIA 2026 - 1,Presidencia 1V,2026,12134,MMV mayo 2026,16
GUAINIA,Sufragantes,2026-06-01,PRESIDENCIA 2026 - 2 PROY,Presidencia 2V proy.,2026,15351,Proyección junio 2026,17
GUAINIA,Votos válidos,2026-05-01,PRESIDENCIA 2026 - 1,Presidencia 1V,2026,12009,MMV mayo 2026,16
GUAINIA,Votos válidos,2026-06-01,PRESIDENCIA 2026 - 2 PROY,Presidencia 2V proy.,2026,14877,Proyección junio 2026,17
GUAINIA,Votos por candidatos,2026-05-01,PRESIDENCIA 2026 - 1,Presidencia 1V,2026,11762,MMV mayo 2026,16
GUAINIA,Votos por candidatos,2026-06-01,PRESIDENCIA 2026 - 2 PROY,Presidencia 2V proy.,2026,14458,Proyección junio 2026,17
GUAINIA,Voto en blanco,2026-05-01,PRESIDENCIA 2026 - 1,Presidencia 1V,2026,247,MMV mayo 2026,16
GUAINIA,Voto en blanco,2026-06-01,PRESIDENCIA 2026 - 2 PROY,Presidencia 2V proy.,2026,419,Proyección junio 2026,17
GUAINIA,Votos nulos,2026-05-01,PRESIDENCIA 2026 - 1,Presidencia 1V,2026,82,MMV mayo 2026,16
GUAINIA,Votos nulos,2026-06-01,PRESIDENCIA 2026 - 2 PROY,Presidencia 2V proy.,2026,280,Proyección junio 2026,17
GUAINIA,Votos no marcados,2026-05-01,PRESIDENCIA 2026 - 1,Presidencia 1V,2026,43,MMV mayo 2026,16
GUAINIA,Votos no marcados,2026-06-01,PRESIDENCIA 2026 - 2 PROY,Presidencia 2V proy.,2026,194,Proyección junio 2026,17
GUAVIARE,Potencial,2026-05-01,PRESIDENCIA 2026 - 1,Presidencia 1V,2026,69304,MMV mayo 2026,16
GUAVIARE,Potencial,2026-06-01,PRESIDENCIA 2026 - 2 PROY,Presidencia 2V proy.,2026,69304,Proyección junio 2026,17
GUAVIARE,Sufragantes,2026-05-01,PRESIDENCIA 2026 - 1,Presidencia 1V,2026,34951,MMV mayo 2026,16
GUAVIARE,Sufragantes,2026-06-01,PRESIDENCIA 2026 - 2 PROY,Presidencia 2V proy.,2026,38223,Proyección junio 2026,17
GUAVIARE,Votos válidos,2026-05-01,PRESIDENCIA 2026 - 1,Presidencia 1V,2026,34074,MMV mayo 2026,16
GUAVIARE,Votos válidos,2026-06-01,PRESIDENCIA 2026 - 2 PROY,Presidencia 2V proy.,2026,36833,Proyección junio 2026,17
GUAVIARE,Votos por candidatos,2026-05-01,PRESIDENCIA 2026 - 1,Presidencia 1V,2026,32961,MMV mayo 2026,16
GUAVIARE,Votos por candidatos,2026-06-01,PRESIDENCIA 2026 - 2 PROY,Presidencia 2V proy.,2026,35099,Proyección junio 2026,17
GUAVIARE,Voto en blanco,2026-05-01,PRESIDENCIA 2026 - 1,Presidencia 1V,2026,1113,MMV mayo 2026,16
GUAVIARE,Voto en blanco,2026-06-01,PRESIDENCIA 2026 - 2 PROY,Presidencia 2V proy.,2026,1734,Proyección junio 2026,17
GUAVIARE,Votos nulos,2026-05-01,PRESIDENCIA 2026 - 1,Presidencia 1V,2026,725,MMV mayo 2026,16
GUAVIARE,Votos nulos,2026-06-01,PRESIDENCIA 2026 - 2 PROY,Presidencia 2V proy.,2026,1043,Proyección junio 2026,17
GUAVIARE,Votos no marcados,2026-05-01,PRESIDENCIA 2026 - 1,Presidencia 1V,2026,152,MMV mayo 2026,16
GUAVIARE,Votos no marcados,2026-06-01,PRESIDENCIA 2026 - 2 PROY,Presidencia 2V proy.,2026,347,Proyección junio 2026,17
HUILA,Potencial,2026-05-01,PRESIDENCIA 2026 - 1,Presidencia 1V,2026,937739,MMV mayo 2026,16
HUILA,Potencial,2026-06-01,PRESIDENCIA 2026 - 2 PROY,Presidencia 2V proy.,2026,937739,Proyección junio 2026,17
HUILA,Sufragantes,2026-05-01,PRESIDENCIA 2026 - 1,Presidencia 1V,2026,555856,MMV mayo 2026,16
HUILA,Sufragantes,2026-06-01,PRESIDENCIA 2026 - 2 PROY,Presidencia 2V proy.,2026,533080,Proyección junio 2026,17
HUILA,Votos válidos,2026-05-01,PRESIDENCIA 2026 - 1,Presidencia 1V,2026,548675,MMV mayo 2026,16
HUILA,Votos válidos,2026-06-01,PRESIDENCIA 2026 - 2 PROY,Presidencia 2V proy.,2026,527126,Proyección junio 2026,17
HUILA,Votos por candidatos,2026-05-01,PRESIDENCIA 2026 - 1,Presidencia 1V,2026,538672,MMV mayo 2026,16
HUILA,Votos por candidatos,2026-06-01,PRESIDENCIA 2026 - 2 PROY,Presidencia 2V proy.,2026,508379,Proyección junio 2026,17
HUILA,Voto en blanco,2026-05-01,PRESIDENCIA 2026 - 1,Presidencia 1V,2026,10003,MMV mayo 2026,16
HUILA,Voto en blanco,2026-06-01,PRESIDENCIA 2026 - 2 PROY,Presidencia 2V proy.,2026,18747,Proyección junio 2026,17
HUILA,Votos nulos,2026-05-01,PRESIDENCIA 2026 - 1,Presidencia 1V,2026,5939,MMV mayo 2026,16
HUILA,Votos nulos,2026-06-01,PRESIDENCIA 2026 - 2 PROY,Presidencia 2V proy.,2026,4713,Proyección junio 2026,17
HUILA,Votos no marcados,2026-05-01,PRESIDENCIA 2026 - 1,Presidencia 1V,2026,1242,MMV mayo 2026,16
HUILA,Votos no marcados,2026-06-01,PRESIDENCIA 2026 - 2 PROY,Presidencia 2V proy.,2026,1241,Proyección junio 2026,17
LA GUAJIRA,Potencial,2026-05-01,PRESIDENCIA 2026 - 1,Presidencia 1V,2026,708846,MMV mayo 2026,16
LA GUAJIRA,Potencial,2026-06-01,PRESIDENCIA 2026 - 2 PROY,Presidencia 2V proy.,2026,708846,Proyección junio 2026,17
LA GUAJIRA,Sufragantes,2026-05-01,PRESIDENCIA 2026 - 1,Presidencia 1V,2026,257464,MMV mayo 2026,16
LA GUAJIRA,Sufragantes,2026-06-01,PRESIDENCIA 2026 - 2 PROY,Presidencia 2V proy.,2026,298216,Proyección junio 2026,17
LA GUAJIRA,Votos válidos,2026-05-01,PRESIDENCIA 2026 - 1,Presidencia 1V,2026,254192,MMV mayo 2026,16
LA GUAJIRA,Votos válidos,2026-06-01,PRESIDENCIA 2026 - 2 PROY,Presidencia 2V proy.,2026,292894,Proyección junio 2026,17
LA GUAJIRA,Votos por candidatos,2026-05-01,PRESIDENCIA 2026 - 1,Presidencia 1V,2026,250376,MMV mayo 2026,16
LA GUAJIRA,Votos por candidatos,2026-06-01,PRESIDENCIA 2026 - 2 PROY,Presidencia 2V proy.,2026,287508,Proyección junio 2026,17
LA GUAJIRA,Voto en blanco,2026-05-01,PRESIDENCIA 2026 - 1,Presidencia 1V,2026,3816,MMV mayo 2026,16
LA GUAJIRA,Voto en blanco,2026-06-01,PRESIDENCIA 2026 - 2 PROY,Presidencia 2V proy.,2026,5386,Proyección junio 2026,17
LA GUAJIRA,Votos nulos,2026-05-01,PRESIDENCIA 2026 - 1,Presidencia 1V,2026,2534,MMV mayo 2026,16
LA GUAJIRA,Votos nulos,2026-06-01,PRESIDENCIA 2026 - 2 PROY,Presidencia 2V proy.,2026,4082,Proyección junio 2026,17
LA GUAJIRA,Votos no marcados,2026-05-01,PRESIDENCIA 2026 - 1,Presidencia 1V,2026,738,MMV mayo 2026,16
LA GUAJIRA,Votos no marcados,2026-06-01,PRESIDENCIA 2026 - 2 PROY,Presidencia 2V proy.,2026,1240,Proyección junio 2026,17
MAGDALENA,Potencial,2026-05-01,PRESIDENCIA 2026 - 1,Presidencia 1V,2026,1089418,MMV mayo 2026,16
MAGDALENA,Potencial,2026-06-01,PRESIDENCIA 2026 - 2 PROY,Presidencia 2V proy.,2026,1089418,Proyección junio 2026,17
MAGDALENA,Sufragantes,2026-05-01,PRESIDENCIA 2026 - 1,Presidencia 1V,2026,507993,MMV mayo 2026,16
MAGDALENA,Sufragantes,2026-06-01,PRESIDENCIA 2026 - 2 PROY,Presidencia 2V proy.,2026,559349,Proyección junio 2026,17
MAGDALENA,Votos válidos,2026-05-01,PRESIDENCIA 2026 - 1,Presidencia 1V,2026,503190,MMV mayo 2026,16
MAGDALENA,Votos válidos,2026-06-01,PRESIDENCIA 2026 - 2 PROY,Presidencia 2V proy.,2026,553604,Proyección junio 2026,17
MAGDALENA,Votos por candidatos,2026-05-01,PRESIDENCIA 2026 - 1,Presidencia 1V,2026,495634,MMV mayo 2026,16
MAGDALENA,Votos por candidatos,2026-06-01,PRESIDENCIA 2026 - 2 PROY,Presidencia 2V proy.,2026,542041,Proyección junio 2026,17
MAGDALENA,Voto en blanco,2026-05-01,PRESIDENCIA 2026 - 1,Presidencia 1V,2026,7556,MMV mayo 2026,16
MAGDALENA,Voto en blanco,2026-06-01,PRESIDENCIA 2026 - 2 PROY,Presidencia 2V proy.,2026,11563,Proyección junio 2026,17
MAGDALENA,Votos nulos,2026-05-01,PRESIDENCIA 2026 - 1,Presidencia 1V,2026,3712,MMV mayo 2026,16
MAGDALENA,Votos nulos,2026-06-01,PRESIDENCIA 2026 - 2 PROY,Presidencia 2V proy.,2026,4451,Proyección junio 2026,17
MAGDALENA,Votos no marcados,2026-05-01,PRESIDENCIA 2026 - 1,Presidencia 1V,2026,1091,MMV mayo 2026,16
MAGDALENA,Votos no marcados,2026-06-01,PRESIDENCIA 2026 - 2 PROY,Presidencia 2V proy.,2026,1294,Proyección junio 2026,17
META,Potencial,2026-05-01,PRESIDENCIA 2026 - 1,Presidencia 1V,2026,854033,MMV mayo 2026,16
META,Potencial,2026-06-01,PRESIDENCIA 2026 - 2 PROY,Presidencia 2V proy.,2026,854033,Proyección junio 2026,17
META,Sufragantes,2026-05-01,PRESIDENCIA 2026 - 1,Presidencia 1V,2026,546955,MMV mayo 2026,16
META,Sufragantes,2026-06-01,PRESIDENCIA 2026 - 2 PROY,Presidencia 2V proy.,2026,540495,Proyección junio 2026,17
META,Votos válidos,2026-05-01,PRESIDENCIA 2026 - 1,Presidencia 1V,2026,536993,MMV mayo 2026,16
META,Votos válidos,2026-06-01,PRESIDENCIA 2026 - 2 PROY,Presidencia 2V proy.,2026,533144,Proyección junio 2026,17
META,Votos por candidatos,2026-05-01,PRESIDENCIA 2026 - 1,Presidencia 1V,2026,527444,MMV mayo 2026,16
META,Votos por candidatos,2026-06-01,PRESIDENCIA 2026 - 2 PROY,Presidencia 2V proy.,2026,510446,Proyección junio 2026,17
META,Voto en blanco,2026-05-01,PRESIDENCIA 2026 - 1,Presidencia 1V,2026,9549,MMV mayo 2026,16
META,Voto en blanco,2026-06-01,PRESIDENCIA 2026 - 2 PROY,Presidencia 2V proy.,2026,22698,Proyección junio 2026,17
META,Votos nulos,2026-05-01,PRESIDENCIA 2026 - 1,Presidencia 1V,2026,9000,MMV mayo 2026,16
META,Votos nulos,2026-06-01,PRESIDENCIA 2026 - 2 PROY,Presidencia 2V proy.,2026,6244,Proyección junio 2026,17
META,Votos no marcados,2026-05-01,PRESIDENCIA 2026 - 1,Presidencia 1V,2026,962,MMV mayo 2026,16
META,Votos no marcados,2026-06-01,PRESIDENCIA 2026 - 2 PROY,Presidencia 2V proy.,2026,1107,Proyección junio 2026,17
NARIÑO,Potencial,2026-05-01,PRESIDENCIA 2026 - 1,Presidencia 1V,2026,1225565,MMV mayo 2026,16
NARIÑO,Potencial,2026-06-01,PRESIDENCIA 2026 - 2 PROY,Presidencia 2V proy.,2026,1225565,Proyección junio 2026,17
NARIÑO,Sufragantes,2026-05-01,PRESIDENCIA 2026 - 1,Presidencia 1V,2026,701088,MMV mayo 2026,16
NARIÑO,Sufragantes,2026-06-01,PRESIDENCIA 2026 - 2 PROY,Presidencia 2V proy.,2026,699233,Proyección junio 2026,17
NARIÑO,Votos válidos,2026-05-01,PRESIDENCIA 2026 - 1,Presidencia 1V,2026,689794,MMV mayo 2026,16
NARIÑO,Votos válidos,2026-06-01,PRESIDENCIA 2026 - 2 PROY,Presidencia 2V proy.,2026,693204,Proyección junio 2026,17
NARIÑO,Votos por candidatos,2026-05-01,PRESIDENCIA 2026 - 1,Presidencia 1V,2026,676907,MMV mayo 2026,16
NARIÑO,Votos por candidatos,2026-06-01,PRESIDENCIA 2026 - 2 PROY,Presidencia 2V proy.,2026,672332,Proyección junio 2026,17
NARIÑO,Voto en blanco,2026-05-01,PRESIDENCIA 2026 - 1,Presidencia 1V,2026,12887,MMV mayo 2026,16
NARIÑO,Voto en blanco,2026-06-01,PRESIDENCIA 2026 - 2 PROY,Presidencia 2V proy.,2026,20872,Proyección junio 2026,17
NARIÑO,Votos nulos,2026-05-01,PRESIDENCIA 2026 - 1,Presidencia 1V,2026,8986,MMV mayo 2026,16
NARIÑO,Votos nulos,2026-06-01,PRESIDENCIA 2026 - 2 PROY,Presidencia 2V proy.,2026,4559,Proyección junio 2026,17
NARIÑO,Votos no marcados,2026-05-01,PRESIDENCIA 2026 - 1,Presidencia 1V,2026,2308,MMV mayo 2026,16
NARIÑO,Votos no marcados,2026-06-01,PRESIDENCIA 2026 - 2 PROY,Presidencia 2V proy.,2026,1470,Proyección junio 2026,17
NORTE DE SAN,Potencial,2026-05-01,PRESIDENCIA 2026 - 1,Presidencia 1V,2026,1369050,MMV mayo 2026,16
NORTE DE SAN,Potencial,2026-06-01,PRESIDENCIA 2026 - 2 PROY,Presidencia 2V proy.,2026,1369050,Proyección junio 2026,17
NORTE DE SAN,Sufragantes,2026-05-01,PRESIDENCIA 2026 - 1,Presidencia 1V,2026,741716,MMV mayo 2026,16
NORTE DE SAN,Sufragantes,2026-06-01,PRESIDENCIA 2026 - 2 PROY,Presidencia 2V proy.,2026,665109,Proyección junio 2026,17
NORTE DE SAN,Votos válidos,2026-05-01,PRESIDENCIA 2026 - 1,Presidencia 1V,2026,735200,MMV mayo 2026,16
NORTE DE SAN,Votos válidos,2026-06-01,PRESIDENCIA 2026 - 2 PROY,Presidencia 2V proy.,2026,665109,Proyección junio 2026,17
NORTE DE SAN,Votos por candidatos,2026-05-01,PRESIDENCIA 2026 - 1,Presidencia 1V,2026,726503,MMV mayo 2026,16
NORTE DE SAN,Votos por candidatos,2026-06-01,PRESIDENCIA 2026 - 2 PROY,Presidencia 2V proy.,2026,646731,Proyección junio 2026,17
NORTE DE SAN,Voto en blanco,2026-05-01,PRESIDENCIA 2026 - 1,Presidencia 1V,2026,8697,MMV mayo 2026,16
NORTE DE SAN,Voto en blanco,2026-06-01,PRESIDENCIA 2026 - 2 PROY,Presidencia 2V proy.,2026,18378,Proyección junio 2026,17
NORTE DE SAN,Votos nulos,2026-05-01,PRESIDENCIA 2026 - 1,Presidencia 1V,2026,5426,MMV mayo 2026,16
NORTE DE SAN,Votos nulos,2026-06-01,PRESIDENCIA 2026 - 2 PROY,Presidencia 2V proy.,2026,0,Proyección junio 2026,17
NORTE DE SAN,Votos no marcados,2026-05-01,PRESIDENCIA 2026 - 1,Presidencia 1V,2026,1090,MMV mayo 2026,16
NORTE DE SAN,Votos no marcados,2026-06-01,PRESIDENCIA 2026 - 2 PROY,Presidencia 2V proy.,2026,0,Proyección junio 2026,17
PUTUMAYO,Potencial,2026-05-01,PRESIDENCIA 2026 - 1,Presidencia 1V,2026,263450,MMV mayo 2026,16
PUTUMAYO,Potencial,2026-06-01,PRESIDENCIA 2026 - 2 PROY,Presidencia 2V proy.,2026,263450,Proyección junio 2026,17
PUTUMAYO,Sufragantes,2026-05-01,PRESIDENCIA 2026 - 1,Presidencia 1V,2026,134494,MMV mayo 2026,16
PUTUMAYO,Sufragantes,2026-06-01,PRESIDENCIA 2026 - 2 PROY,Presidencia 2V proy.,2026,138446,Proyección junio 2026,17
PUTUMAYO,Votos válidos,2026-05-01,PRESIDENCIA 2026 - 1,Presidencia 1V,2026,132301,MMV mayo 2026,16
PUTUMAYO,Votos válidos,2026-06-01,PRESIDENCIA 2026 - 2 PROY,Presidencia 2V proy.,2026,136440,Proyección junio 2026,17
PUTUMAYO,Votos por candidatos,2026-05-01,PRESIDENCIA 2026 - 1,Presidencia 1V,2026,129364,MMV mayo 2026,16
PUTUMAYO,Votos por candidatos,2026-06-01,PRESIDENCIA 2026 - 2 PROY,Presidencia 2V proy.,2026,131765,Proyección junio 2026,17
PUTUMAYO,Voto en blanco,2026-05-01,PRESIDENCIA 2026 - 1,Presidencia 1V,2026,2937,MMV mayo 2026,16
PUTUMAYO,Voto en blanco,2026-06-01,PRESIDENCIA 2026 - 2 PROY,Presidencia 2V proy.,2026,4675,Proyección junio 2026,17
PUTUMAYO,Votos nulos,2026-05-01,PRESIDENCIA 2026 - 1,Presidencia 1V,2026,1702,MMV mayo 2026,16
PUTUMAYO,Votos nulos,2026-06-01,PRESIDENCIA 2026 - 2 PROY,Presidencia 2V proy.,2026,1339,Proyección junio 2026,17
PUTUMAYO,Votos no marcados,2026-05-01,PRESIDENCIA 2026 - 1,Presidencia 1V,2026,491,MMV mayo 2026,16
PUTUMAYO,Votos no marcados,2026-06-01,PRESIDENCIA 2026 - 2 PROY,Presidencia 2V proy.,2026,667,Proyección junio 2026,17
QUINDIO,Potencial,2026-05-01,PRESIDENCIA 2026 - 1,Presidencia 1V,2026,504934,MMV mayo 2026,16
QUINDIO,Potencial,2026-06-01,PRESIDENCIA 2026 - 2 PROY,Presidencia 2V proy.,2026,504934,Proyección junio 2026,17
QUINDIO,Sufragantes,2026-05-01,PRESIDENCIA 2026 - 1,Presidencia 1V,2026,298948,MMV mayo 2026,16
QUINDIO,Sufragantes,2026-06-01,PRESIDENCIA 2026 - 2 PROY,Presidencia 2V proy.,2026,281072,Proyección junio 2026,17
QUINDIO,Votos válidos,2026-05-01,PRESIDENCIA 2026 - 1,Presidencia 1V,2026,293554,MMV mayo 2026,16
QUINDIO,Votos válidos,2026-06-01,PRESIDENCIA 2026 - 2 PROY,Presidencia 2V proy.,2026,275510,Proyección junio 2026,17
QUINDIO,Votos por candidatos,2026-05-01,PRESIDENCIA 2026 - 1,Presidencia 1V,2026,287953,MMV mayo 2026,16
QUINDIO,Votos por candidatos,2026-06-01,PRESIDENCIA 2026 - 2 PROY,Presidencia 2V proy.,2026,260876,Proyección junio 2026,17
QUINDIO,Voto en blanco,2026-05-01,PRESIDENCIA 2026 - 1,Presidencia 1V,2026,5601,MMV mayo 2026,16
QUINDIO,Voto en blanco,2026-06-01,PRESIDENCIA 2026 - 2 PROY,Presidencia 2V proy.,2026,14634,Proyección junio 2026,17
QUINDIO,Votos nulos,2026-05-01,PRESIDENCIA 2026 - 1,Presidencia 1V,2026,4728,MMV mayo 2026,16
QUINDIO,Votos nulos,2026-06-01,PRESIDENCIA 2026 - 2 PROY,Presidencia 2V proy.,2026,4591,Proyección junio 2026,17
QUINDIO,Votos no marcados,2026-05-01,PRESIDENCIA 2026 - 1,Presidencia 1V,2026,666,MMV mayo 2026,16
QUINDIO,Votos no marcados,2026-06-01,PRESIDENCIA 2026 - 2 PROY,Presidencia 2V proy.,2026,971,Proyección junio 2026,17
RISARALDA,Potencial,2026-05-01,PRESIDENCIA 2026 - 1,Presidencia 1V,2026,878829,MMV mayo 2026,16
RISARALDA,Potencial,2026-06-01,PRESIDENCIA 2026 - 2 PROY,Presidencia 2V proy.,2026,878829,Proyección junio 2026,17
RISARALDA,Sufragantes,2026-05-01,PRESIDENCIA 2026 - 1,Presidencia 1V,2026,515679,MMV mayo 2026,16
RISARALDA,Sufragantes,2026-06-01,PRESIDENCIA 2026 - 2 PROY,Presidencia 2V proy.,2026,497547,Proyección junio 2026,17
RISARALDA,Votos válidos,2026-05-01,PRESIDENCIA 2026 - 1,Presidencia 1V,2026,505941,MMV mayo 2026,16
RISARALDA,Votos válidos,2026-06-01,PRESIDENCIA 2026 - 2 PROY,Presidencia 2V proy.,2026,493037,Proyección junio 2026,17
RISARALDA,Votos por candidatos,2026-05-01,PRESIDENCIA 2026 - 1,Presidencia 1V,2026,495484,MMV mayo 2026,16
RISARALDA,Votos por candidatos,2026-06-01,PRESIDENCIA 2026 - 2 PROY,Presidencia 2V proy.,2026,470391,Proyección junio 2026,17
RISARALDA,Voto en blanco,2026-05-01,PRESIDENCIA 2026 - 1,Presidencia 1V,2026,10457,MMV mayo 2026,16
RISARALDA,Voto en blanco,2026-06-01,PRESIDENCIA 2026 - 2 PROY,Presidencia 2V proy.,2026,22646,Proyección junio 2026,17
RISARALDA,Votos nulos,2026-05-01,PRESIDENCIA 2026 - 1,Presidencia 1V,2026,8216,MMV mayo 2026,16
RISARALDA,Votos nulos,2026-06-01,PRESIDENCIA 2026 - 2 PROY,Presidencia 2V proy.,2026,3505,Proyección junio 2026,17
RISARALDA,Votos no marcados,2026-05-01,PRESIDENCIA 2026 - 1,Presidencia 1V,2026,1522,MMV mayo 2026,16
RISARALDA,Votos no marcados,2026-06-01,PRESIDENCIA 2026 - 2 PROY,Presidencia 2V proy.,2026,1005,Proyección junio 2026,17
SAN ANDRES,Potencial,2026-05-01,PRESIDENCIA 2026 - 1,Presidencia 1V,2026,53790,MMV mayo 2026,16
SAN ANDRES,Potencial,2026-06-01,PRESIDENCIA 2026 - 2 PROY,Presidencia 2V proy.,2026,53790,Proyección junio 2026,17
SAN ANDRES,Sufragantes,2026-05-01,PRESIDENCIA 2026 - 1,Presidencia 1V,2026,18117,MMV mayo 2026,16
SAN ANDRES,Sufragantes,2026-06-01,PRESIDENCIA 2026 - 2 PROY,Presidencia 2V proy.,2026,18462,Proyección junio 2026,17
SAN ANDRES,Votos válidos,2026-05-01,PRESIDENCIA 2026 - 1,Presidencia 1V,2026,18000,MMV mayo 2026,16
SAN ANDRES,Votos válidos,2026-06-01,PRESIDENCIA 2026 - 2 PROY,Presidencia 2V proy.,2026,18372,Proyección junio 2026,17
SAN ANDRES,Votos por candidatos,2026-05-01,PRESIDENCIA 2026 - 1,Presidencia 1V,2026,17331,MMV mayo 2026,16
SAN ANDRES,Votos por candidatos,2026-06-01,PRESIDENCIA 2026 - 2 PROY,Presidencia 2V proy.,2026,17352,Proyección junio 2026,17
SAN ANDRES,Voto en blanco,2026-05-01,PRESIDENCIA 2026 - 1,Presidencia 1V,2026,669,MMV mayo 2026,16
SAN ANDRES,Voto en blanco,2026-06-01,PRESIDENCIA 2026 - 2 PROY,Presidencia 2V proy.,2026,1020,Proyección junio 2026,17
SAN ANDRES,Votos nulos,2026-05-01,PRESIDENCIA 2026 - 1,Presidencia 1V,2026,86,MMV mayo 2026,16
SAN ANDRES,Votos nulos,2026-06-01,PRESIDENCIA 2026 - 2 PROY,Presidencia 2V proy.,2026,56,Proyección junio 2026,17
SAN ANDRES,Votos no marcados,2026-05-01,PRESIDENCIA 2026 - 1,Presidencia 1V,2026,31,MMV mayo 2026,16
SAN ANDRES,Votos no marcados,2026-06-01,PRESIDENCIA 2026 - 2 PROY,Presidencia 2V proy.,2026,34,Proyección junio 2026,17
SANTANDER,Potencial,2026-05-01,PRESIDENCIA 2026 - 1,Presidencia 1V,2026,1861932,MMV mayo 2026,16
SANTANDER,Potencial,2026-06-01,PRESIDENCIA 2026 - 2 PROY,Presidencia 2V proy.,2026,1861932,Proyección junio 2026,17
SANTANDER,Sufragantes,2026-05-01,PRESIDENCIA 2026 - 1,Presidencia 1V,2026,1210680,MMV mayo 2026,16
SANTANDER,Sufragantes,2026-06-01,PRESIDENCIA 2026 - 2 PROY,Presidencia 2V proy.,2026,1171009,Proyección junio 2026,17
SANTANDER,Votos válidos,2026-05-01,PRESIDENCIA 2026 - 1,Presidencia 1V,2026,1199031,MMV mayo 2026,16
SANTANDER,Votos válidos,2026-06-01,PRESIDENCIA 2026 - 2 PROY,Presidencia 2V proy.,2026,1170375,Proyección junio 2026,17
SANTANDER,Votos por candidatos,2026-05-01,PRESIDENCIA 2026 - 1,Presidencia 1V,2026,1181043,MMV mayo 2026,16
SANTANDER,Votos por candidatos,2026-06-01,PRESIDENCIA 2026 - 2 PROY,Presidencia 2V proy.,2026,1134741,Proyección junio 2026,17
SANTANDER,Voto en blanco,2026-05-01,PRESIDENCIA 2026 - 1,Presidencia 1V,2026,17988,MMV mayo 2026,16
SANTANDER,Voto en blanco,2026-06-01,PRESIDENCIA 2026 - 2 PROY,Presidencia 2V proy.,2026,35634,Proyección junio 2026,17
SANTANDER,Votos nulos,2026-05-01,PRESIDENCIA 2026 - 1,Presidencia 1V,2026,10100,MMV mayo 2026,16
SANTANDER,Votos nulos,2026-06-01,PRESIDENCIA 2026 - 2 PROY,Presidencia 2V proy.,2026,516,Proyección junio 2026,17
SANTANDER,Votos no marcados,2026-05-01,PRESIDENCIA 2026 - 1,Presidencia 1V,2026,1549,MMV mayo 2026,16
SANTANDER,Votos no marcados,2026-06-01,PRESIDENCIA 2026 - 2 PROY,Presidencia 2V proy.,2026,118,Proyección junio 2026,17
SUCRE,Potencial,2026-05-01,PRESIDENCIA 2026 - 1,Presidencia 1V,2026,761233,MMV mayo 2026,16
SUCRE,Potencial,2026-06-01,PRESIDENCIA 2026 - 2 PROY,Presidencia 2V proy.,2026,761233,Proyección junio 2026,17
SUCRE,Sufragantes,2026-05-01,PRESIDENCIA 2026 - 1,Presidencia 1V,2026,404305,MMV mayo 2026,16
SUCRE,Sufragantes,2026-06-01,PRESIDENCIA 2026 - 2 PROY,Presidencia 2V proy.,2026,454087,Proyección junio 2026,17
SUCRE,Votos válidos,2026-05-01,PRESIDENCIA 2026 - 1,Presidencia 1V,2026,400478,MMV mayo 2026,16
SUCRE,Votos válidos,2026-06-01,PRESIDENCIA 2026 - 2 PROY,Presidencia 2V proy.,2026,451962,Proyección junio 2026,17
SUCRE,Votos por candidatos,2026-05-01,PRESIDENCIA 2026 - 1,Presidencia 1V,2026,395445,MMV mayo 2026,16
SUCRE,Votos por candidatos,2026-06-01,PRESIDENCIA 2026 - 2 PROY,Presidencia 2V proy.,2026,444337,Proyección junio 2026,17
SUCRE,Voto en blanco,2026-05-01,PRESIDENCIA 2026 - 1,Presidencia 1V,2026,5033,MMV mayo 2026,16
SUCRE,Voto en blanco,2026-06-01,PRESIDENCIA 2026 - 2 PROY,Presidencia 2V proy.,2026,7625,Proyección junio 2026,17
SUCRE,Votos nulos,2026-05-01,PRESIDENCIA 2026 - 1,Presidencia 1V,2026,2682,MMV mayo 2026,16
SUCRE,Votos nulos,2026-06-01,PRESIDENCIA 2026 - 2 PROY,Presidencia 2V proy.,2026,1583,Proyección junio 2026,17
SUCRE,Votos no marcados,2026-05-01,PRESIDENCIA 2026 - 1,Presidencia 1V,2026,1145,MMV mayo 2026,16
SUCRE,Votos no marcados,2026-06-01,PRESIDENCIA 2026 - 2 PROY,Presidencia 2V proy.,2026,542,Proyección junio 2026,17
TOLIMA,Potencial,2026-05-01,PRESIDENCIA 2026 - 1,Presidencia 1V,2026,1170701,MMV mayo 2026,16
TOLIMA,Potencial,2026-06-01,PRESIDENCIA 2026 - 2 PROY,Presidencia 2V proy.,2026,1170701,Proyección junio 2026,17
TOLIMA,Sufragantes,2026-05-01,PRESIDENCIA 2026 - 1,Presidencia 1V,2026,683249,MMV mayo 2026,16
TOLIMA,Sufragantes,2026-06-01,PRESIDENCIA 2026 - 2 PROY,Presidencia 2V proy.,2026,659923,Proyección junio 2026,17
TOLIMA,Votos válidos,2026-05-01,PRESIDENCIA 2026 - 1,Presidencia 1V,2026,672211,MMV mayo 2026,16
TOLIMA,Votos válidos,2026-06-01,PRESIDENCIA 2026 - 2 PROY,Presidencia 2V proy.,2026,651117,Proyección junio 2026,17
TOLIMA,Votos por candidatos,2026-05-01,PRESIDENCIA 2026 - 1,Presidencia 1V,2026,660453,MMV mayo 2026,16
TOLIMA,Votos por candidatos,2026-06-01,PRESIDENCIA 2026 - 2 PROY,Presidencia 2V proy.,2026,629114,Proyección junio 2026,17
TOLIMA,Voto en blanco,2026-05-01,PRESIDENCIA 2026 - 1,Presidencia 1V,2026,11758,MMV mayo 2026,16
TOLIMA,Voto en blanco,2026-06-01,PRESIDENCIA 2026 - 2 PROY,Presidencia 2V proy.,2026,22003,Proyección junio 2026,17
TOLIMA,Votos nulos,2026-05-01,PRESIDENCIA 2026 - 1,Presidencia 1V,2026,9281,MMV mayo 2026,16
TOLIMA,Votos nulos,2026-06-01,PRESIDENCIA 2026 - 2 PROY,Presidencia 2V proy.,2026,6972,Proyección junio 2026,17
TOLIMA,Votos no marcados,2026-05-01,PRESIDENCIA 2026 - 1,Presidencia 1V,2026,1757,MMV mayo 2026,16
TOLIMA,Votos no marcados,2026-06-01,PRESIDENCIA 2026 - 2 PROY,Presidencia 2V proy.,2026,1834,Proyección junio 2026,17
VALLE,Potencial,2026-05-01,PRESIDENCIA 2026 - 1,Presidencia 1V,2026,3793190,MMV mayo 2026,16
VALLE,Potencial,2026-06-01,PRESIDENCIA 2026 - 2 PROY,Presidencia 2V proy.,2026,3793190,Proyección junio 2026,17
VALLE,Sufragantes,2026-05-01,PRESIDENCIA 2026 - 1,Presidencia 1V,2026,2133237,MMV mayo 2026,16
VALLE,Sufragantes,2026-06-01,PRESIDENCIA 2026 - 2 PROY,Presidencia 2V proy.,2026,2103142,Proyección junio 2026,17
VALLE,Votos válidos,2026-05-01,PRESIDENCIA 2026 - 1,Presidencia 1V,2026,2106201,MMV mayo 2026,16
VALLE,Votos válidos,2026-06-01,PRESIDENCIA 2026 - 2 PROY,Presidencia 2V proy.,2026,2103142,Proyección junio 2026,17
VALLE,Votos por candidatos,2026-05-01,PRESIDENCIA 2026 - 1,Presidencia 1V,2026,2066204,MMV mayo 2026,16
VALLE,Votos por candidatos,2026-06-01,PRESIDENCIA 2026 - 2 PROY,Presidencia 2V proy.,2026,2033034,Proyección junio 2026,17
VALLE,Voto en blanco,2026-05-01,PRESIDENCIA 2026 - 1,Presidencia 1V,2026,39997,MMV mayo 2026,16
VALLE,Voto en blanco,2026-06-01,PRESIDENCIA 2026 - 2 PROY,Presidencia 2V proy.,2026,70108,Proyección junio 2026,17
VALLE,Votos nulos,2026-05-01,PRESIDENCIA 2026 - 1,Presidencia 1V,2026,23275,MMV mayo 2026,16
VALLE,Votos nulos,2026-06-01,PRESIDENCIA 2026 - 2 PROY,Presidencia 2V proy.,2026,0,Proyección junio 2026,17
VALLE,Votos no marcados,2026-05-01,PRESIDENCIA 2026 - 1,Presidencia 1V,2026,3761,MMV mayo 2026,16
VALLE,Votos no marcados,2026-06-01,PRESIDENCIA 2026 - 2 PROY,Presidencia 2V proy.,2026,0,Proyección junio 2026,17
VAUPES,Potencial,2026-05-01,PRESIDENCIA 2026 - 1,Presidencia 1V,2026,26110,MMV mayo 2026,16
VAUPES,Potencial,2026-06-01,PRESIDENCIA 2026 - 2 PROY,Presidencia 2V proy.,2026,26110,Proyección junio 2026,17
VAUPES,Sufragantes,2026-05-01,PRESIDENCIA 2026 - 1,Presidencia 1V,2026,9254,MMV mayo 2026,16
VAUPES,Sufragantes,2026-06-01,PRESIDENCIA 2026 - 2 PROY,Presidencia 2V proy.,2026,10371,Proyección junio 2026,17
VAUPES,Votos válidos,2026-05-01,PRESIDENCIA 2026 - 1,Presidencia 1V,2026,9178,MMV mayo 2026,16
VAUPES,Votos válidos,2026-06-01,PRESIDENCIA 2026 - 2 PROY,Presidencia 2V proy.,2026,9983,Proyección junio 2026,17
VAUPES,Votos por candidatos,2026-05-01,PRESIDENCIA 2026 - 1,Presidencia 1V,2026,9037,MMV mayo 2026,16
VAUPES,Votos por candidatos,2026-06-01,PRESIDENCIA 2026 - 2 PROY,Presidencia 2V proy.,2026,9730,Proyección junio 2026,17
VAUPES,Voto en blanco,2026-05-01,PRESIDENCIA 2026 - 1,Presidencia 1V,2026,141,MMV mayo 2026,16
VAUPES,Voto en blanco,2026-06-01,PRESIDENCIA 2026 - 2 PROY,Presidencia 2V proy.,2026,253,Proyección junio 2026,17
VAUPES,Votos nulos,2026-05-01,PRESIDENCIA 2026 - 1,Presidencia 1V,2026,46,MMV mayo 2026,16
VAUPES,Votos nulos,2026-06-01,PRESIDENCIA 2026 - 2 PROY,Presidencia 2V proy.,2026,197,Proyección junio 2026,17
VAUPES,Votos no marcados,2026-05-01,PRESIDENCIA 2026 - 1,Presidencia 1V,2026,30,MMV mayo 2026,16
VAUPES,Votos no marcados,2026-06-01,PRESIDENCIA 2026 - 2 PROY,Presidencia 2V proy.,2026,191,Proyección junio 2026,17
VICHADA,Potencial,2026-05-01,PRESIDENCIA 2026 - 1,Presidencia 1V,2026,57355,MMV mayo 2026,16
VICHADA,Potencial,2026-06-01,PRESIDENCIA 2026 - 2 PROY,Presidencia 2V proy.,2026,57355,Proyección junio 2026,17
VICHADA,Sufragantes,2026-05-01,PRESIDENCIA 2026 - 1,Presidencia 1V,2026,21571,MMV mayo 2026,16
VICHADA,Sufragantes,2026-06-01,PRESIDENCIA 2026 - 2 PROY,Presidencia 2V proy.,2026,24085,Proyección junio 2026,17
VICHADA,Votos válidos,2026-05-01,PRESIDENCIA 2026 - 1,Presidencia 1V,2026,21307,MMV mayo 2026,16
VICHADA,Votos válidos,2026-06-01,PRESIDENCIA 2026 - 2 PROY,Presidencia 2V proy.,2026,23217,Proyección junio 2026,17
VICHADA,Votos por candidatos,2026-05-01,PRESIDENCIA 2026 - 1,Presidencia 1V,2026,20973,MMV mayo 2026,16
VICHADA,Votos por candidatos,2026-06-01,PRESIDENCIA 2026 - 2 PROY,Presidencia 2V proy.,2026,22685,Proyección junio 2026,17
VICHADA,Voto en blanco,2026-05-01,PRESIDENCIA 2026 - 1,Presidencia 1V,2026,334,MMV mayo 2026,16
VICHADA,Voto en blanco,2026-06-01,PRESIDENCIA 2026 - 2 PROY,Presidencia 2V proy.,2026,532,Proyección junio 2026,17
VICHADA,Votos nulos,2026-05-01,PRESIDENCIA 2026 - 1,Presidencia 1V,2026,169,MMV mayo 2026,16
VICHADA,Votos nulos,2026-06-01,PRESIDENCIA 2026 - 2 PROY,Presidencia 2V proy.,2026,496,Proyección junio 2026,17
VICHADA,Votos no marcados,2026-05-01,PRESIDENCIA 2026 - 1,Presidencia 1V,2026,95,MMV mayo 2026,16
VICHADA,Votos no marcados,2026-06-01,PRESIDENCIA 2026 - 2 PROY,Presidencia 2V proy.,2026,372,Proyección junio 2026,17
